[     127ms] [INFO] %cDownload the React DevTools for a better development experience: https://react.dev/link/react-devtools font-weight:bold @ http://127.0.0.1:3000/Portfolio-bts/_next/static/chunks/node_modules_next_dist_115brz8._.js:2431
[     148ms] [LOG] [HMR] connected @ http://127.0.0.1:3000/Portfolio-bts/_next/static/chunks/node_modules_next_dist_115brz8._.js:2431
[   42429ms] [LOG] [Fast Refresh] rebuilding @ http://127.0.0.1:3000/Portfolio-bts/_next/static/chunks/node_modules_next_dist_115brz8._.js:2431
[   42466ms] [LOG] [Fast Refresh] done in 141ms @ http://127.0.0.1:3000/Portfolio-bts/_next/static/chunks/node_modules_next_dist_115brz8._.js:2431
[  183425ms] [LOG] [Fast Refresh] rebuilding @ http://127.0.0.1:3000/Portfolio-bts/_next/static/chunks/node_modules_next_dist_115brz8._.js:2431
[  183664ms] [LOG] [Fast Refresh] done in 99ms @ http://127.0.0.1:3000/Portfolio-bts/_next/static/chunks/node_modules_next_dist_115brz8._.js:2431
[  195021ms] [LOG] [Fast Refresh] rebuilding @ http://127.0.0.1:3000/Portfolio-bts/_next/static/chunks/node_modules_next_dist_115brz8._.js:2431
[  195112ms] [LOG] [Fast Refresh] done in 69ms @ http://127.0.0.1:3000/Portfolio-bts/_next/static/chunks/node_modules_next_dist_115brz8._.js:2431
[  205227ms] [LOG] [Fast Refresh] rebuilding @ http://127.0.0.1:3000/Portfolio-bts/_next/static/chunks/node_modules_next_dist_115brz8._.js:2431
[  205423ms] [LOG] [Fast Refresh] done in 125ms @ http://127.0.0.1:3000/Portfolio-bts/_next/static/chunks/node_modules_next_dist_115brz8._.js:2431
[  223526ms] [LOG] [Fast Refresh] rebuilding @ http://127.0.0.1:3000/Portfolio-bts/_next/static/chunks/node_modules_next_dist_115brz8._.js:2431
[  223708ms] [LOG] [Fast Refresh] done in 296ms @ http://127.0.0.1:3000/Portfolio-bts/_next/static/chunks/node_modules_next_dist_115brz8._.js:2431
[  460448ms] [LOG] [Fast Refresh] rebuilding @ http://127.0.0.1:3000/Portfolio-bts/_next/static/chunks/node_modules_next_dist_115brz8._.js:2431
[  460538ms] [LOG] [Fast Refresh] done in 39ms @ http://127.0.0.1:3000/Portfolio-bts/_next/static/chunks/node_modules_next_dist_115brz8._.js:2431
[  472259ms] [LOG] [Fast Refresh] rebuilding @ http://127.0.0.1:3000/Portfolio-bts/_next/static/chunks/node_modules_next_dist_115brz8._.js:2431
[  472480ms] [LOG] [Fast Refresh] done in 73ms @ http://127.0.0.1:3000/Portfolio-bts/_next/static/chunks/node_modules_next_dist_115brz8._.js:2431
[  477866ms] [LOG] [Fast Refresh] rebuilding @ http://127.0.0.1:3000/Portfolio-bts/_next/static/chunks/node_modules_next_dist_115brz8._.js:2431
[  477969ms] [ERROR] ./app/projets/page.tsx:3:1
Module not found: Can't resolve '@/components/portfolio/visual-preview'
  1 | import Link from "next/link";
  2 | import { ArrowUpRight } from "lucide-react";
> 3 | import { VisualPreview } from "@/components/portfolio/visual-preview";
    | ^^^^^^^^^^^^^^^^^^^^^^^^^^^^^^^^^^^^^^^^^^^^^^^^^^^^^^^^^^^^^^^^^^^^^^
  4 | import { competencies, projects, getCategoryLabel } from "@/lib/data";
  5 | import { getProjectCategorySections } from "@/lib/view-models/projects";
  6 |

Import map: aliased to relative './components/portfolio/visual-preview' inside of [project]/

https://nextjs.org/docs/messages/module-not-found @ http://127.0.0.1:3000/Portfolio-bts/_next/static/chunks/node_modules_next_dist_115brz8._.js:3272
[  477969ms] [ERROR] ./app/veille/page.tsx:3:1
Module not found: Can't resolve '@/components/portfolio/visual-preview'
  1 | import Link from "next/link";
  2 | import { ArrowUpRight } from "lucide-react";
> 3 | import { VisualPreview } from "@/components/portfolio/visual-preview";
    | ^^^^^^^^^^^^^^^^^^^^^^^^^^^^^^^^^^^^^^^^^^^^^^^^^^^^^^^^^^^^^^^^^^^^^^
  4 | import { Badge } from "@/components/ui/badge";
  5 | import { watchEntries } from "@/lib/data";
  6 |

Import map: aliased to relative './components/portfolio/visual-preview' inside of [project]/

https://nextjs.org/docs/messages/module-not-found @ http://127.0.0.1:3000/Portfolio-bts/_next/static/chunks/node_modules_next_dist_115brz8._.js:3272
[  478014ms] [ERROR] ./app/projets/page.tsx:3:1
Module not found: Can't resolve '@/components/portfolio/visual-preview'
  1 | import Link from "next/link";
  2 | import { ArrowUpRight } from "lucide-react";
> 3 | import { VisualPreview } from "@/components/portfolio/visual-preview";
    | ^^^^^^^^^^^^^^^^^^^^^^^^^^^^^^^^^^^^^^^^^^^^^^^^^^^^^^^^^^^^^^^^^^^^^^
  4 | import { competencies, projects, getCategoryLabel } from "@/lib/data";
  5 | import { getProjectCategorySections } from "@/lib/view-models/projects";
  6 |

Import map: aliased to relative './components/portfolio/visual-preview' inside of [project]/

https://nextjs.org/docs/messages/module-not-found @ http://127.0.0.1:3000/Portfolio-bts/_next/static/chunks/node_modules_next_dist_115brz8._.js:3272
[  478016ms] [ERROR] ./app/veille/page.tsx:3:1
Module not found: Can't resolve '@/components/portfolio/visual-preview'
  1 | import Link from "next/link";
  2 | import { ArrowUpRight } from "lucide-react";
> 3 | import { VisualPreview } from "@/components/portfolio/visual-preview";
    | ^^^^^^^^^^^^^^^^^^^^^^^^^^^^^^^^^^^^^^^^^^^^^^^^^^^^^^^^^^^^^^^^^^^^^^
  4 | import { Badge } from "@/components/ui/badge";
  5 | import { watchEntries } from "@/lib/data";
  6 |

Import map: aliased to relative './components/portfolio/visual-preview' inside of [project]/

https://nextjs.org/docs/messages/module-not-found @ http://127.0.0.1:3000/Portfolio-bts/_next/static/chunks/node_modules_next_dist_115brz8._.js:3272
[  478117ms] [LOG] [Fast Refresh] rebuilding @ http://127.0.0.1:3000/Portfolio-bts/_next/static/chunks/node_modules_next_dist_115brz8._.js:2431
[  478358ms] [ERROR] ./app/projets/page.tsx:3:1
Module not found: Can't resolve '@/components/portfolio/visual-preview'
  1 | import Link from "next/link";
  2 | import { ArrowUpRight } from "lucide-react";
> 3 | import { VisualPreview } from "@/components/portfolio/visual-preview";
    | ^^^^^^^^^^^^^^^^^^^^^^^^^^^^^^^^^^^^^^^^^^^^^^^^^^^^^^^^^^^^^^^^^^^^^^
  4 | import { competencies, projects, getCategoryLabel } from "@/lib/data";
  5 | import { getProjectCategorySections } from "@/lib/view-models/projects";
  6 |

Import map: aliased to relative './components/portfolio/visual-preview' inside of [project]/

https://nextjs.org/docs/messages/module-not-found @ http://127.0.0.1:3000/Portfolio-bts/_next/static/chunks/node_modules_next_dist_115brz8._.js:3272
[  478358ms] [ERROR] ./app/veille/page.tsx:3:1
Module not found: Can't resolve '@/components/portfolio/visual-preview'
  1 | import Link from "next/link";
  2 | import { ArrowUpRight } from "lucide-react";
> 3 | import { VisualPreview } from "@/components/portfolio/visual-preview";
    | ^^^^^^^^^^^^^^^^^^^^^^^^^^^^^^^^^^^^^^^^^^^^^^^^^^^^^^^^^^^^^^^^^^^^^^
  4 | import { Badge } from "@/components/ui/badge";
  5 | import { watchEntries } from "@/lib/data";
  6 |

Import map: aliased to relative './components/portfolio/visual-preview' inside of [project]/

https://nextjs.org/docs/messages/module-not-found @ http://127.0.0.1:3000/Portfolio-bts/_next/static/chunks/node_modules_next_dist_115brz8._.js:3272
[  478406ms] [ERROR] ./app/projets/page.tsx:3:1
Module not found: Can't resolve '@/components/portfolio/visual-preview'
  1 | import Link from "next/link";
  2 | import { ArrowUpRight } from "lucide-react";
> 3 | import { VisualPreview } from "@/components/portfolio/visual-preview";
    | ^^^^^^^^^^^^^^^^^^^^^^^^^^^^^^^^^^^^^^^^^^^^^^^^^^^^^^^^^^^^^^^^^^^^^^
  4 | import { competencies, projects, getCategoryLabel } from "@/lib/data";
  5 | import { getProjectCategorySections } from "@/lib/view-models/projects";
  6 |

Import map: aliased to relative './components/portfolio/visual-preview' inside of [project]/

https://nextjs.org/docs/messages/module-not-found @ http://127.0.0.1:3000/Portfolio-bts/_next/static/chunks/node_modules_next_dist_115brz8._.js:3272
[  478406ms] [ERROR] ./app/veille/page.tsx:3:1
Module not found: Can't resolve '@/components/portfolio/visual-preview'
  1 | import Link from "next/link";
  2 | import { ArrowUpRight } from "lucide-react";
> 3 | import { VisualPreview } from "@/components/portfolio/visual-preview";
    | ^^^^^^^^^^^^^^^^^^^^^^^^^^^^^^^^^^^^^^^^^^^^^^^^^^^^^^^^^^^^^^^^^^^^^^
  4 | import { Badge } from "@/components/ui/badge";
  5 | import { watchEntries } from "@/lib/data";
  6 |

Import map: aliased to relative './components/portfolio/visual-preview' inside of [project]/

https://nextjs.org/docs/messages/module-not-found @ http://127.0.0.1:3000/Portfolio-bts/_next/static/chunks/node_modules_next_dist_115brz8._.js:3272
[  478522ms] [LOG] [Fast Refresh] rebuilding @ http://127.0.0.1:3000/Portfolio-bts/_next/static/chunks/node_modules_next_dist_115brz8._.js:2431
[  478574ms] [ERROR] ./app/projets/page.tsx:3:1
Module not found: Can't resolve '@/components/portfolio/visual-preview'
  1 | import Link from "next/link";
  2 | import { ArrowUpRight } from "lucide-react";
> 3 | import { VisualPreview } from "@/components/portfolio/visual-preview";
    | ^^^^^^^^^^^^^^^^^^^^^^^^^^^^^^^^^^^^^^^^^^^^^^^^^^^^^^^^^^^^^^^^^^^^^^
  4 | import { competencies, projects, getCategoryLabel } from "@/lib/data";
  5 | import { getProjectCategorySections } from "@/lib/view-models/projects";
  6 |

Import map: aliased to relative './components/portfolio/visual-preview' inside of [project]/

https://nextjs.org/docs/messages/module-not-found @ http://127.0.0.1:3000/Portfolio-bts/_next/static/chunks/node_modules_next_dist_115brz8._.js:3272
[  478574ms] [ERROR] ./app/veille/page.tsx:3:1
Module not found: Can't resolve '@/components/portfolio/visual-preview'
  1 | import Link from "next/link";
  2 | import { ArrowUpRight } from "lucide-react";
> 3 | import { VisualPreview } from "@/components/portfolio/visual-preview";
    | ^^^^^^^^^^^^^^^^^^^^^^^^^^^^^^^^^^^^^^^^^^^^^^^^^^^^^^^^^^^^^^^^^^^^^^
  4 | import { Badge } from "@/components/ui/badge";
  5 | import { watchEntries } from "@/lib/data";
  6 |

Import map: aliased to relative './components/portfolio/visual-preview' inside of [project]/

https://nextjs.org/docs/messages/module-not-found @ http://127.0.0.1:3000/Portfolio-bts/_next/static/chunks/node_modules_next_dist_115brz8._.js:3272
[  478673ms] [ERROR] ./app/projets/page.tsx:3:1
Module not found: Can't resolve '@/components/portfolio/visual-preview'
  1 | import Link from "next/link";
  2 | import { ArrowUpRight } from "lucide-react";
> 3 | import { VisualPreview } from "@/components/portfolio/visual-preview";
    | ^^^^^^^^^^^^^^^^^^^^^^^^^^^^^^^^^^^^^^^^^^^^^^^^^^^^^^^^^^^^^^^^^^^^^^
  4 | import { competencies, projects, getCategoryLabel } from "@/lib/data";
  5 | import { getProjectCategorySections } from "@/lib/view-models/projects";
  6 |

Import map: aliased to relative './components/portfolio/visual-preview' inside of [project]/

https://nextjs.org/docs/messages/module-not-found @ http://127.0.0.1:3000/Portfolio-bts/_next/static/chunks/node_modules_next_dist_115brz8._.js:3272
[  478673ms] [ERROR] ./app/veille/page.tsx:3:1
Module not found: Can't resolve '@/components/portfolio/visual-preview'
  1 | import Link from "next/link";
  2 | import { ArrowUpRight } from "lucide-react";
> 3 | import { VisualPreview } from "@/components/portfolio/visual-preview";
    | ^^^^^^^^^^^^^^^^^^^^^^^^^^^^^^^^^^^^^^^^^^^^^^^^^^^^^^^^^^^^^^^^^^^^^^
  4 | import { Badge } from "@/components/ui/badge";
  5 | import { watchEntries } from "@/lib/data";
  6 |

Import map: aliased to relative './components/portfolio/visual-preview' inside of [project]/

https://nextjs.org/docs/messages/module-not-found @ http://127.0.0.1:3000/Portfolio-bts/_next/static/chunks/node_modules_next_dist_115brz8._.js:3272
[  478675ms] [ERROR] ./app/projets/page.tsx:3:1
Module not found: Can't resolve '@/components/portfolio/visual-preview'
  1 | import Link from "next/link";
  2 | import { ArrowUpRight } from "lucide-react";
> 3 | import { VisualPreview } from "@/components/portfolio/visual-preview";
    | ^^^^^^^^^^^^^^^^^^^^^^^^^^^^^^^^^^^^^^^^^^^^^^^^^^^^^^^^^^^^^^^^^^^^^^
  4 | import { competencies, projects, getCategoryLabel } from "@/lib/data";
  5 | import { getProjectCategorySections } from "@/lib/view-models/projects";
  6 |

Import map: aliased to relative './components/portfolio/visual-preview' inside of [project]/

https://nextjs.org/docs/messages/module-not-found @ http://127.0.0.1:3000/Portfolio-bts/_next/static/chunks/node_modules_next_dist_115brz8._.js:3272
[  478676ms] [ERROR] ./app/veille/page.tsx:3:1
Module not found: Can't resolve '@/components/portfolio/visual-preview'
  1 | import Link from "next/link";
  2 | import { ArrowUpRight } from "lucide-react";
> 3 | import { VisualPreview } from "@/components/portfolio/visual-preview";
    | ^^^^^^^^^^^^^^^^^^^^^^^^^^^^^^^^^^^^^^^^^^^^^^^^^^^^^^^^^^^^^^^^^^^^^^
  4 | import { Badge } from "@/components/ui/badge";
  5 | import { watchEntries } from "@/lib/data";
  6 |

Import map: aliased to relative './components/portfolio/visual-preview' inside of [project]/

https://nextjs.org/docs/messages/module-not-found @ http://127.0.0.1:3000/Portfolio-bts/_next/static/chunks/node_modules_next_dist_115brz8._.js:3272
[  478678ms] [ERROR] Failed to load resource: the server responded with a status of 500 (Internal Server Error) @ http://127.0.0.1:3000/Portfolio-bts/veille/?_rsc=1rhpa:0
[  478767ms] [ERROR] Failed to load resource: the server responded with a status of 500 (Internal Server Error) @ http://127.0.0.1:3000/Portfolio-bts/veille/?_rsc=1rhpa:0
[  478776ms] [ERROR] Failed to load resource: the server responded with a status of 500 (Internal Server Error) @ http://127.0.0.1:3000/Portfolio-bts/veille/:0
[  478949ms] [INFO] %cDownload the React DevTools for a better development experience: https://react.dev/link/react-devtools font-weight:bold @ http://127.0.0.1:3000/Portfolio-bts/_next/static/chunks/node_modules_react-dom_0bruynb._.js:15305
[  479009ms] Error: ./app/projets/page.tsx:3:1
Module not found: Can't resolve '@/components/portfolio/visual-preview'
  1 | import Link from "next/link";
  2 | import { ArrowUpRight } from "lucide-react";
> 3 | import { VisualPreview } from "@/components/portfolio/visual-preview";
    | ^^^^^^^^^^^^^^^^^^^^^^^^^^^^^^^^^^^^^^^^^^^^^^^^^^^^^^^^^^^^^^^^^^^^^^
  4 | import { competencies, projects, getCategoryLabel } from "@/lib/data";
  5 | import { getProjectCategorySections } from "@/lib/view-models/projects";
  6 |

Import map: aliased to relative './components/portfolio/visual-preview' inside of [project]/


https://nextjs.org/docs/messages/module-not-found


    at <unknown> (Error: ./app/projets/page.tsx:3:1)
    at <unknown> (https://nextjs.org/docs/messages/module-not-found)
    at Object.getCompilationErrors (file://D:\Projects\School\Portfolio-bts\node_modules\next\dist\server\dev\hot-reloader-turbopack.js:1189:59)
    at DevBundlerService.getCompilationError (file://D:\Projects\School\Portfolio-bts\node_modules\next\dist\server\lib\dev-bundler-service.js:44:55)
    at DevServer.getCompilationError (file://D:\Projects\School\Portfolio-bts\node_modules\next\dist\server\dev\next-dev-server.js:719:42)
    at DevServer.findPageComponents (file://D:\Projects\School\Portfolio-bts\node_modules\next\dist\server\dev\next-dev-server.js:689:43)
    at async DevServer.renderErrorToResponseImpl (file://D:\Projects\School\Portfolio-bts\node_modules\next\dist\server\base-server.js:1745:26)
[  479011ms] [LOG] [HMR] connected @ http://127.0.0.1:3000/Portfolio-bts/_next/static/chunks/node_modules_next_dist_0u_w_5s._.js:1226
[  479022ms] [ERROR] ./app/projets/page.tsx:3:1
Module not found: Can't resolve '@/components/portfolio/visual-preview'
  1 | import Link from "next/link";
  2 | import { ArrowUpRight } from "lucide-react";
> 3 | import { VisualPreview } from "@/components/portfolio/visual-preview";
    | ^^^^^^^^^^^^^^^^^^^^^^^^^^^^^^^^^^^^^^^^^^^^^^^^^^^^^^^^^^^^^^^^^^^^^^
  4 | import { competencies, projects, getCategoryLabel } from "@/lib/data";
  5 | import { getProjectCategorySections } from "@/lib/view-models/projects";
  6 |

Import map: aliased to relative './components/portfolio/visual-preview' inside of [project]/

https://nextjs.org/docs/messages/module-not-found @ http://127.0.0.1:3000/Portfolio-bts/_next/static/chunks/node_modules_next_dist_0u_w_5s._.js:1945
[  479022ms] [ERROR] ./app/veille/page.tsx:3:1
Module not found: Can't resolve '@/components/portfolio/visual-preview'
  1 | import Link from "next/link";
  2 | import { ArrowUpRight } from "lucide-react";
> 3 | import { VisualPreview } from "@/components/portfolio/visual-preview";
    | ^^^^^^^^^^^^^^^^^^^^^^^^^^^^^^^^^^^^^^^^^^^^^^^^^^^^^^^^^^^^^^^^^^^^^^
  4 | import { Badge } from "@/components/ui/badge";
  5 | import { watchEntries } from "@/lib/data";
  6 |

Import map: aliased to relative './components/portfolio/visual-preview' inside of [project]/

https://nextjs.org/docs/messages/module-not-found @ http://127.0.0.1:3000/Portfolio-bts/_next/static/chunks/node_modules_next_dist_0u_w_5s._.js:1945
[  479049ms] [ERROR] ./app/projets/page.tsx:3:1
Module not found: Can't resolve '@/components/portfolio/visual-preview'
  1 | import Link from "next/link";
  2 | import { ArrowUpRight } from "lucide-react";
> 3 | import { VisualPreview } from "@/components/portfolio/visual-preview";
    | ^^^^^^^^^^^^^^^^^^^^^^^^^^^^^^^^^^^^^^^^^^^^^^^^^^^^^^^^^^^^^^^^^^^^^^
  4 | import { competencies, projects, getCategoryLabel } from "@/lib/data";
  5 | import { getProjectCategorySections } from "@/lib/view-models/projects";
  6 |

Import map: aliased to relative './components/portfolio/visual-preview' inside of [project]/

https://nextjs.org/docs/messages/module-not-found @ http://127.0.0.1:3000/Portfolio-bts/_next/static/chunks/node_modules_next_dist_0u_w_5s._.js:1945
[  479049ms] [ERROR] ./app/veille/page.tsx:3:1
Module not found: Can't resolve '@/components/portfolio/visual-preview'
  1 | import Link from "next/link";
  2 | import { ArrowUpRight } from "lucide-react";
> 3 | import { VisualPreview } from "@/components/portfolio/visual-preview";
    | ^^^^^^^^^^^^^^^^^^^^^^^^^^^^^^^^^^^^^^^^^^^^^^^^^^^^^^^^^^^^^^^^^^^^^^
  4 | import { Badge } from "@/components/ui/badge";
  5 | import { watchEntries } from "@/lib/data";
  6 |

Import map: aliased to relative './components/portfolio/visual-preview' inside of [project]/

https://nextjs.org/docs/messages/module-not-found @ http://127.0.0.1:3000/Portfolio-bts/_next/static/chunks/node_modules_next_dist_0u_w_5s._.js:1945
[  479116ms] [ERROR] ./app/projets/page.tsx:3:1
Module not found: Can't resolve '@/components/portfolio/visual-preview'
  1 | import Link from "next/link";
  2 | import { ArrowUpRight } from "lucide-react";
> 3 | import { VisualPreview } from "@/components/portfolio/visual-preview";
    | ^^^^^^^^^^^^^^^^^^^^^^^^^^^^^^^^^^^^^^^^^^^^^^^^^^^^^^^^^^^^^^^^^^^^^^
  4 | import { competencies, projects, getCategoryLabel } from "@/lib/data";
  5 | import { getProjectCategorySections } from "@/lib/view-models/projects";
  6 |

Import map: aliased to relative './components/portfolio/visual-preview' inside of [project]/

https://nextjs.org/docs/messages/module-not-found @ http://127.0.0.1:3000/Portfolio-bts/_next/static/chunks/node_modules_next_dist_0u_w_5s._.js:1945
[  479116ms] [ERROR] ./app/veille/page.tsx:3:1
Module not found: Can't resolve '@/components/portfolio/visual-preview'
  1 | import Link from "next/link";
  2 | import { ArrowUpRight } from "lucide-react";
> 3 | import { VisualPreview } from "@/components/portfolio/visual-preview";
    | ^^^^^^^^^^^^^^^^^^^^^^^^^^^^^^^^^^^^^^^^^^^^^^^^^^^^^^^^^^^^^^^^^^^^^^
  4 | import { Badge } from "@/components/ui/badge";
  5 | import { watchEntries } from "@/lib/data";
  6 |

Import map: aliased to relative './components/portfolio/visual-preview' inside of [project]/

https://nextjs.org/docs/messages/module-not-found @ http://127.0.0.1:3000/Portfolio-bts/_next/static/chunks/node_modules_next_dist_0u_w_5s._.js:1945
[  479178ms] [ERROR] ./app/projets/page.tsx:3:1
Module not found: Can't resolve '@/components/portfolio/visual-preview'
  1 | import Link from "next/link";
  2 | import { ArrowUpRight } from "lucide-react";
> 3 | import { VisualPreview } from "@/components/portfolio/visual-preview";
    | ^^^^^^^^^^^^^^^^^^^^^^^^^^^^^^^^^^^^^^^^^^^^^^^^^^^^^^^^^^^^^^^^^^^^^^
  4 | import { competencies, projects, getCategoryLabel } from "@/lib/data";
  5 | import { getProjectCategorySections } from "@/lib/view-models/projects";
  6 |

Import map: aliased to relative './components/portfolio/visual-preview' inside of [project]/

https://nextjs.org/docs/messages/module-not-found @ http://127.0.0.1:3000/Portfolio-bts/_next/static/chunks/node_modules_next_dist_0u_w_5s._.js:1945
[  479178ms] [ERROR] ./app/veille/page.tsx:3:1
Module not found: Can't resolve '@/components/portfolio/visual-preview'
  1 | import Link from "next/link";
  2 | import { ArrowUpRight } from "lucide-react";
> 3 | import { VisualPreview } from "@/components/portfolio/visual-preview";
    | ^^^^^^^^^^^^^^^^^^^^^^^^^^^^^^^^^^^^^^^^^^^^^^^^^^^^^^^^^^^^^^^^^^^^^^
  4 | import { Badge } from "@/components/ui/badge";
  5 | import { watchEntries } from "@/lib/data";
  6 |

Import map: aliased to relative './components/portfolio/visual-preview' inside of [project]/

https://nextjs.org/docs/messages/module-not-found @ http://127.0.0.1:3000/Portfolio-bts/_next/static/chunks/node_modules_next_dist_0u_w_5s._.js:1945
[  479240ms] [ERROR] ./app/projets/page.tsx:3:1
Module not found: Can't resolve '@/components/portfolio/visual-preview'
  1 | import Link from "next/link";
  2 | import { ArrowUpRight } from "lucide-react";
> 3 | import { VisualPreview } from "@/components/portfolio/visual-preview";
    | ^^^^^^^^^^^^^^^^^^^^^^^^^^^^^^^^^^^^^^^^^^^^^^^^^^^^^^^^^^^^^^^^^^^^^^
  4 | import { competencies, projects, getCategoryLabel } from "@/lib/data";
  5 | import { getProjectCategorySections } from "@/lib/view-models/projects";
  6 |

Import map: aliased to relative './components/portfolio/visual-preview' inside of [project]/

https://nextjs.org/docs/messages/module-not-found @ http://127.0.0.1:3000/Portfolio-bts/_next/static/chunks/node_modules_next_dist_0u_w_5s._.js:1945
[  479240ms] [ERROR] ./app/veille/page.tsx:3:1
Module not found: Can't resolve '@/components/portfolio/visual-preview'
  1 | import Link from "next/link";
  2 | import { ArrowUpRight } from "lucide-react";
> 3 | import { VisualPreview } from "@/components/portfolio/visual-preview";
    | ^^^^^^^^^^^^^^^^^^^^^^^^^^^^^^^^^^^^^^^^^^^^^^^^^^^^^^^^^^^^^^^^^^^^^^
  4 | import { Badge } from "@/components/ui/badge";
  5 | import { watchEntries } from "@/lib/data";
  6 |

Import map: aliased to relative './components/portfolio/visual-preview' inside of [project]/

https://nextjs.org/docs/messages/module-not-found @ http://127.0.0.1:3000/Portfolio-bts/_next/static/chunks/node_modules_next_dist_0u_w_5s._.js:1945
[  479302ms] [ERROR] ./app/projets/page.tsx:3:1
Module not found: Can't resolve '@/components/portfolio/visual-preview'
  1 | import Link from "next/link";
  2 | import { ArrowUpRight } from "lucide-react";
> 3 | import { VisualPreview } from "@/components/portfolio/visual-preview";
    | ^^^^^^^^^^^^^^^^^^^^^^^^^^^^^^^^^^^^^^^^^^^^^^^^^^^^^^^^^^^^^^^^^^^^^^
  4 | import { competencies, projects, getCategoryLabel } from "@/lib/data";
  5 | import { getProjectCategorySections } from "@/lib/view-models/projects";
  6 |

Import map: aliased to relative './components/portfolio/visual-preview' inside of [project]/

https://nextjs.org/docs/messages/module-not-found @ http://127.0.0.1:3000/Portfolio-bts/_next/static/chunks/node_modules_next_dist_0u_w_5s._.js:1945
[  479302ms] [ERROR] ./app/veille/page.tsx:3:1
Module not found: Can't resolve '@/components/portfolio/visual-preview'
  1 | import Link from "next/link";
  2 | import { ArrowUpRight } from "lucide-react";
> 3 | import { VisualPreview } from "@/components/portfolio/visual-preview";
    | ^^^^^^^^^^^^^^^^^^^^^^^^^^^^^^^^^^^^^^^^^^^^^^^^^^^^^^^^^^^^^^^^^^^^^^
  4 | import { Badge } from "@/components/ui/badge";
  5 | import { watchEntries } from "@/lib/data";
  6 |

Import map: aliased to relative './components/portfolio/visual-preview' inside of [project]/

https://nextjs.org/docs/messages/module-not-found @ http://127.0.0.1:3000/Portfolio-bts/_next/static/chunks/node_modules_next_dist_0u_w_5s._.js:1945
[  479365ms] [ERROR] ./app/projets/page.tsx:3:1
Module not found: Can't resolve '@/components/portfolio/visual-preview'
  1 | import Link from "next/link";
  2 | import { ArrowUpRight } from "lucide-react";
> 3 | import { VisualPreview } from "@/components/portfolio/visual-preview";
    | ^^^^^^^^^^^^^^^^^^^^^^^^^^^^^^^^^^^^^^^^^^^^^^^^^^^^^^^^^^^^^^^^^^^^^^
  4 | import { competencies, projects, getCategoryLabel } from "@/lib/data";
  5 | import { getProjectCategorySections } from "@/lib/view-models/projects";
  6 |

Import map: aliased to relative './components/portfolio/visual-preview' inside of [project]/

https://nextjs.org/docs/messages/module-not-found @ http://127.0.0.1:3000/Portfolio-bts/_next/static/chunks/node_modules_next_dist_0u_w_5s._.js:1945
[  479365ms] [ERROR] ./app/veille/page.tsx:3:1
Module not found: Can't resolve '@/components/portfolio/visual-preview'
  1 | import Link from "next/link";
  2 | import { ArrowUpRight } from "lucide-react";
> 3 | import { VisualPreview } from "@/components/portfolio/visual-preview";
    | ^^^^^^^^^^^^^^^^^^^^^^^^^^^^^^^^^^^^^^^^^^^^^^^^^^^^^^^^^^^^^^^^^^^^^^
  4 | import { Badge } from "@/components/ui/badge";
  5 | import { watchEntries } from "@/lib/data";
  6 |

Import map: aliased to relative './components/portfolio/visual-preview' inside of [project]/

https://nextjs.org/docs/messages/module-not-found @ http://127.0.0.1:3000/Portfolio-bts/_next/static/chunks/node_modules_next_dist_0u_w_5s._.js:1945
[  479427ms] [ERROR] ./app/projets/page.tsx:3:1
Module not found: Can't resolve '@/components/portfolio/visual-preview'
  1 | import Link from "next/link";
  2 | import { ArrowUpRight } from "lucide-react";
> 3 | import { VisualPreview } from "@/components/portfolio/visual-preview";
    | ^^^^^^^^^^^^^^^^^^^^^^^^^^^^^^^^^^^^^^^^^^^^^^^^^^^^^^^^^^^^^^^^^^^^^^
  4 | import { competencies, projects, getCategoryLabel } from "@/lib/data";
  5 | import { getProjectCategorySections } from "@/lib/view-models/projects";
  6 |

Import map: aliased to relative './components/portfolio/visual-preview' inside of [project]/

https://nextjs.org/docs/messages/module-not-found @ http://127.0.0.1:3000/Portfolio-bts/_next/static/chunks/node_modules_next_dist_0u_w_5s._.js:1945
[  479427ms] [ERROR] ./app/veille/page.tsx:3:1
Module not found: Can't resolve '@/components/portfolio/visual-preview'
  1 | import Link from "next/link";
  2 | import { ArrowUpRight } from "lucide-react";
> 3 | import { VisualPreview } from "@/components/portfolio/visual-preview";
    | ^^^^^^^^^^^^^^^^^^^^^^^^^^^^^^^^^^^^^^^^^^^^^^^^^^^^^^^^^^^^^^^^^^^^^^
  4 | import { Badge } from "@/components/ui/badge";
  5 | import { watchEntries } from "@/lib/data";
  6 |

Import map: aliased to relative './components/portfolio/visual-preview' inside of [project]/

https://nextjs.org/docs/messages/module-not-found @ http://127.0.0.1:3000/Portfolio-bts/_next/static/chunks/node_modules_next_dist_0u_w_5s._.js:1945
[  479488ms] [ERROR] ./app/projets/page.tsx:3:1
Module not found: Can't resolve '@/components/portfolio/visual-preview'
  1 | import Link from "next/link";
  2 | import { ArrowUpRight } from "lucide-react";
> 3 | import { VisualPreview } from "@/components/portfolio/visual-preview";
    | ^^^^^^^^^^^^^^^^^^^^^^^^^^^^^^^^^^^^^^^^^^^^^^^^^^^^^^^^^^^^^^^^^^^^^^
  4 | import { competencies, projects, getCategoryLabel } from "@/lib/data";
  5 | import { getProjectCategorySections } from "@/lib/view-models/projects";
  6 |

Import map: aliased to relative './components/portfolio/visual-preview' inside of [project]/

https://nextjs.org/docs/messages/module-not-found @ http://127.0.0.1:3000/Portfolio-bts/_next/static/chunks/node_modules_next_dist_0u_w_5s._.js:1945
[  479488ms] [ERROR] ./app/veille/page.tsx:3:1
Module not found: Can't resolve '@/components/portfolio/visual-preview'
  1 | import Link from "next/link";
  2 | import { ArrowUpRight } from "lucide-react";
> 3 | import { VisualPreview } from "@/components/portfolio/visual-preview";
    | ^^^^^^^^^^^^^^^^^^^^^^^^^^^^^^^^^^^^^^^^^^^^^^^^^^^^^^^^^^^^^^^^^^^^^^
  4 | import { Badge } from "@/components/ui/badge";
  5 | import { watchEntries } from "@/lib/data";
  6 |

Import map: aliased to relative './components/portfolio/visual-preview' inside of [project]/

https://nextjs.org/docs/messages/module-not-found @ http://127.0.0.1:3000/Portfolio-bts/_next/static/chunks/node_modules_next_dist_0u_w_5s._.js:1945
[  479548ms] [ERROR] ./app/projets/page.tsx:3:1
Module not found: Can't resolve '@/components/portfolio/visual-preview'
  1 | import Link from "next/link";
  2 | import { ArrowUpRight } from "lucide-react";
> 3 | import { VisualPreview } from "@/components/portfolio/visual-preview";
    | ^^^^^^^^^^^^^^^^^^^^^^^^^^^^^^^^^^^^^^^^^^^^^^^^^^^^^^^^^^^^^^^^^^^^^^
  4 | import { competencies, projects, getCategoryLabel } from "@/lib/data";
  5 | import { getProjectCategorySections } from "@/lib/view-models/projects";
  6 |

Import map: aliased to relative './components/portfolio/visual-preview' inside of [project]/

https://nextjs.org/docs/messages/module-not-found @ http://127.0.0.1:3000/Portfolio-bts/_next/static/chunks/node_modules_next_dist_0u_w_5s._.js:1945
[  479548ms] [ERROR] ./app/veille/page.tsx:3:1
Module not found: Can't resolve '@/components/portfolio/visual-preview'
  1 | import Link from "next/link";
  2 | import { ArrowUpRight } from "lucide-react";
> 3 | import { VisualPreview } from "@/components/portfolio/visual-preview";
    | ^^^^^^^^^^^^^^^^^^^^^^^^^^^^^^^^^^^^^^^^^^^^^^^^^^^^^^^^^^^^^^^^^^^^^^
  4 | import { Badge } from "@/components/ui/badge";
  5 | import { watchEntries } from "@/lib/data";
  6 |

Import map: aliased to relative './components/portfolio/visual-preview' inside of [project]/

https://nextjs.org/docs/messages/module-not-found @ http://127.0.0.1:3000/Portfolio-bts/_next/static/chunks/node_modules_next_dist_0u_w_5s._.js:1945
[  479612ms] [ERROR] ./app/projets/page.tsx:3:1
Module not found: Can't resolve '@/components/portfolio/visual-preview'
  1 | import Link from "next/link";
  2 | import { ArrowUpRight } from "lucide-react";
> 3 | import { VisualPreview } from "@/components/portfolio/visual-preview";
    | ^^^^^^^^^^^^^^^^^^^^^^^^^^^^^^^^^^^^^^^^^^^^^^^^^^^^^^^^^^^^^^^^^^^^^^
  4 | import { competencies, projects, getCategoryLabel } from "@/lib/data";
  5 | import { getProjectCategorySections } from "@/lib/view-models/projects";
  6 |

Import map: aliased to relative './components/portfolio/visual-preview' inside of [project]/

https://nextjs.org/docs/messages/module-not-found @ http://127.0.0.1:3000/Portfolio-bts/_next/static/chunks/node_modules_next_dist_0u_w_5s._.js:1945
[  479612ms] [ERROR] ./app/veille/page.tsx:3:1
Module not found: Can't resolve '@/components/portfolio/visual-preview'
  1 | import Link from "next/link";
  2 | import { ArrowUpRight } from "lucide-react";
> 3 | import { VisualPreview } from "@/components/portfolio/visual-preview";
    | ^^^^^^^^^^^^^^^^^^^^^^^^^^^^^^^^^^^^^^^^^^^^^^^^^^^^^^^^^^^^^^^^^^^^^^
  4 | import { Badge } from "@/components/ui/badge";
  5 | import { watchEntries } from "@/lib/data";
  6 |

Import map: aliased to relative './components/portfolio/visual-preview' inside of [project]/

https://nextjs.org/docs/messages/module-not-found @ http://127.0.0.1:3000/Portfolio-bts/_next/static/chunks/node_modules_next_dist_0u_w_5s._.js:1945
[  479674ms] [ERROR] ./app/projets/page.tsx:3:1
Module not found: Can't resolve '@/components/portfolio/visual-preview'
  1 | import Link from "next/link";
  2 | import { ArrowUpRight } from "lucide-react";
> 3 | import { VisualPreview } from "@/components/portfolio/visual-preview";
    | ^^^^^^^^^^^^^^^^^^^^^^^^^^^^^^^^^^^^^^^^^^^^^^^^^^^^^^^^^^^^^^^^^^^^^^
  4 | import { competencies, projects, getCategoryLabel } from "@/lib/data";
  5 | import { getProjectCategorySections } from "@/lib/view-models/projects";
  6 |

Import map: aliased to relative './components/portfolio/visual-preview' inside of [project]/

https://nextjs.org/docs/messages/module-not-found @ http://127.0.0.1:3000/Portfolio-bts/_next/static/chunks/node_modules_next_dist_0u_w_5s._.js:1945
[  479674ms] [ERROR] ./app/veille/page.tsx:3:1
Module not found: Can't resolve '@/components/portfolio/visual-preview'
  1 | import Link from "next/link";
  2 | import { ArrowUpRight } from "lucide-react";
> 3 | import { VisualPreview } from "@/components/portfolio/visual-preview";
    | ^^^^^^^^^^^^^^^^^^^^^^^^^^^^^^^^^^^^^^^^^^^^^^^^^^^^^^^^^^^^^^^^^^^^^^
  4 | import { Badge } from "@/components/ui/badge";
  5 | import { watchEntries } from "@/lib/data";
  6 |

Import map: aliased to relative './components/portfolio/visual-preview' inside of [project]/

https://nextjs.org/docs/messages/module-not-found @ http://127.0.0.1:3000/Portfolio-bts/_next/static/chunks/node_modules_next_dist_0u_w_5s._.js:1945
[  479736ms] [ERROR] ./app/projets/page.tsx:3:1
Module not found: Can't resolve '@/components/portfolio/visual-preview'
  1 | import Link from "next/link";
  2 | import { ArrowUpRight } from "lucide-react";
> 3 | import { VisualPreview } from "@/components/portfolio/visual-preview";
    | ^^^^^^^^^^^^^^^^^^^^^^^^^^^^^^^^^^^^^^^^^^^^^^^^^^^^^^^^^^^^^^^^^^^^^^
  4 | import { competencies, projects, getCategoryLabel } from "@/lib/data";
  5 | import { getProjectCategorySections } from "@/lib/view-models/projects";
  6 |

Import map: aliased to relative './components/portfolio/visual-preview' inside of [project]/

https://nextjs.org/docs/messages/module-not-found @ http://127.0.0.1:3000/Portfolio-bts/_next/static/chunks/node_modules_next_dist_0u_w_5s._.js:1945
[  479737ms] [ERROR] ./app/veille/page.tsx:3:1
Module not found: Can't resolve '@/components/portfolio/visual-preview'
  1 | import Link from "next/link";
  2 | import { ArrowUpRight } from "lucide-react";
> 3 | import { VisualPreview } from "@/components/portfolio/visual-preview";
    | ^^^^^^^^^^^^^^^^^^^^^^^^^^^^^^^^^^^^^^^^^^^^^^^^^^^^^^^^^^^^^^^^^^^^^^
  4 | import { Badge } from "@/components/ui/badge";
  5 | import { watchEntries } from "@/lib/data";
  6 |

Import map: aliased to relative './components/portfolio/visual-preview' inside of [project]/

https://nextjs.org/docs/messages/module-not-found @ http://127.0.0.1:3000/Portfolio-bts/_next/static/chunks/node_modules_next_dist_0u_w_5s._.js:1945
[  479799ms] [ERROR] ./app/projets/page.tsx:3:1
Module not found: Can't resolve '@/components/portfolio/visual-preview'
  1 | import Link from "next/link";
  2 | import { ArrowUpRight } from "lucide-react";
> 3 | import { VisualPreview } from "@/components/portfolio/visual-preview";
    | ^^^^^^^^^^^^^^^^^^^^^^^^^^^^^^^^^^^^^^^^^^^^^^^^^^^^^^^^^^^^^^^^^^^^^^
  4 | import { competencies, projects, getCategoryLabel } from "@/lib/data";
  5 | import { getProjectCategorySections } from "@/lib/view-models/projects";
  6 |

Import map: aliased to relative './components/portfolio/visual-preview' inside of [project]/

https://nextjs.org/docs/messages/module-not-found @ http://127.0.0.1:3000/Portfolio-bts/_next/static/chunks/node_modules_next_dist_0u_w_5s._.js:1945
[  479799ms] [ERROR] ./app/veille/page.tsx:3:1
Module not found: Can't resolve '@/components/portfolio/visual-preview'
  1 | import Link from "next/link";
  2 | import { ArrowUpRight } from "lucide-react";
> 3 | import { VisualPreview } from "@/components/portfolio/visual-preview";
    | ^^^^^^^^^^^^^^^^^^^^^^^^^^^^^^^^^^^^^^^^^^^^^^^^^^^^^^^^^^^^^^^^^^^^^^
  4 | import { Badge } from "@/components/ui/badge";
  5 | import { watchEntries } from "@/lib/data";
  6 |

Import map: aliased to relative './components/portfolio/visual-preview' inside of [project]/

https://nextjs.org/docs/messages/module-not-found @ http://127.0.0.1:3000/Portfolio-bts/_next/static/chunks/node_modules_next_dist_0u_w_5s._.js:1945
[  479862ms] [ERROR] ./app/projets/page.tsx:3:1
Module not found: Can't resolve '@/components/portfolio/visual-preview'
  1 | import Link from "next/link";
  2 | import { ArrowUpRight } from "lucide-react";
> 3 | import { VisualPreview } from "@/components/portfolio/visual-preview";
    | ^^^^^^^^^^^^^^^^^^^^^^^^^^^^^^^^^^^^^^^^^^^^^^^^^^^^^^^^^^^^^^^^^^^^^^
  4 | import { competencies, projects, getCategoryLabel } from "@/lib/data";
  5 | import { getProjectCategorySections } from "@/lib/view-models/projects";
  6 |

Import map: aliased to relative './components/portfolio/visual-preview' inside of [project]/

https://nextjs.org/docs/messages/module-not-found @ http://127.0.0.1:3000/Portfolio-bts/_next/static/chunks/node_modules_next_dist_0u_w_5s._.js:1945
[  479862ms] [ERROR] ./app/veille/page.tsx:3:1
Module not found: Can't resolve '@/components/portfolio/visual-preview'
  1 | import Link from "next/link";
  2 | import { ArrowUpRight } from "lucide-react";
> 3 | import { VisualPreview } from "@/components/portfolio/visual-preview";
    | ^^^^^^^^^^^^^^^^^^^^^^^^^^^^^^^^^^^^^^^^^^^^^^^^^^^^^^^^^^^^^^^^^^^^^^
  4 | import { Badge } from "@/components/ui/badge";
  5 | import { watchEntries } from "@/lib/data";
  6 |

Import map: aliased to relative './components/portfolio/visual-preview' inside of [project]/

https://nextjs.org/docs/messages/module-not-found @ http://127.0.0.1:3000/Portfolio-bts/_next/static/chunks/node_modules_next_dist_0u_w_5s._.js:1945
[  479925ms] [ERROR] ./app/projets/page.tsx:3:1
Module not found: Can't resolve '@/components/portfolio/visual-preview'
  1 | import Link from "next/link";
  2 | import { ArrowUpRight } from "lucide-react";
> 3 | import { VisualPreview } from "@/components/portfolio/visual-preview";
    | ^^^^^^^^^^^^^^^^^^^^^^^^^^^^^^^^^^^^^^^^^^^^^^^^^^^^^^^^^^^^^^^^^^^^^^
  4 | import { competencies, projects, getCategoryLabel } from "@/lib/data";
  5 | import { getProjectCategorySections } from "@/lib/view-models/projects";
  6 |

Import map: aliased to relative './components/portfolio/visual-preview' inside of [project]/

https://nextjs.org/docs/messages/module-not-found @ http://127.0.0.1:3000/Portfolio-bts/_next/static/chunks/node_modules_next_dist_0u_w_5s._.js:1945
[  479925ms] [ERROR] ./app/veille/page.tsx:3:1
Module not found: Can't resolve '@/components/portfolio/visual-preview'
  1 | import Link from "next/link";
  2 | import { ArrowUpRight } from "lucide-react";
> 3 | import { VisualPreview } from "@/components/portfolio/visual-preview";
    | ^^^^^^^^^^^^^^^^^^^^^^^^^^^^^^^^^^^^^^^^^^^^^^^^^^^^^^^^^^^^^^^^^^^^^^
  4 | import { Badge } from "@/components/ui/badge";
  5 | import { watchEntries } from "@/lib/data";
  6 |

Import map: aliased to relative './components/portfolio/visual-preview' inside of [project]/

https://nextjs.org/docs/messages/module-not-found @ http://127.0.0.1:3000/Portfolio-bts/_next/static/chunks/node_modules_next_dist_0u_w_5s._.js:1945
[  479988ms] [ERROR] ./app/projets/page.tsx:3:1
Module not found: Can't resolve '@/components/portfolio/visual-preview'
  1 | import Link from "next/link";
  2 | import { ArrowUpRight } from "lucide-react";
> 3 | import { VisualPreview } from "@/components/portfolio/visual-preview";
    | ^^^^^^^^^^^^^^^^^^^^^^^^^^^^^^^^^^^^^^^^^^^^^^^^^^^^^^^^^^^^^^^^^^^^^^
  4 | import { competencies, projects, getCategoryLabel } from "@/lib/data";
  5 | import { getProjectCategorySections } from "@/lib/view-models/projects";
  6 |

Import map: aliased to relative './components/portfolio/visual-preview' inside of [project]/

https://nextjs.org/docs/messages/module-not-found @ http://127.0.0.1:3000/Portfolio-bts/_next/static/chunks/node_modules_next_dist_0u_w_5s._.js:1945
[  479988ms] [ERROR] ./app/veille/page.tsx:3:1
Module not found: Can't resolve '@/components/portfolio/visual-preview'
  1 | import Link from "next/link";
  2 | import { ArrowUpRight } from "lucide-react";
> 3 | import { VisualPreview } from "@/components/portfolio/visual-preview";
    | ^^^^^^^^^^^^^^^^^^^^^^^^^^^^^^^^^^^^^^^^^^^^^^^^^^^^^^^^^^^^^^^^^^^^^^
  4 | import { Badge } from "@/components/ui/badge";
  5 | import { watchEntries } from "@/lib/data";
  6 |

Import map: aliased to relative './components/portfolio/visual-preview' inside of [project]/

https://nextjs.org/docs/messages/module-not-found @ http://127.0.0.1:3000/Portfolio-bts/_next/static/chunks/node_modules_next_dist_0u_w_5s._.js:1945
[  480052ms] [ERROR] ./app/projets/page.tsx:3:1
Module not found: Can't resolve '@/components/portfolio/visual-preview'
  1 | import Link from "next/link";
  2 | import { ArrowUpRight } from "lucide-react";
> 3 | import { VisualPreview } from "@/components/portfolio/visual-preview";
    | ^^^^^^^^^^^^^^^^^^^^^^^^^^^^^^^^^^^^^^^^^^^^^^^^^^^^^^^^^^^^^^^^^^^^^^
  4 | import { competencies, projects, getCategoryLabel } from "@/lib/data";
  5 | import { getProjectCategorySections } from "@/lib/view-models/projects";
  6 |

Import map: aliased to relative './components/portfolio/visual-preview' inside of [project]/

https://nextjs.org/docs/messages/module-not-found @ http://127.0.0.1:3000/Portfolio-bts/_next/static/chunks/node_modules_next_dist_0u_w_5s._.js:1945
[  480052ms] [ERROR] ./app/veille/page.tsx:3:1
Module not found: Can't resolve '@/components/portfolio/visual-preview'
  1 | import Link from "next/link";
  2 | import { ArrowUpRight } from "lucide-react";
> 3 | import { VisualPreview } from "@/components/portfolio/visual-preview";
    | ^^^^^^^^^^^^^^^^^^^^^^^^^^^^^^^^^^^^^^^^^^^^^^^^^^^^^^^^^^^^^^^^^^^^^^
  4 | import { Badge } from "@/components/ui/badge";
  5 | import { watchEntries } from "@/lib/data";
  6 |

Import map: aliased to relative './components/portfolio/visual-preview' inside of [project]/

https://nextjs.org/docs/messages/module-not-found @ http://127.0.0.1:3000/Portfolio-bts/_next/static/chunks/node_modules_next_dist_0u_w_5s._.js:1945
[  480143ms] [ERROR] ./app/projets/page.tsx:3:1
Module not found: Can't resolve '@/components/portfolio/visual-preview'
  1 | import Link from "next/link";
  2 | import { ArrowUpRight } from "lucide-react";
> 3 | import { VisualPreview } from "@/components/portfolio/visual-preview";
    | ^^^^^^^^^^^^^^^^^^^^^^^^^^^^^^^^^^^^^^^^^^^^^^^^^^^^^^^^^^^^^^^^^^^^^^
  4 | import { competencies, projects, getCategoryLabel } from "@/lib/data";
  5 | import { getProjectCategorySections } from "@/lib/view-models/projects";
  6 |

Import map: aliased to relative './components/portfolio/visual-preview' inside of [project]/

https://nextjs.org/docs/messages/module-not-found @ http://127.0.0.1:3000/Portfolio-bts/_next/static/chunks/node_modules_next_dist_0u_w_5s._.js:1945
[  480143ms] [ERROR] ./app/veille/page.tsx:3:1
Module not found: Can't resolve '@/components/portfolio/visual-preview'
  1 | import Link from "next/link";
  2 | import { ArrowUpRight } from "lucide-react";
> 3 | import { VisualPreview } from "@/components/portfolio/visual-preview";
    | ^^^^^^^^^^^^^^^^^^^^^^^^^^^^^^^^^^^^^^^^^^^^^^^^^^^^^^^^^^^^^^^^^^^^^^
  4 | import { Badge } from "@/components/ui/badge";
  5 | import { watchEntries } from "@/lib/data";
  6 |

Import map: aliased to relative './components/portfolio/visual-preview' inside of [project]/

https://nextjs.org/docs/messages/module-not-found @ http://127.0.0.1:3000/Portfolio-bts/_next/static/chunks/node_modules_next_dist_0u_w_5s._.js:1945
[  480206ms] [ERROR] ./app/projets/page.tsx:3:1
Module not found: Can't resolve '@/components/portfolio/visual-preview'
  1 | import Link from "next/link";
  2 | import { ArrowUpRight } from "lucide-react";
> 3 | import { VisualPreview } from "@/components/portfolio/visual-preview";
    | ^^^^^^^^^^^^^^^^^^^^^^^^^^^^^^^^^^^^^^^^^^^^^^^^^^^^^^^^^^^^^^^^^^^^^^
  4 | import { competencies, projects, getCategoryLabel } from "@/lib/data";
  5 | import { getProjectCategorySections } from "@/lib/view-models/projects";
  6 |

Import map: aliased to relative './components/portfolio/visual-preview' inside of [project]/

https://nextjs.org/docs/messages/module-not-found @ http://127.0.0.1:3000/Portfolio-bts/_next/static/chunks/node_modules_next_dist_0u_w_5s._.js:1945
[  480206ms] [ERROR] ./app/veille/page.tsx:3:1
Module not found: Can't resolve '@/components/portfolio/visual-preview'
  1 | import Link from "next/link";
  2 | import { ArrowUpRight } from "lucide-react";
> 3 | import { VisualPreview } from "@/components/portfolio/visual-preview";
    | ^^^^^^^^^^^^^^^^^^^^^^^^^^^^^^^^^^^^^^^^^^^^^^^^^^^^^^^^^^^^^^^^^^^^^^
  4 | import { Badge } from "@/components/ui/badge";
  5 | import { watchEntries } from "@/lib/data";
  6 |

Import map: aliased to relative './components/portfolio/visual-preview' inside of [project]/

https://nextjs.org/docs/messages/module-not-found @ http://127.0.0.1:3000/Portfolio-bts/_next/static/chunks/node_modules_next_dist_0u_w_5s._.js:1945
[  480269ms] [ERROR] ./app/projets/page.tsx:3:1
Module not found: Can't resolve '@/components/portfolio/visual-preview'
  1 | import Link from "next/link";
  2 | import { ArrowUpRight } from "lucide-react";
> 3 | import { VisualPreview } from "@/components/portfolio/visual-preview";
    | ^^^^^^^^^^^^^^^^^^^^^^^^^^^^^^^^^^^^^^^^^^^^^^^^^^^^^^^^^^^^^^^^^^^^^^
  4 | import { competencies, projects, getCategoryLabel } from "@/lib/data";
  5 | import { getProjectCategorySections } from "@/lib/view-models/projects";
  6 |

Import map: aliased to relative './components/portfolio/visual-preview' inside of [project]/

https://nextjs.org/docs/messages/module-not-found @ http://127.0.0.1:3000/Portfolio-bts/_next/static/chunks/node_modules_next_dist_0u_w_5s._.js:1945
[  480269ms] [ERROR] ./app/veille/page.tsx:3:1
Module not found: Can't resolve '@/components/portfolio/visual-preview'
  1 | import Link from "next/link";
  2 | import { ArrowUpRight } from "lucide-react";
> 3 | import { VisualPreview } from "@/components/portfolio/visual-preview";
    | ^^^^^^^^^^^^^^^^^^^^^^^^^^^^^^^^^^^^^^^^^^^^^^^^^^^^^^^^^^^^^^^^^^^^^^
  4 | import { Badge } from "@/components/ui/badge";
  5 | import { watchEntries } from "@/lib/data";
  6 |

Import map: aliased to relative './components/portfolio/visual-preview' inside of [project]/

https://nextjs.org/docs/messages/module-not-found @ http://127.0.0.1:3000/Portfolio-bts/_next/static/chunks/node_modules_next_dist_0u_w_5s._.js:1945
[  480333ms] [ERROR] ./app/projets/page.tsx:3:1
Module not found: Can't resolve '@/components/portfolio/visual-preview'
  1 | import Link from "next/link";
  2 | import { ArrowUpRight } from "lucide-react";
> 3 | import { VisualPreview } from "@/components/portfolio/visual-preview";
    | ^^^^^^^^^^^^^^^^^^^^^^^^^^^^^^^^^^^^^^^^^^^^^^^^^^^^^^^^^^^^^^^^^^^^^^
  4 | import { competencies, projects, getCategoryLabel } from "@/lib/data";
  5 | import { getProjectCategorySections } from "@/lib/view-models/projects";
  6 |

Import map: aliased to relative './components/portfolio/visual-preview' inside of [project]/

https://nextjs.org/docs/messages/module-not-found @ http://127.0.0.1:3000/Portfolio-bts/_next/static/chunks/node_modules_next_dist_0u_w_5s._.js:1945
[  480333ms] [ERROR] ./app/veille/page.tsx:3:1
Module not found: Can't resolve '@/components/portfolio/visual-preview'
  1 | import Link from "next/link";
  2 | import { ArrowUpRight } from "lucide-react";
> 3 | import { VisualPreview } from "@/components/portfolio/visual-preview";
    | ^^^^^^^^^^^^^^^^^^^^^^^^^^^^^^^^^^^^^^^^^^^^^^^^^^^^^^^^^^^^^^^^^^^^^^
  4 | import { Badge } from "@/components/ui/badge";
  5 | import { watchEntries } from "@/lib/data";
  6 |

Import map: aliased to relative './components/portfolio/visual-preview' inside of [project]/

https://nextjs.org/docs/messages/module-not-found @ http://127.0.0.1:3000/Portfolio-bts/_next/static/chunks/node_modules_next_dist_0u_w_5s._.js:1945
[  480395ms] [ERROR] ./app/projets/page.tsx:3:1
Module not found: Can't resolve '@/components/portfolio/visual-preview'
  1 | import Link from "next/link";
  2 | import { ArrowUpRight } from "lucide-react";
> 3 | import { VisualPreview } from "@/components/portfolio/visual-preview";
    | ^^^^^^^^^^^^^^^^^^^^^^^^^^^^^^^^^^^^^^^^^^^^^^^^^^^^^^^^^^^^^^^^^^^^^^
  4 | import { competencies, projects, getCategoryLabel } from "@/lib/data";
  5 | import { getProjectCategorySections } from "@/lib/view-models/projects";
  6 |

Import map: aliased to relative './components/portfolio/visual-preview' inside of [project]/

https://nextjs.org/docs/messages/module-not-found @ http://127.0.0.1:3000/Portfolio-bts/_next/static/chunks/node_modules_next_dist_0u_w_5s._.js:1945
[  480396ms] [ERROR] ./app/veille/page.tsx:3:1
Module not found: Can't resolve '@/components/portfolio/visual-preview'
  1 | import Link from "next/link";
  2 | import { ArrowUpRight } from "lucide-react";
> 3 | import { VisualPreview } from "@/components/portfolio/visual-preview";
    | ^^^^^^^^^^^^^^^^^^^^^^^^^^^^^^^^^^^^^^^^^^^^^^^^^^^^^^^^^^^^^^^^^^^^^^
  4 | import { Badge } from "@/components/ui/badge";
  5 | import { watchEntries } from "@/lib/data";
  6 |

Import map: aliased to relative './components/portfolio/visual-preview' inside of [project]/

https://nextjs.org/docs/messages/module-not-found @ http://127.0.0.1:3000/Portfolio-bts/_next/static/chunks/node_modules_next_dist_0u_w_5s._.js:1945
[  480458ms] [ERROR] ./app/projets/page.tsx:3:1
Module not found: Can't resolve '@/components/portfolio/visual-preview'
  1 | import Link from "next/link";
  2 | import { ArrowUpRight } from "lucide-react";
> 3 | import { VisualPreview } from "@/components/portfolio/visual-preview";
    | ^^^^^^^^^^^^^^^^^^^^^^^^^^^^^^^^^^^^^^^^^^^^^^^^^^^^^^^^^^^^^^^^^^^^^^
  4 | import { competencies, projects, getCategoryLabel } from "@/lib/data";
  5 | import { getProjectCategorySections } from "@/lib/view-models/projects";
  6 |

Import map: aliased to relative './components/portfolio/visual-preview' inside of [project]/

https://nextjs.org/docs/messages/module-not-found @ http://127.0.0.1:3000/Portfolio-bts/_next/static/chunks/node_modules_next_dist_0u_w_5s._.js:1945
[  480458ms] [ERROR] ./app/veille/page.tsx:3:1
Module not found: Can't resolve '@/components/portfolio/visual-preview'
  1 | import Link from "next/link";
  2 | import { ArrowUpRight } from "lucide-react";
> 3 | import { VisualPreview } from "@/components/portfolio/visual-preview";
    | ^^^^^^^^^^^^^^^^^^^^^^^^^^^^^^^^^^^^^^^^^^^^^^^^^^^^^^^^^^^^^^^^^^^^^^
  4 | import { Badge } from "@/components/ui/badge";
  5 | import { watchEntries } from "@/lib/data";
  6 |

Import map: aliased to relative './components/portfolio/visual-preview' inside of [project]/

https://nextjs.org/docs/messages/module-not-found @ http://127.0.0.1:3000/Portfolio-bts/_next/static/chunks/node_modules_next_dist_0u_w_5s._.js:1945
[  480521ms] [ERROR] ./app/projets/page.tsx:3:1
Module not found: Can't resolve '@/components/portfolio/visual-preview'
  1 | import Link from "next/link";
  2 | import { ArrowUpRight } from "lucide-react";
> 3 | import { VisualPreview } from "@/components/portfolio/visual-preview";
    | ^^^^^^^^^^^^^^^^^^^^^^^^^^^^^^^^^^^^^^^^^^^^^^^^^^^^^^^^^^^^^^^^^^^^^^
  4 | import { competencies, projects, getCategoryLabel } from "@/lib/data";
  5 | import { getProjectCategorySections } from "@/lib/view-models/projects";
  6 |

Import map: aliased to relative './components/portfolio/visual-preview' inside of [project]/

https://nextjs.org/docs/messages/module-not-found @ http://127.0.0.1:3000/Portfolio-bts/_next/static/chunks/node_modules_next_dist_0u_w_5s._.js:1945
[  480521ms] [ERROR] ./app/veille/page.tsx:3:1
Module not found: Can't resolve '@/components/portfolio/visual-preview'
  1 | import Link from "next/link";
  2 | import { ArrowUpRight } from "lucide-react";
> 3 | import { VisualPreview } from "@/components/portfolio/visual-preview";
    | ^^^^^^^^^^^^^^^^^^^^^^^^^^^^^^^^^^^^^^^^^^^^^^^^^^^^^^^^^^^^^^^^^^^^^^
  4 | import { Badge } from "@/components/ui/badge";
  5 | import { watchEntries } from "@/lib/data";
  6 |

Import map: aliased to relative './components/portfolio/visual-preview' inside of [project]/

https://nextjs.org/docs/messages/module-not-found @ http://127.0.0.1:3000/Portfolio-bts/_next/static/chunks/node_modules_next_dist_0u_w_5s._.js:1945
[  480584ms] [ERROR] ./app/projets/page.tsx:3:1
Module not found: Can't resolve '@/components/portfolio/visual-preview'
  1 | import Link from "next/link";
  2 | import { ArrowUpRight } from "lucide-react";
> 3 | import { VisualPreview } from "@/components/portfolio/visual-preview";
    | ^^^^^^^^^^^^^^^^^^^^^^^^^^^^^^^^^^^^^^^^^^^^^^^^^^^^^^^^^^^^^^^^^^^^^^
  4 | import { competencies, projects, getCategoryLabel } from "@/lib/data";
  5 | import { getProjectCategorySections } from "@/lib/view-models/projects";
  6 |

Import map: aliased to relative './components/portfolio/visual-preview' inside of [project]/

https://nextjs.org/docs/messages/module-not-found @ http://127.0.0.1:3000/Portfolio-bts/_next/static/chunks/node_modules_next_dist_0u_w_5s._.js:1945
[  480584ms] [ERROR] ./app/veille/page.tsx:3:1
Module not found: Can't resolve '@/components/portfolio/visual-preview'
  1 | import Link from "next/link";
  2 | import { ArrowUpRight } from "lucide-react";
> 3 | import { VisualPreview } from "@/components/portfolio/visual-preview";
    | ^^^^^^^^^^^^^^^^^^^^^^^^^^^^^^^^^^^^^^^^^^^^^^^^^^^^^^^^^^^^^^^^^^^^^^
  4 | import { Badge } from "@/components/ui/badge";
  5 | import { watchEntries } from "@/lib/data";
  6 |

Import map: aliased to relative './components/portfolio/visual-preview' inside of [project]/

https://nextjs.org/docs/messages/module-not-found @ http://127.0.0.1:3000/Portfolio-bts/_next/static/chunks/node_modules_next_dist_0u_w_5s._.js:1945
[  480647ms] [ERROR] ./app/projets/page.tsx:3:1
Module not found: Can't resolve '@/components/portfolio/visual-preview'
  1 | import Link from "next/link";
  2 | import { ArrowUpRight } from "lucide-react";
> 3 | import { VisualPreview } from "@/components/portfolio/visual-preview";
    | ^^^^^^^^^^^^^^^^^^^^^^^^^^^^^^^^^^^^^^^^^^^^^^^^^^^^^^^^^^^^^^^^^^^^^^
  4 | import { competencies, projects, getCategoryLabel } from "@/lib/data";
  5 | import { getProjectCategorySections } from "@/lib/view-models/projects";
  6 |

Import map: aliased to relative './components/portfolio/visual-preview' inside of [project]/

https://nextjs.org/docs/messages/module-not-found @ http://127.0.0.1:3000/Portfolio-bts/_next/static/chunks/node_modules_next_dist_0u_w_5s._.js:1945
[  480647ms] [ERROR] ./app/veille/page.tsx:3:1
Module not found: Can't resolve '@/components/portfolio/visual-preview'
  1 | import Link from "next/link";
  2 | import { ArrowUpRight } from "lucide-react";
> 3 | import { VisualPreview } from "@/components/portfolio/visual-preview";
    | ^^^^^^^^^^^^^^^^^^^^^^^^^^^^^^^^^^^^^^^^^^^^^^^^^^^^^^^^^^^^^^^^^^^^^^
  4 | import { Badge } from "@/components/ui/badge";
  5 | import { watchEntries } from "@/lib/data";
  6 |

Import map: aliased to relative './components/portfolio/visual-preview' inside of [project]/

https://nextjs.org/docs/messages/module-not-found @ http://127.0.0.1:3000/Portfolio-bts/_next/static/chunks/node_modules_next_dist_0u_w_5s._.js:1945
[  480710ms] [ERROR] ./app/projets/page.tsx:3:1
Module not found: Can't resolve '@/components/portfolio/visual-preview'
  1 | import Link from "next/link";
  2 | import { ArrowUpRight } from "lucide-react";
> 3 | import { VisualPreview } from "@/components/portfolio/visual-preview";
    | ^^^^^^^^^^^^^^^^^^^^^^^^^^^^^^^^^^^^^^^^^^^^^^^^^^^^^^^^^^^^^^^^^^^^^^
  4 | import { competencies, projects, getCategoryLabel } from "@/lib/data";
  5 | import { getProjectCategorySections } from "@/lib/view-models/projects";
  6 |

Import map: aliased to relative './components/portfolio/visual-preview' inside of [project]/

https://nextjs.org/docs/messages/module-not-found @ http://127.0.0.1:3000/Portfolio-bts/_next/static/chunks/node_modules_next_dist_0u_w_5s._.js:1945
[  480710ms] [ERROR] ./app/veille/page.tsx:3:1
Module not found: Can't resolve '@/components/portfolio/visual-preview'
  1 | import Link from "next/link";
  2 | import { ArrowUpRight } from "lucide-react";
> 3 | import { VisualPreview } from "@/components/portfolio/visual-preview";
    | ^^^^^^^^^^^^^^^^^^^^^^^^^^^^^^^^^^^^^^^^^^^^^^^^^^^^^^^^^^^^^^^^^^^^^^
  4 | import { Badge } from "@/components/ui/badge";
  5 | import { watchEntries } from "@/lib/data";
  6 |

Import map: aliased to relative './components/portfolio/visual-preview' inside of [project]/

https://nextjs.org/docs/messages/module-not-found @ http://127.0.0.1:3000/Portfolio-bts/_next/static/chunks/node_modules_next_dist_0u_w_5s._.js:1945
[  480772ms] [ERROR] ./app/projets/page.tsx:3:1
Module not found: Can't resolve '@/components/portfolio/visual-preview'
  1 | import Link from "next/link";
  2 | import { ArrowUpRight } from "lucide-react";
> 3 | import { VisualPreview } from "@/components/portfolio/visual-preview";
    | ^^^^^^^^^^^^^^^^^^^^^^^^^^^^^^^^^^^^^^^^^^^^^^^^^^^^^^^^^^^^^^^^^^^^^^
  4 | import { competencies, projects, getCategoryLabel } from "@/lib/data";
  5 | import { getProjectCategorySections } from "@/lib/view-models/projects";
  6 |

Import map: aliased to relative './components/portfolio/visual-preview' inside of [project]/

https://nextjs.org/docs/messages/module-not-found @ http://127.0.0.1:3000/Portfolio-bts/_next/static/chunks/node_modules_next_dist_0u_w_5s._.js:1945
[  480772ms] [ERROR] ./app/veille/page.tsx:3:1
Module not found: Can't resolve '@/components/portfolio/visual-preview'
  1 | import Link from "next/link";
  2 | import { ArrowUpRight } from "lucide-react";
> 3 | import { VisualPreview } from "@/components/portfolio/visual-preview";
    | ^^^^^^^^^^^^^^^^^^^^^^^^^^^^^^^^^^^^^^^^^^^^^^^^^^^^^^^^^^^^^^^^^^^^^^
  4 | import { Badge } from "@/components/ui/badge";
  5 | import { watchEntries } from "@/lib/data";
  6 |

Import map: aliased to relative './components/portfolio/visual-preview' inside of [project]/

https://nextjs.org/docs/messages/module-not-found @ http://127.0.0.1:3000/Portfolio-bts/_next/static/chunks/node_modules_next_dist_0u_w_5s._.js:1945
[  480834ms] [ERROR] ./app/projets/page.tsx:3:1
Module not found: Can't resolve '@/components/portfolio/visual-preview'
  1 | import Link from "next/link";
  2 | import { ArrowUpRight } from "lucide-react";
> 3 | import { VisualPreview } from "@/components/portfolio/visual-preview";
    | ^^^^^^^^^^^^^^^^^^^^^^^^^^^^^^^^^^^^^^^^^^^^^^^^^^^^^^^^^^^^^^^^^^^^^^
  4 | import { competencies, projects, getCategoryLabel } from "@/lib/data";
  5 | import { getProjectCategorySections } from "@/lib/view-models/projects";
  6 |

Import map: aliased to relative './components/portfolio/visual-preview' inside of [project]/

https://nextjs.org/docs/messages/module-not-found @ http://127.0.0.1:3000/Portfolio-bts/_next/static/chunks/node_modules_next_dist_0u_w_5s._.js:1945
[  480835ms] [ERROR] ./app/veille/page.tsx:3:1
Module not found: Can't resolve '@/components/portfolio/visual-preview'
  1 | import Link from "next/link";
  2 | import { ArrowUpRight } from "lucide-react";
> 3 | import { VisualPreview } from "@/components/portfolio/visual-preview";
    | ^^^^^^^^^^^^^^^^^^^^^^^^^^^^^^^^^^^^^^^^^^^^^^^^^^^^^^^^^^^^^^^^^^^^^^
  4 | import { Badge } from "@/components/ui/badge";
  5 | import { watchEntries } from "@/lib/data";
  6 |

Import map: aliased to relative './components/portfolio/visual-preview' inside of [project]/

https://nextjs.org/docs/messages/module-not-found @ http://127.0.0.1:3000/Portfolio-bts/_next/static/chunks/node_modules_next_dist_0u_w_5s._.js:1945
[  480897ms] [ERROR] ./app/projets/page.tsx:3:1
Module not found: Can't resolve '@/components/portfolio/visual-preview'
  1 | import Link from "next/link";
  2 | import { ArrowUpRight } from "lucide-react";
> 3 | import { VisualPreview } from "@/components/portfolio/visual-preview";
    | ^^^^^^^^^^^^^^^^^^^^^^^^^^^^^^^^^^^^^^^^^^^^^^^^^^^^^^^^^^^^^^^^^^^^^^
  4 | import { competencies, projects, getCategoryLabel } from "@/lib/data";
  5 | import { getProjectCategorySections } from "@/lib/view-models/projects";
  6 |

Import map: aliased to relative './components/portfolio/visual-preview' inside of [project]/

https://nextjs.org/docs/messages/module-not-found @ http://127.0.0.1:3000/Portfolio-bts/_next/static/chunks/node_modules_next_dist_0u_w_5s._.js:1945
[  480897ms] [ERROR] ./app/veille/page.tsx:3:1
Module not found: Can't resolve '@/components/portfolio/visual-preview'
  1 | import Link from "next/link";
  2 | import { ArrowUpRight } from "lucide-react";
> 3 | import { VisualPreview } from "@/components/portfolio/visual-preview";
    | ^^^^^^^^^^^^^^^^^^^^^^^^^^^^^^^^^^^^^^^^^^^^^^^^^^^^^^^^^^^^^^^^^^^^^^
  4 | import { Badge } from "@/components/ui/badge";
  5 | import { watchEntries } from "@/lib/data";
  6 |

Import map: aliased to relative './components/portfolio/visual-preview' inside of [project]/

https://nextjs.org/docs/messages/module-not-found @ http://127.0.0.1:3000/Portfolio-bts/_next/static/chunks/node_modules_next_dist_0u_w_5s._.js:1945
[  480959ms] [ERROR] ./app/projets/page.tsx:3:1
Module not found: Can't resolve '@/components/portfolio/visual-preview'
  1 | import Link from "next/link";
  2 | import { ArrowUpRight } from "lucide-react";
> 3 | import { VisualPreview } from "@/components/portfolio/visual-preview";
    | ^^^^^^^^^^^^^^^^^^^^^^^^^^^^^^^^^^^^^^^^^^^^^^^^^^^^^^^^^^^^^^^^^^^^^^
  4 | import { competencies, projects, getCategoryLabel } from "@/lib/data";
  5 | import { getProjectCategorySections } from "@/lib/view-models/projects";
  6 |

Import map: aliased to relative './components/portfolio/visual-preview' inside of [project]/

https://nextjs.org/docs/messages/module-not-found @ http://127.0.0.1:3000/Portfolio-bts/_next/static/chunks/node_modules_next_dist_0u_w_5s._.js:1945
[  480959ms] [ERROR] ./app/veille/page.tsx:3:1
Module not found: Can't resolve '@/components/portfolio/visual-preview'
  1 | import Link from "next/link";
  2 | import { ArrowUpRight } from "lucide-react";
> 3 | import { VisualPreview } from "@/components/portfolio/visual-preview";
    | ^^^^^^^^^^^^^^^^^^^^^^^^^^^^^^^^^^^^^^^^^^^^^^^^^^^^^^^^^^^^^^^^^^^^^^
  4 | import { Badge } from "@/components/ui/badge";
  5 | import { watchEntries } from "@/lib/data";
  6 |

Import map: aliased to relative './components/portfolio/visual-preview' inside of [project]/

https://nextjs.org/docs/messages/module-not-found @ http://127.0.0.1:3000/Portfolio-bts/_next/static/chunks/node_modules_next_dist_0u_w_5s._.js:1945
[  481021ms] [ERROR] ./app/projets/page.tsx:3:1
Module not found: Can't resolve '@/components/portfolio/visual-preview'
  1 | import Link from "next/link";
  2 | import { ArrowUpRight } from "lucide-react";
> 3 | import { VisualPreview } from "@/components/portfolio/visual-preview";
    | ^^^^^^^^^^^^^^^^^^^^^^^^^^^^^^^^^^^^^^^^^^^^^^^^^^^^^^^^^^^^^^^^^^^^^^
  4 | import { competencies, projects, getCategoryLabel } from "@/lib/data";
  5 | import { getProjectCategorySections } from "@/lib/view-models/projects";
  6 |

Import map: aliased to relative './components/portfolio/visual-preview' inside of [project]/

https://nextjs.org/docs/messages/module-not-found @ http://127.0.0.1:3000/Portfolio-bts/_next/static/chunks/node_modules_next_dist_0u_w_5s._.js:1945
[  481022ms] [ERROR] ./app/veille/page.tsx:3:1
Module not found: Can't resolve '@/components/portfolio/visual-preview'
  1 | import Link from "next/link";
  2 | import { ArrowUpRight } from "lucide-react";
> 3 | import { VisualPreview } from "@/components/portfolio/visual-preview";
    | ^^^^^^^^^^^^^^^^^^^^^^^^^^^^^^^^^^^^^^^^^^^^^^^^^^^^^^^^^^^^^^^^^^^^^^
  4 | import { Badge } from "@/components/ui/badge";
  5 | import { watchEntries } from "@/lib/data";
  6 |

Import map: aliased to relative './components/portfolio/visual-preview' inside of [project]/

https://nextjs.org/docs/messages/module-not-found @ http://127.0.0.1:3000/Portfolio-bts/_next/static/chunks/node_modules_next_dist_0u_w_5s._.js:1945
[  481084ms] [ERROR] ./app/projets/page.tsx:3:1
Module not found: Can't resolve '@/components/portfolio/visual-preview'
  1 | import Link from "next/link";
  2 | import { ArrowUpRight } from "lucide-react";
> 3 | import { VisualPreview } from "@/components/portfolio/visual-preview";
    | ^^^^^^^^^^^^^^^^^^^^^^^^^^^^^^^^^^^^^^^^^^^^^^^^^^^^^^^^^^^^^^^^^^^^^^
  4 | import { competencies, projects, getCategoryLabel } from "@/lib/data";
  5 | import { getProjectCategorySections } from "@/lib/view-models/projects";
  6 |

Import map: aliased to relative './components/portfolio/visual-preview' inside of [project]/

https://nextjs.org/docs/messages/module-not-found @ http://127.0.0.1:3000/Portfolio-bts/_next/static/chunks/node_modules_next_dist_0u_w_5s._.js:1945
[  481084ms] [ERROR] ./app/veille/page.tsx:3:1
Module not found: Can't resolve '@/components/portfolio/visual-preview'
  1 | import Link from "next/link";
  2 | import { ArrowUpRight } from "lucide-react";
> 3 | import { VisualPreview } from "@/components/portfolio/visual-preview";
    | ^^^^^^^^^^^^^^^^^^^^^^^^^^^^^^^^^^^^^^^^^^^^^^^^^^^^^^^^^^^^^^^^^^^^^^
  4 | import { Badge } from "@/components/ui/badge";
  5 | import { watchEntries } from "@/lib/data";
  6 |

Import map: aliased to relative './components/portfolio/visual-preview' inside of [project]/

https://nextjs.org/docs/messages/module-not-found @ http://127.0.0.1:3000/Portfolio-bts/_next/static/chunks/node_modules_next_dist_0u_w_5s._.js:1945
[  481145ms] [ERROR] ./app/projets/page.tsx:3:1
Module not found: Can't resolve '@/components/portfolio/visual-preview'
  1 | import Link from "next/link";
  2 | import { ArrowUpRight } from "lucide-react";
> 3 | import { VisualPreview } from "@/components/portfolio/visual-preview";
    | ^^^^^^^^^^^^^^^^^^^^^^^^^^^^^^^^^^^^^^^^^^^^^^^^^^^^^^^^^^^^^^^^^^^^^^
  4 | import { competencies, projects, getCategoryLabel } from "@/lib/data";
  5 | import { getProjectCategorySections } from "@/lib/view-models/projects";
  6 |

Import map: aliased to relative './components/portfolio/visual-preview' inside of [project]/

https://nextjs.org/docs/messages/module-not-found @ http://127.0.0.1:3000/Portfolio-bts/_next/static/chunks/node_modules_next_dist_0u_w_5s._.js:1945
[  481146ms] [ERROR] ./app/veille/page.tsx:3:1
Module not found: Can't resolve '@/components/portfolio/visual-preview'
  1 | import Link from "next/link";
  2 | import { ArrowUpRight } from "lucide-react";
> 3 | import { VisualPreview } from "@/components/portfolio/visual-preview";
    | ^^^^^^^^^^^^^^^^^^^^^^^^^^^^^^^^^^^^^^^^^^^^^^^^^^^^^^^^^^^^^^^^^^^^^^
  4 | import { Badge } from "@/components/ui/badge";
  5 | import { watchEntries } from "@/lib/data";
  6 |

Import map: aliased to relative './components/portfolio/visual-preview' inside of [project]/

https://nextjs.org/docs/messages/module-not-found @ http://127.0.0.1:3000/Portfolio-bts/_next/static/chunks/node_modules_next_dist_0u_w_5s._.js:1945
[  481208ms] [ERROR] ./app/projets/page.tsx:3:1
Module not found: Can't resolve '@/components/portfolio/visual-preview'
  1 | import Link from "next/link";
  2 | import { ArrowUpRight } from "lucide-react";
> 3 | import { VisualPreview } from "@/components/portfolio/visual-preview";
    | ^^^^^^^^^^^^^^^^^^^^^^^^^^^^^^^^^^^^^^^^^^^^^^^^^^^^^^^^^^^^^^^^^^^^^^
  4 | import { competencies, projects, getCategoryLabel } from "@/lib/data";
  5 | import { getProjectCategorySections } from "@/lib/view-models/projects";
  6 |

Import map: aliased to relative './components/portfolio/visual-preview' inside of [project]/

https://nextjs.org/docs/messages/module-not-found @ http://127.0.0.1:3000/Portfolio-bts/_next/static/chunks/node_modules_next_dist_0u_w_5s._.js:1945
[  481208ms] [ERROR] ./app/veille/page.tsx:3:1
Module not found: Can't resolve '@/components/portfolio/visual-preview'
  1 | import Link from "next/link";
  2 | import { ArrowUpRight } from "lucide-react";
> 3 | import { VisualPreview } from "@/components/portfolio/visual-preview";
    | ^^^^^^^^^^^^^^^^^^^^^^^^^^^^^^^^^^^^^^^^^^^^^^^^^^^^^^^^^^^^^^^^^^^^^^
  4 | import { Badge } from "@/components/ui/badge";
  5 | import { watchEntries } from "@/lib/data";
  6 |

Import map: aliased to relative './components/portfolio/visual-preview' inside of [project]/

https://nextjs.org/docs/messages/module-not-found @ http://127.0.0.1:3000/Portfolio-bts/_next/static/chunks/node_modules_next_dist_0u_w_5s._.js:1945
[  481272ms] [ERROR] ./app/projets/page.tsx:3:1
Module not found: Can't resolve '@/components/portfolio/visual-preview'
  1 | import Link from "next/link";
  2 | import { ArrowUpRight } from "lucide-react";
> 3 | import { VisualPreview } from "@/components/portfolio/visual-preview";
    | ^^^^^^^^^^^^^^^^^^^^^^^^^^^^^^^^^^^^^^^^^^^^^^^^^^^^^^^^^^^^^^^^^^^^^^
  4 | import { competencies, projects, getCategoryLabel } from "@/lib/data";
  5 | import { getProjectCategorySections } from "@/lib/view-models/projects";
  6 |

Import map: aliased to relative './components/portfolio/visual-preview' inside of [project]/

https://nextjs.org/docs/messages/module-not-found @ http://127.0.0.1:3000/Portfolio-bts/_next/static/chunks/node_modules_next_dist_0u_w_5s._.js:1945
[  481272ms] [ERROR] ./app/veille/page.tsx:3:1
Module not found: Can't resolve '@/components/portfolio/visual-preview'
  1 | import Link from "next/link";
  2 | import { ArrowUpRight } from "lucide-react";
> 3 | import { VisualPreview } from "@/components/portfolio/visual-preview";
    | ^^^^^^^^^^^^^^^^^^^^^^^^^^^^^^^^^^^^^^^^^^^^^^^^^^^^^^^^^^^^^^^^^^^^^^
  4 | import { Badge } from "@/components/ui/badge";
  5 | import { watchEntries } from "@/lib/data";
  6 |

Import map: aliased to relative './components/portfolio/visual-preview' inside of [project]/

https://nextjs.org/docs/messages/module-not-found @ http://127.0.0.1:3000/Portfolio-bts/_next/static/chunks/node_modules_next_dist_0u_w_5s._.js:1945
[  481334ms] [ERROR] ./app/projets/page.tsx:3:1
Module not found: Can't resolve '@/components/portfolio/visual-preview'
  1 | import Link from "next/link";
  2 | import { ArrowUpRight } from "lucide-react";
> 3 | import { VisualPreview } from "@/components/portfolio/visual-preview";
    | ^^^^^^^^^^^^^^^^^^^^^^^^^^^^^^^^^^^^^^^^^^^^^^^^^^^^^^^^^^^^^^^^^^^^^^
  4 | import { competencies, projects, getCategoryLabel } from "@/lib/data";
  5 | import { getProjectCategorySections } from "@/lib/view-models/projects";
  6 |

Import map: aliased to relative './components/portfolio/visual-preview' inside of [project]/

https://nextjs.org/docs/messages/module-not-found @ http://127.0.0.1:3000/Portfolio-bts/_next/static/chunks/node_modules_next_dist_0u_w_5s._.js:1945
[  481334ms] [ERROR] ./app/veille/page.tsx:3:1
Module not found: Can't resolve '@/components/portfolio/visual-preview'
  1 | import Link from "next/link";
  2 | import { ArrowUpRight } from "lucide-react";
> 3 | import { VisualPreview } from "@/components/portfolio/visual-preview";
    | ^^^^^^^^^^^^^^^^^^^^^^^^^^^^^^^^^^^^^^^^^^^^^^^^^^^^^^^^^^^^^^^^^^^^^^
  4 | import { Badge } from "@/components/ui/badge";
  5 | import { watchEntries } from "@/lib/data";
  6 |

Import map: aliased to relative './components/portfolio/visual-preview' inside of [project]/

https://nextjs.org/docs/messages/module-not-found @ http://127.0.0.1:3000/Portfolio-bts/_next/static/chunks/node_modules_next_dist_0u_w_5s._.js:1945
[  481396ms] [ERROR] ./app/projets/page.tsx:3:1
Module not found: Can't resolve '@/components/portfolio/visual-preview'
  1 | import Link from "next/link";
  2 | import { ArrowUpRight } from "lucide-react";
> 3 | import { VisualPreview } from "@/components/portfolio/visual-preview";
    | ^^^^^^^^^^^^^^^^^^^^^^^^^^^^^^^^^^^^^^^^^^^^^^^^^^^^^^^^^^^^^^^^^^^^^^
  4 | import { competencies, projects, getCategoryLabel } from "@/lib/data";
  5 | import { getProjectCategorySections } from "@/lib/view-models/projects";
  6 |

Import map: aliased to relative './components/portfolio/visual-preview' inside of [project]/

https://nextjs.org/docs/messages/module-not-found @ http://127.0.0.1:3000/Portfolio-bts/_next/static/chunks/node_modules_next_dist_0u_w_5s._.js:1945
[  481396ms] [ERROR] ./app/veille/page.tsx:3:1
Module not found: Can't resolve '@/components/portfolio/visual-preview'
  1 | import Link from "next/link";
  2 | import { ArrowUpRight } from "lucide-react";
> 3 | import { VisualPreview } from "@/components/portfolio/visual-preview";
    | ^^^^^^^^^^^^^^^^^^^^^^^^^^^^^^^^^^^^^^^^^^^^^^^^^^^^^^^^^^^^^^^^^^^^^^
  4 | import { Badge } from "@/components/ui/badge";
  5 | import { watchEntries } from "@/lib/data";
  6 |

Import map: aliased to relative './components/portfolio/visual-preview' inside of [project]/

https://nextjs.org/docs/messages/module-not-found @ http://127.0.0.1:3000/Portfolio-bts/_next/static/chunks/node_modules_next_dist_0u_w_5s._.js:1945
[  481459ms] [ERROR] ./app/projets/page.tsx:3:1
Module not found: Can't resolve '@/components/portfolio/visual-preview'
  1 | import Link from "next/link";
  2 | import { ArrowUpRight } from "lucide-react";
> 3 | import { VisualPreview } from "@/components/portfolio/visual-preview";
    | ^^^^^^^^^^^^^^^^^^^^^^^^^^^^^^^^^^^^^^^^^^^^^^^^^^^^^^^^^^^^^^^^^^^^^^
  4 | import { competencies, projects, getCategoryLabel } from "@/lib/data";
  5 | import { getProjectCategorySections } from "@/lib/view-models/projects";
  6 |

Import map: aliased to relative './components/portfolio/visual-preview' inside of [project]/

https://nextjs.org/docs/messages/module-not-found @ http://127.0.0.1:3000/Portfolio-bts/_next/static/chunks/node_modules_next_dist_0u_w_5s._.js:1945
[  481459ms] [ERROR] ./app/veille/page.tsx:3:1
Module not found: Can't resolve '@/components/portfolio/visual-preview'
  1 | import Link from "next/link";
  2 | import { ArrowUpRight } from "lucide-react";
> 3 | import { VisualPreview } from "@/components/portfolio/visual-preview";
    | ^^^^^^^^^^^^^^^^^^^^^^^^^^^^^^^^^^^^^^^^^^^^^^^^^^^^^^^^^^^^^^^^^^^^^^
  4 | import { Badge } from "@/components/ui/badge";
  5 | import { watchEntries } from "@/lib/data";
  6 |

Import map: aliased to relative './components/portfolio/visual-preview' inside of [project]/

https://nextjs.org/docs/messages/module-not-found @ http://127.0.0.1:3000/Portfolio-bts/_next/static/chunks/node_modules_next_dist_0u_w_5s._.js:1945
[  481520ms] [ERROR] ./app/projets/page.tsx:3:1
Module not found: Can't resolve '@/components/portfolio/visual-preview'
  1 | import Link from "next/link";
  2 | import { ArrowUpRight } from "lucide-react";
> 3 | import { VisualPreview } from "@/components/portfolio/visual-preview";
    | ^^^^^^^^^^^^^^^^^^^^^^^^^^^^^^^^^^^^^^^^^^^^^^^^^^^^^^^^^^^^^^^^^^^^^^
  4 | import { competencies, projects, getCategoryLabel } from "@/lib/data";
  5 | import { getProjectCategorySections } from "@/lib/view-models/projects";
  6 |

Import map: aliased to relative './components/portfolio/visual-preview' inside of [project]/

https://nextjs.org/docs/messages/module-not-found @ http://127.0.0.1:3000/Portfolio-bts/_next/static/chunks/node_modules_next_dist_0u_w_5s._.js:1945
[  481520ms] [ERROR] ./app/veille/page.tsx:3:1
Module not found: Can't resolve '@/components/portfolio/visual-preview'
  1 | import Link from "next/link";
  2 | import { ArrowUpRight } from "lucide-react";
> 3 | import { VisualPreview } from "@/components/portfolio/visual-preview";
    | ^^^^^^^^^^^^^^^^^^^^^^^^^^^^^^^^^^^^^^^^^^^^^^^^^^^^^^^^^^^^^^^^^^^^^^
  4 | import { Badge } from "@/components/ui/badge";
  5 | import { watchEntries } from "@/lib/data";
  6 |

Import map: aliased to relative './components/portfolio/visual-preview' inside of [project]/

https://nextjs.org/docs/messages/module-not-found @ http://127.0.0.1:3000/Portfolio-bts/_next/static/chunks/node_modules_next_dist_0u_w_5s._.js:1945
[  481583ms] [ERROR] ./app/projets/page.tsx:3:1
Module not found: Can't resolve '@/components/portfolio/visual-preview'
  1 | import Link from "next/link";
  2 | import { ArrowUpRight } from "lucide-react";
> 3 | import { VisualPreview } from "@/components/portfolio/visual-preview";
    | ^^^^^^^^^^^^^^^^^^^^^^^^^^^^^^^^^^^^^^^^^^^^^^^^^^^^^^^^^^^^^^^^^^^^^^
  4 | import { competencies, projects, getCategoryLabel } from "@/lib/data";
  5 | import { getProjectCategorySections } from "@/lib/view-models/projects";
  6 |

Import map: aliased to relative './components/portfolio/visual-preview' inside of [project]/

https://nextjs.org/docs/messages/module-not-found @ http://127.0.0.1:3000/Portfolio-bts/_next/static/chunks/node_modules_next_dist_0u_w_5s._.js:1945
[  481583ms] [ERROR] ./app/veille/page.tsx:3:1
Module not found: Can't resolve '@/components/portfolio/visual-preview'
  1 | import Link from "next/link";
  2 | import { ArrowUpRight } from "lucide-react";
> 3 | import { VisualPreview } from "@/components/portfolio/visual-preview";
    | ^^^^^^^^^^^^^^^^^^^^^^^^^^^^^^^^^^^^^^^^^^^^^^^^^^^^^^^^^^^^^^^^^^^^^^
  4 | import { Badge } from "@/components/ui/badge";
  5 | import { watchEntries } from "@/lib/data";
  6 |

Import map: aliased to relative './components/portfolio/visual-preview' inside of [project]/

https://nextjs.org/docs/messages/module-not-found @ http://127.0.0.1:3000/Portfolio-bts/_next/static/chunks/node_modules_next_dist_0u_w_5s._.js:1945
[  481646ms] [ERROR] ./app/projets/page.tsx:3:1
Module not found: Can't resolve '@/components/portfolio/visual-preview'
  1 | import Link from "next/link";
  2 | import { ArrowUpRight } from "lucide-react";
> 3 | import { VisualPreview } from "@/components/portfolio/visual-preview";
    | ^^^^^^^^^^^^^^^^^^^^^^^^^^^^^^^^^^^^^^^^^^^^^^^^^^^^^^^^^^^^^^^^^^^^^^
  4 | import { competencies, projects, getCategoryLabel } from "@/lib/data";
  5 | import { getProjectCategorySections } from "@/lib/view-models/projects";
  6 |

Import map: aliased to relative './components/portfolio/visual-preview' inside of [project]/

https://nextjs.org/docs/messages/module-not-found @ http://127.0.0.1:3000/Portfolio-bts/_next/static/chunks/node_modules_next_dist_0u_w_5s._.js:1945
[  481646ms] [ERROR] ./app/veille/page.tsx:3:1
Module not found: Can't resolve '@/components/portfolio/visual-preview'
  1 | import Link from "next/link";
  2 | import { ArrowUpRight } from "lucide-react";
> 3 | import { VisualPreview } from "@/components/portfolio/visual-preview";
    | ^^^^^^^^^^^^^^^^^^^^^^^^^^^^^^^^^^^^^^^^^^^^^^^^^^^^^^^^^^^^^^^^^^^^^^
  4 | import { Badge } from "@/components/ui/badge";
  5 | import { watchEntries } from "@/lib/data";
  6 |

Import map: aliased to relative './components/portfolio/visual-preview' inside of [project]/

https://nextjs.org/docs/messages/module-not-found @ http://127.0.0.1:3000/Portfolio-bts/_next/static/chunks/node_modules_next_dist_0u_w_5s._.js:1945
[  481709ms] [ERROR] ./app/projets/page.tsx:3:1
Module not found: Can't resolve '@/components/portfolio/visual-preview'
  1 | import Link from "next/link";
  2 | import { ArrowUpRight } from "lucide-react";
> 3 | import { VisualPreview } from "@/components/portfolio/visual-preview";
    | ^^^^^^^^^^^^^^^^^^^^^^^^^^^^^^^^^^^^^^^^^^^^^^^^^^^^^^^^^^^^^^^^^^^^^^
  4 | import { competencies, projects, getCategoryLabel } from "@/lib/data";
  5 | import { getProjectCategorySections } from "@/lib/view-models/projects";
  6 |

Import map: aliased to relative './components/portfolio/visual-preview' inside of [project]/

https://nextjs.org/docs/messages/module-not-found @ http://127.0.0.1:3000/Portfolio-bts/_next/static/chunks/node_modules_next_dist_0u_w_5s._.js:1945
[  481709ms] [ERROR] ./app/veille/page.tsx:3:1
Module not found: Can't resolve '@/components/portfolio/visual-preview'
  1 | import Link from "next/link";
  2 | import { ArrowUpRight } from "lucide-react";
> 3 | import { VisualPreview } from "@/components/portfolio/visual-preview";
    | ^^^^^^^^^^^^^^^^^^^^^^^^^^^^^^^^^^^^^^^^^^^^^^^^^^^^^^^^^^^^^^^^^^^^^^
  4 | import { Badge } from "@/components/ui/badge";
  5 | import { watchEntries } from "@/lib/data";
  6 |

Import map: aliased to relative './components/portfolio/visual-preview' inside of [project]/

https://nextjs.org/docs/messages/module-not-found @ http://127.0.0.1:3000/Portfolio-bts/_next/static/chunks/node_modules_next_dist_0u_w_5s._.js:1945
[  481771ms] [ERROR] ./app/projets/page.tsx:3:1
Module not found: Can't resolve '@/components/portfolio/visual-preview'
  1 | import Link from "next/link";
  2 | import { ArrowUpRight } from "lucide-react";
> 3 | import { VisualPreview } from "@/components/portfolio/visual-preview";
    | ^^^^^^^^^^^^^^^^^^^^^^^^^^^^^^^^^^^^^^^^^^^^^^^^^^^^^^^^^^^^^^^^^^^^^^
  4 | import { competencies, projects, getCategoryLabel } from "@/lib/data";
  5 | import { getProjectCategorySections } from "@/lib/view-models/projects";
  6 |

Import map: aliased to relative './components/portfolio/visual-preview' inside of [project]/

https://nextjs.org/docs/messages/module-not-found @ http://127.0.0.1:3000/Portfolio-bts/_next/static/chunks/node_modules_next_dist_0u_w_5s._.js:1945
[  481772ms] [ERROR] ./app/veille/page.tsx:3:1
Module not found: Can't resolve '@/components/portfolio/visual-preview'
  1 | import Link from "next/link";
  2 | import { ArrowUpRight } from "lucide-react";
> 3 | import { VisualPreview } from "@/components/portfolio/visual-preview";
    | ^^^^^^^^^^^^^^^^^^^^^^^^^^^^^^^^^^^^^^^^^^^^^^^^^^^^^^^^^^^^^^^^^^^^^^
  4 | import { Badge } from "@/components/ui/badge";
  5 | import { watchEntries } from "@/lib/data";
  6 |

Import map: aliased to relative './components/portfolio/visual-preview' inside of [project]/

https://nextjs.org/docs/messages/module-not-found @ http://127.0.0.1:3000/Portfolio-bts/_next/static/chunks/node_modules_next_dist_0u_w_5s._.js:1945
[  481833ms] [ERROR] ./app/projets/page.tsx:3:1
Module not found: Can't resolve '@/components/portfolio/visual-preview'
  1 | import Link from "next/link";
  2 | import { ArrowUpRight } from "lucide-react";
> 3 | import { VisualPreview } from "@/components/portfolio/visual-preview";
    | ^^^^^^^^^^^^^^^^^^^^^^^^^^^^^^^^^^^^^^^^^^^^^^^^^^^^^^^^^^^^^^^^^^^^^^
  4 | import { competencies, projects, getCategoryLabel } from "@/lib/data";
  5 | import { getProjectCategorySections } from "@/lib/view-models/projects";
  6 |

Import map: aliased to relative './components/portfolio/visual-preview' inside of [project]/

https://nextjs.org/docs/messages/module-not-found @ http://127.0.0.1:3000/Portfolio-bts/_next/static/chunks/node_modules_next_dist_0u_w_5s._.js:1945
[  481834ms] [ERROR] ./app/veille/page.tsx:3:1
Module not found: Can't resolve '@/components/portfolio/visual-preview'
  1 | import Link from "next/link";
  2 | import { ArrowUpRight } from "lucide-react";
> 3 | import { VisualPreview } from "@/components/portfolio/visual-preview";
    | ^^^^^^^^^^^^^^^^^^^^^^^^^^^^^^^^^^^^^^^^^^^^^^^^^^^^^^^^^^^^^^^^^^^^^^
  4 | import { Badge } from "@/components/ui/badge";
  5 | import { watchEntries } from "@/lib/data";
  6 |

Import map: aliased to relative './components/portfolio/visual-preview' inside of [project]/

https://nextjs.org/docs/messages/module-not-found @ http://127.0.0.1:3000/Portfolio-bts/_next/static/chunks/node_modules_next_dist_0u_w_5s._.js:1945
[  481894ms] [ERROR] ./app/projets/page.tsx:3:1
Module not found: Can't resolve '@/components/portfolio/visual-preview'
  1 | import Link from "next/link";
  2 | import { ArrowUpRight } from "lucide-react";
> 3 | import { VisualPreview } from "@/components/portfolio/visual-preview";
    | ^^^^^^^^^^^^^^^^^^^^^^^^^^^^^^^^^^^^^^^^^^^^^^^^^^^^^^^^^^^^^^^^^^^^^^
  4 | import { competencies, projects, getCategoryLabel } from "@/lib/data";
  5 | import { getProjectCategorySections } from "@/lib/view-models/projects";
  6 |

Import map: aliased to relative './components/portfolio/visual-preview' inside of [project]/

https://nextjs.org/docs/messages/module-not-found @ http://127.0.0.1:3000/Portfolio-bts/_next/static/chunks/node_modules_next_dist_0u_w_5s._.js:1945
[  481894ms] [ERROR] ./app/veille/page.tsx:3:1
Module not found: Can't resolve '@/components/portfolio/visual-preview'
  1 | import Link from "next/link";
  2 | import { ArrowUpRight } from "lucide-react";
> 3 | import { VisualPreview } from "@/components/portfolio/visual-preview";
    | ^^^^^^^^^^^^^^^^^^^^^^^^^^^^^^^^^^^^^^^^^^^^^^^^^^^^^^^^^^^^^^^^^^^^^^
  4 | import { Badge } from "@/components/ui/badge";
  5 | import { watchEntries } from "@/lib/data";
  6 |

Import map: aliased to relative './components/portfolio/visual-preview' inside of [project]/

https://nextjs.org/docs/messages/module-not-found @ http://127.0.0.1:3000/Portfolio-bts/_next/static/chunks/node_modules_next_dist_0u_w_5s._.js:1945
[  481957ms] [ERROR] ./app/projets/page.tsx:3:1
Module not found: Can't resolve '@/components/portfolio/visual-preview'
  1 | import Link from "next/link";
  2 | import { ArrowUpRight } from "lucide-react";
> 3 | import { VisualPreview } from "@/components/portfolio/visual-preview";
    | ^^^^^^^^^^^^^^^^^^^^^^^^^^^^^^^^^^^^^^^^^^^^^^^^^^^^^^^^^^^^^^^^^^^^^^
  4 | import { competencies, projects, getCategoryLabel } from "@/lib/data";
  5 | import { getProjectCategorySections } from "@/lib/view-models/projects";
  6 |

Import map: aliased to relative './components/portfolio/visual-preview' inside of [project]/

https://nextjs.org/docs/messages/module-not-found @ http://127.0.0.1:3000/Portfolio-bts/_next/static/chunks/node_modules_next_dist_0u_w_5s._.js:1945
[  481957ms] [ERROR] ./app/veille/page.tsx:3:1
Module not found: Can't resolve '@/components/portfolio/visual-preview'
  1 | import Link from "next/link";
  2 | import { ArrowUpRight } from "lucide-react";
> 3 | import { VisualPreview } from "@/components/portfolio/visual-preview";
    | ^^^^^^^^^^^^^^^^^^^^^^^^^^^^^^^^^^^^^^^^^^^^^^^^^^^^^^^^^^^^^^^^^^^^^^
  4 | import { Badge } from "@/components/ui/badge";
  5 | import { watchEntries } from "@/lib/data";
  6 |

Import map: aliased to relative './components/portfolio/visual-preview' inside of [project]/

https://nextjs.org/docs/messages/module-not-found @ http://127.0.0.1:3000/Portfolio-bts/_next/static/chunks/node_modules_next_dist_0u_w_5s._.js:1945
[  482019ms] [ERROR] ./app/projets/page.tsx:3:1
Module not found: Can't resolve '@/components/portfolio/visual-preview'
  1 | import Link from "next/link";
  2 | import { ArrowUpRight } from "lucide-react";
> 3 | import { VisualPreview } from "@/components/portfolio/visual-preview";
    | ^^^^^^^^^^^^^^^^^^^^^^^^^^^^^^^^^^^^^^^^^^^^^^^^^^^^^^^^^^^^^^^^^^^^^^
  4 | import { competencies, projects, getCategoryLabel } from "@/lib/data";
  5 | import { getProjectCategorySections } from "@/lib/view-models/projects";
  6 |

Import map: aliased to relative './components/portfolio/visual-preview' inside of [project]/

https://nextjs.org/docs/messages/module-not-found @ http://127.0.0.1:3000/Portfolio-bts/_next/static/chunks/node_modules_next_dist_0u_w_5s._.js:1945
[  482019ms] [ERROR] ./app/veille/page.tsx:3:1
Module not found: Can't resolve '@/components/portfolio/visual-preview'
  1 | import Link from "next/link";
  2 | import { ArrowUpRight } from "lucide-react";
> 3 | import { VisualPreview } from "@/components/portfolio/visual-preview";
    | ^^^^^^^^^^^^^^^^^^^^^^^^^^^^^^^^^^^^^^^^^^^^^^^^^^^^^^^^^^^^^^^^^^^^^^
  4 | import { Badge } from "@/components/ui/badge";
  5 | import { watchEntries } from "@/lib/data";
  6 |

Import map: aliased to relative './components/portfolio/visual-preview' inside of [project]/

https://nextjs.org/docs/messages/module-not-found @ http://127.0.0.1:3000/Portfolio-bts/_next/static/chunks/node_modules_next_dist_0u_w_5s._.js:1945
[  482081ms] [ERROR] ./app/projets/page.tsx:3:1
Module not found: Can't resolve '@/components/portfolio/visual-preview'
  1 | import Link from "next/link";
  2 | import { ArrowUpRight } from "lucide-react";
> 3 | import { VisualPreview } from "@/components/portfolio/visual-preview";
    | ^^^^^^^^^^^^^^^^^^^^^^^^^^^^^^^^^^^^^^^^^^^^^^^^^^^^^^^^^^^^^^^^^^^^^^
  4 | import { competencies, projects, getCategoryLabel } from "@/lib/data";
  5 | import { getProjectCategorySections } from "@/lib/view-models/projects";
  6 |

Import map: aliased to relative './components/portfolio/visual-preview' inside of [project]/

https://nextjs.org/docs/messages/module-not-found @ http://127.0.0.1:3000/Portfolio-bts/_next/static/chunks/node_modules_next_dist_0u_w_5s._.js:1945
[  482081ms] [ERROR] ./app/veille/page.tsx:3:1
Module not found: Can't resolve '@/components/portfolio/visual-preview'
  1 | import Link from "next/link";
  2 | import { ArrowUpRight } from "lucide-react";
> 3 | import { VisualPreview } from "@/components/portfolio/visual-preview";
    | ^^^^^^^^^^^^^^^^^^^^^^^^^^^^^^^^^^^^^^^^^^^^^^^^^^^^^^^^^^^^^^^^^^^^^^
  4 | import { Badge } from "@/components/ui/badge";
  5 | import { watchEntries } from "@/lib/data";
  6 |

Import map: aliased to relative './components/portfolio/visual-preview' inside of [project]/

https://nextjs.org/docs/messages/module-not-found @ http://127.0.0.1:3000/Portfolio-bts/_next/static/chunks/node_modules_next_dist_0u_w_5s._.js:1945
[  482145ms] [ERROR] ./app/projets/page.tsx:3:1
Module not found: Can't resolve '@/components/portfolio/visual-preview'
  1 | import Link from "next/link";
  2 | import { ArrowUpRight } from "lucide-react";
> 3 | import { VisualPreview } from "@/components/portfolio/visual-preview";
    | ^^^^^^^^^^^^^^^^^^^^^^^^^^^^^^^^^^^^^^^^^^^^^^^^^^^^^^^^^^^^^^^^^^^^^^
  4 | import { competencies, projects, getCategoryLabel } from "@/lib/data";
  5 | import { getProjectCategorySections } from "@/lib/view-models/projects";
  6 |

Import map: aliased to relative './components/portfolio/visual-preview' inside of [project]/

https://nextjs.org/docs/messages/module-not-found @ http://127.0.0.1:3000/Portfolio-bts/_next/static/chunks/node_modules_next_dist_0u_w_5s._.js:1945
[  482145ms] [ERROR] ./app/veille/page.tsx:3:1
Module not found: Can't resolve '@/components/portfolio/visual-preview'
  1 | import Link from "next/link";
  2 | import { ArrowUpRight } from "lucide-react";
> 3 | import { VisualPreview } from "@/components/portfolio/visual-preview";
    | ^^^^^^^^^^^^^^^^^^^^^^^^^^^^^^^^^^^^^^^^^^^^^^^^^^^^^^^^^^^^^^^^^^^^^^
  4 | import { Badge } from "@/components/ui/badge";
  5 | import { watchEntries } from "@/lib/data";
  6 |

Import map: aliased to relative './components/portfolio/visual-preview' inside of [project]/

https://nextjs.org/docs/messages/module-not-found @ http://127.0.0.1:3000/Portfolio-bts/_next/static/chunks/node_modules_next_dist_0u_w_5s._.js:1945
[  482205ms] [ERROR] ./app/projets/page.tsx:3:1
Module not found: Can't resolve '@/components/portfolio/visual-preview'
  1 | import Link from "next/link";
  2 | import { ArrowUpRight } from "lucide-react";
> 3 | import { VisualPreview } from "@/components/portfolio/visual-preview";
    | ^^^^^^^^^^^^^^^^^^^^^^^^^^^^^^^^^^^^^^^^^^^^^^^^^^^^^^^^^^^^^^^^^^^^^^
  4 | import { competencies, projects, getCategoryLabel } from "@/lib/data";
  5 | import { getProjectCategorySections } from "@/lib/view-models/projects";
  6 |

Import map: aliased to relative './components/portfolio/visual-preview' inside of [project]/

https://nextjs.org/docs/messages/module-not-found @ http://127.0.0.1:3000/Portfolio-bts/_next/static/chunks/node_modules_next_dist_0u_w_5s._.js:1945
[  482205ms] [ERROR] ./app/veille/page.tsx:3:1
Module not found: Can't resolve '@/components/portfolio/visual-preview'
  1 | import Link from "next/link";
  2 | import { ArrowUpRight } from "lucide-react";
> 3 | import { VisualPreview } from "@/components/portfolio/visual-preview";
    | ^^^^^^^^^^^^^^^^^^^^^^^^^^^^^^^^^^^^^^^^^^^^^^^^^^^^^^^^^^^^^^^^^^^^^^
  4 | import { Badge } from "@/components/ui/badge";
  5 | import { watchEntries } from "@/lib/data";
  6 |

Import map: aliased to relative './components/portfolio/visual-preview' inside of [project]/

https://nextjs.org/docs/messages/module-not-found @ http://127.0.0.1:3000/Portfolio-bts/_next/static/chunks/node_modules_next_dist_0u_w_5s._.js:1945
[  482267ms] [ERROR] ./app/projets/page.tsx:3:1
Module not found: Can't resolve '@/components/portfolio/visual-preview'
  1 | import Link from "next/link";
  2 | import { ArrowUpRight } from "lucide-react";
> 3 | import { VisualPreview } from "@/components/portfolio/visual-preview";
    | ^^^^^^^^^^^^^^^^^^^^^^^^^^^^^^^^^^^^^^^^^^^^^^^^^^^^^^^^^^^^^^^^^^^^^^
  4 | import { competencies, projects, getCategoryLabel } from "@/lib/data";
  5 | import { getProjectCategorySections } from "@/lib/view-models/projects";
  6 |

Import map: aliased to relative './components/portfolio/visual-preview' inside of [project]/

https://nextjs.org/docs/messages/module-not-found @ http://127.0.0.1:3000/Portfolio-bts/_next/static/chunks/node_modules_next_dist_0u_w_5s._.js:1945
[  482267ms] [ERROR] ./app/veille/page.tsx:3:1
Module not found: Can't resolve '@/components/portfolio/visual-preview'
  1 | import Link from "next/link";
  2 | import { ArrowUpRight } from "lucide-react";
> 3 | import { VisualPreview } from "@/components/portfolio/visual-preview";
    | ^^^^^^^^^^^^^^^^^^^^^^^^^^^^^^^^^^^^^^^^^^^^^^^^^^^^^^^^^^^^^^^^^^^^^^
  4 | import { Badge } from "@/components/ui/badge";
  5 | import { watchEntries } from "@/lib/data";
  6 |

Import map: aliased to relative './components/portfolio/visual-preview' inside of [project]/

https://nextjs.org/docs/messages/module-not-found @ http://127.0.0.1:3000/Portfolio-bts/_next/static/chunks/node_modules_next_dist_0u_w_5s._.js:1945
[  482328ms] [ERROR] ./app/projets/page.tsx:3:1
Module not found: Can't resolve '@/components/portfolio/visual-preview'
  1 | import Link from "next/link";
  2 | import { ArrowUpRight } from "lucide-react";
> 3 | import { VisualPreview } from "@/components/portfolio/visual-preview";
    | ^^^^^^^^^^^^^^^^^^^^^^^^^^^^^^^^^^^^^^^^^^^^^^^^^^^^^^^^^^^^^^^^^^^^^^
  4 | import { competencies, projects, getCategoryLabel } from "@/lib/data";
  5 | import { getProjectCategorySections } from "@/lib/view-models/projects";
  6 |

Import map: aliased to relative './components/portfolio/visual-preview' inside of [project]/

https://nextjs.org/docs/messages/module-not-found @ http://127.0.0.1:3000/Portfolio-bts/_next/static/chunks/node_modules_next_dist_0u_w_5s._.js:1945
[  482328ms] [ERROR] ./app/veille/page.tsx:3:1
Module not found: Can't resolve '@/components/portfolio/visual-preview'
  1 | import Link from "next/link";
  2 | import { ArrowUpRight } from "lucide-react";
> 3 | import { VisualPreview } from "@/components/portfolio/visual-preview";
    | ^^^^^^^^^^^^^^^^^^^^^^^^^^^^^^^^^^^^^^^^^^^^^^^^^^^^^^^^^^^^^^^^^^^^^^
  4 | import { Badge } from "@/components/ui/badge";
  5 | import { watchEntries } from "@/lib/data";
  6 |

Import map: aliased to relative './components/portfolio/visual-preview' inside of [project]/

https://nextjs.org/docs/messages/module-not-found @ http://127.0.0.1:3000/Portfolio-bts/_next/static/chunks/node_modules_next_dist_0u_w_5s._.js:1945
[  482389ms] [ERROR] ./app/projets/page.tsx:3:1
Module not found: Can't resolve '@/components/portfolio/visual-preview'
  1 | import Link from "next/link";
  2 | import { ArrowUpRight } from "lucide-react";
> 3 | import { VisualPreview } from "@/components/portfolio/visual-preview";
    | ^^^^^^^^^^^^^^^^^^^^^^^^^^^^^^^^^^^^^^^^^^^^^^^^^^^^^^^^^^^^^^^^^^^^^^
  4 | import { competencies, projects, getCategoryLabel } from "@/lib/data";
  5 | import { getProjectCategorySections } from "@/lib/view-models/projects";
  6 |

Import map: aliased to relative './components/portfolio/visual-preview' inside of [project]/

https://nextjs.org/docs/messages/module-not-found @ http://127.0.0.1:3000/Portfolio-bts/_next/static/chunks/node_modules_next_dist_0u_w_5s._.js:1945
[  482390ms] [ERROR] ./app/veille/page.tsx:3:1
Module not found: Can't resolve '@/components/portfolio/visual-preview'
  1 | import Link from "next/link";
  2 | import { ArrowUpRight } from "lucide-react";
> 3 | import { VisualPreview } from "@/components/portfolio/visual-preview";
    | ^^^^^^^^^^^^^^^^^^^^^^^^^^^^^^^^^^^^^^^^^^^^^^^^^^^^^^^^^^^^^^^^^^^^^^
  4 | import { Badge } from "@/components/ui/badge";
  5 | import { watchEntries } from "@/lib/data";
  6 |

Import map: aliased to relative './components/portfolio/visual-preview' inside of [project]/

https://nextjs.org/docs/messages/module-not-found @ http://127.0.0.1:3000/Portfolio-bts/_next/static/chunks/node_modules_next_dist_0u_w_5s._.js:1945
[  482451ms] [ERROR] ./app/projets/page.tsx:3:1
Module not found: Can't resolve '@/components/portfolio/visual-preview'
  1 | import Link from "next/link";
  2 | import { ArrowUpRight } from "lucide-react";
> 3 | import { VisualPreview } from "@/components/portfolio/visual-preview";
    | ^^^^^^^^^^^^^^^^^^^^^^^^^^^^^^^^^^^^^^^^^^^^^^^^^^^^^^^^^^^^^^^^^^^^^^
  4 | import { competencies, projects, getCategoryLabel } from "@/lib/data";
  5 | import { getProjectCategorySections } from "@/lib/view-models/projects";
  6 |

Import map: aliased to relative './components/portfolio/visual-preview' inside of [project]/

https://nextjs.org/docs/messages/module-not-found @ http://127.0.0.1:3000/Portfolio-bts/_next/static/chunks/node_modules_next_dist_0u_w_5s._.js:1945
[  482451ms] [ERROR] ./app/veille/page.tsx:3:1
Module not found: Can't resolve '@/components/portfolio/visual-preview'
  1 | import Link from "next/link";
  2 | import { ArrowUpRight } from "lucide-react";
> 3 | import { VisualPreview } from "@/components/portfolio/visual-preview";
    | ^^^^^^^^^^^^^^^^^^^^^^^^^^^^^^^^^^^^^^^^^^^^^^^^^^^^^^^^^^^^^^^^^^^^^^
  4 | import { Badge } from "@/components/ui/badge";
  5 | import { watchEntries } from "@/lib/data";
  6 |

Import map: aliased to relative './components/portfolio/visual-preview' inside of [project]/

https://nextjs.org/docs/messages/module-not-found @ http://127.0.0.1:3000/Portfolio-bts/_next/static/chunks/node_modules_next_dist_0u_w_5s._.js:1945
[  482514ms] [ERROR] ./app/projets/page.tsx:3:1
Module not found: Can't resolve '@/components/portfolio/visual-preview'
  1 | import Link from "next/link";
  2 | import { ArrowUpRight } from "lucide-react";
> 3 | import { VisualPreview } from "@/components/portfolio/visual-preview";
    | ^^^^^^^^^^^^^^^^^^^^^^^^^^^^^^^^^^^^^^^^^^^^^^^^^^^^^^^^^^^^^^^^^^^^^^
  4 | import { competencies, projects, getCategoryLabel } from "@/lib/data";
  5 | import { getProjectCategorySections } from "@/lib/view-models/projects";
  6 |

Import map: aliased to relative './components/portfolio/visual-preview' inside of [project]/

https://nextjs.org/docs/messages/module-not-found @ http://127.0.0.1:3000/Portfolio-bts/_next/static/chunks/node_modules_next_dist_0u_w_5s._.js:1945
[  482514ms] [ERROR] ./app/veille/page.tsx:3:1
Module not found: Can't resolve '@/components/portfolio/visual-preview'
  1 | import Link from "next/link";
  2 | import { ArrowUpRight } from "lucide-react";
> 3 | import { VisualPreview } from "@/components/portfolio/visual-preview";
    | ^^^^^^^^^^^^^^^^^^^^^^^^^^^^^^^^^^^^^^^^^^^^^^^^^^^^^^^^^^^^^^^^^^^^^^
  4 | import { Badge } from "@/components/ui/badge";
  5 | import { watchEntries } from "@/lib/data";
  6 |

Import map: aliased to relative './components/portfolio/visual-preview' inside of [project]/

https://nextjs.org/docs/messages/module-not-found @ http://127.0.0.1:3000/Portfolio-bts/_next/static/chunks/node_modules_next_dist_0u_w_5s._.js:1945
[  482577ms] [ERROR] ./app/projets/page.tsx:3:1
Module not found: Can't resolve '@/components/portfolio/visual-preview'
  1 | import Link from "next/link";
  2 | import { ArrowUpRight } from "lucide-react";
> 3 | import { VisualPreview } from "@/components/portfolio/visual-preview";
    | ^^^^^^^^^^^^^^^^^^^^^^^^^^^^^^^^^^^^^^^^^^^^^^^^^^^^^^^^^^^^^^^^^^^^^^
  4 | import { competencies, projects, getCategoryLabel } from "@/lib/data";
  5 | import { getProjectCategorySections } from "@/lib/view-models/projects";
  6 |

Import map: aliased to relative './components/portfolio/visual-preview' inside of [project]/

https://nextjs.org/docs/messages/module-not-found @ http://127.0.0.1:3000/Portfolio-bts/_next/static/chunks/node_modules_next_dist_0u_w_5s._.js:1945
[  482577ms] [ERROR] ./app/veille/page.tsx:3:1
Module not found: Can't resolve '@/components/portfolio/visual-preview'
  1 | import Link from "next/link";
  2 | import { ArrowUpRight } from "lucide-react";
> 3 | import { VisualPreview } from "@/components/portfolio/visual-preview";
    | ^^^^^^^^^^^^^^^^^^^^^^^^^^^^^^^^^^^^^^^^^^^^^^^^^^^^^^^^^^^^^^^^^^^^^^
  4 | import { Badge } from "@/components/ui/badge";
  5 | import { watchEntries } from "@/lib/data";
  6 |

Import map: aliased to relative './components/portfolio/visual-preview' inside of [project]/

https://nextjs.org/docs/messages/module-not-found @ http://127.0.0.1:3000/Portfolio-bts/_next/static/chunks/node_modules_next_dist_0u_w_5s._.js:1945
[  482640ms] [ERROR] ./app/projets/page.tsx:3:1
Module not found: Can't resolve '@/components/portfolio/visual-preview'
  1 | import Link from "next/link";
  2 | import { ArrowUpRight } from "lucide-react";
> 3 | import { VisualPreview } from "@/components/portfolio/visual-preview";
    | ^^^^^^^^^^^^^^^^^^^^^^^^^^^^^^^^^^^^^^^^^^^^^^^^^^^^^^^^^^^^^^^^^^^^^^
  4 | import { competencies, projects, getCategoryLabel } from "@/lib/data";
  5 | import { getProjectCategorySections } from "@/lib/view-models/projects";
  6 |

Import map: aliased to relative './components/portfolio/visual-preview' inside of [project]/

https://nextjs.org/docs/messages/module-not-found @ http://127.0.0.1:3000/Portfolio-bts/_next/static/chunks/node_modules_next_dist_0u_w_5s._.js:1945
[  482640ms] [ERROR] ./app/veille/page.tsx:3:1
Module not found: Can't resolve '@/components/portfolio/visual-preview'
  1 | import Link from "next/link";
  2 | import { ArrowUpRight } from "lucide-react";
> 3 | import { VisualPreview } from "@/components/portfolio/visual-preview";
    | ^^^^^^^^^^^^^^^^^^^^^^^^^^^^^^^^^^^^^^^^^^^^^^^^^^^^^^^^^^^^^^^^^^^^^^
  4 | import { Badge } from "@/components/ui/badge";
  5 | import { watchEntries } from "@/lib/data";
  6 |

Import map: aliased to relative './components/portfolio/visual-preview' inside of [project]/

https://nextjs.org/docs/messages/module-not-found @ http://127.0.0.1:3000/Portfolio-bts/_next/static/chunks/node_modules_next_dist_0u_w_5s._.js:1945
[  482702ms] [ERROR] ./app/projets/page.tsx:3:1
Module not found: Can't resolve '@/components/portfolio/visual-preview'
  1 | import Link from "next/link";
  2 | import { ArrowUpRight } from "lucide-react";
> 3 | import { VisualPreview } from "@/components/portfolio/visual-preview";
    | ^^^^^^^^^^^^^^^^^^^^^^^^^^^^^^^^^^^^^^^^^^^^^^^^^^^^^^^^^^^^^^^^^^^^^^
  4 | import { competencies, projects, getCategoryLabel } from "@/lib/data";
  5 | import { getProjectCategorySections } from "@/lib/view-models/projects";
  6 |

Import map: aliased to relative './components/portfolio/visual-preview' inside of [project]/

https://nextjs.org/docs/messages/module-not-found @ http://127.0.0.1:3000/Portfolio-bts/_next/static/chunks/node_modules_next_dist_0u_w_5s._.js:1945
[  482702ms] [ERROR] ./app/veille/page.tsx:3:1
Module not found: Can't resolve '@/components/portfolio/visual-preview'
  1 | import Link from "next/link";
  2 | import { ArrowUpRight } from "lucide-react";
> 3 | import { VisualPreview } from "@/components/portfolio/visual-preview";
    | ^^^^^^^^^^^^^^^^^^^^^^^^^^^^^^^^^^^^^^^^^^^^^^^^^^^^^^^^^^^^^^^^^^^^^^
  4 | import { Badge } from "@/components/ui/badge";
  5 | import { watchEntries } from "@/lib/data";
  6 |

Import map: aliased to relative './components/portfolio/visual-preview' inside of [project]/

https://nextjs.org/docs/messages/module-not-found @ http://127.0.0.1:3000/Portfolio-bts/_next/static/chunks/node_modules_next_dist_0u_w_5s._.js:1945
[  482763ms] [ERROR] ./app/projets/page.tsx:3:1
Module not found: Can't resolve '@/components/portfolio/visual-preview'
  1 | import Link from "next/link";
  2 | import { ArrowUpRight } from "lucide-react";
> 3 | import { VisualPreview } from "@/components/portfolio/visual-preview";
    | ^^^^^^^^^^^^^^^^^^^^^^^^^^^^^^^^^^^^^^^^^^^^^^^^^^^^^^^^^^^^^^^^^^^^^^
  4 | import { competencies, projects, getCategoryLabel } from "@/lib/data";
  5 | import { getProjectCategorySections } from "@/lib/view-models/projects";
  6 |

Import map: aliased to relative './components/portfolio/visual-preview' inside of [project]/

https://nextjs.org/docs/messages/module-not-found @ http://127.0.0.1:3000/Portfolio-bts/_next/static/chunks/node_modules_next_dist_0u_w_5s._.js:1945
[  482763ms] [ERROR] ./app/veille/page.tsx:3:1
Module not found: Can't resolve '@/components/portfolio/visual-preview'
  1 | import Link from "next/link";
  2 | import { ArrowUpRight } from "lucide-react";
> 3 | import { VisualPreview } from "@/components/portfolio/visual-preview";
    | ^^^^^^^^^^^^^^^^^^^^^^^^^^^^^^^^^^^^^^^^^^^^^^^^^^^^^^^^^^^^^^^^^^^^^^
  4 | import { Badge } from "@/components/ui/badge";
  5 | import { watchEntries } from "@/lib/data";
  6 |

Import map: aliased to relative './components/portfolio/visual-preview' inside of [project]/

https://nextjs.org/docs/messages/module-not-found @ http://127.0.0.1:3000/Portfolio-bts/_next/static/chunks/node_modules_next_dist_0u_w_5s._.js:1945
[  482826ms] [ERROR] ./app/projets/page.tsx:3:1
Module not found: Can't resolve '@/components/portfolio/visual-preview'
  1 | import Link from "next/link";
  2 | import { ArrowUpRight } from "lucide-react";
> 3 | import { VisualPreview } from "@/components/portfolio/visual-preview";
    | ^^^^^^^^^^^^^^^^^^^^^^^^^^^^^^^^^^^^^^^^^^^^^^^^^^^^^^^^^^^^^^^^^^^^^^
  4 | import { competencies, projects, getCategoryLabel } from "@/lib/data";
  5 | import { getProjectCategorySections } from "@/lib/view-models/projects";
  6 |

Import map: aliased to relative './components/portfolio/visual-preview' inside of [project]/

https://nextjs.org/docs/messages/module-not-found @ http://127.0.0.1:3000/Portfolio-bts/_next/static/chunks/node_modules_next_dist_0u_w_5s._.js:1945
[  482826ms] [ERROR] ./app/veille/page.tsx:3:1
Module not found: Can't resolve '@/components/portfolio/visual-preview'
  1 | import Link from "next/link";
  2 | import { ArrowUpRight } from "lucide-react";
> 3 | import { VisualPreview } from "@/components/portfolio/visual-preview";
    | ^^^^^^^^^^^^^^^^^^^^^^^^^^^^^^^^^^^^^^^^^^^^^^^^^^^^^^^^^^^^^^^^^^^^^^
  4 | import { Badge } from "@/components/ui/badge";
  5 | import { watchEntries } from "@/lib/data";
  6 |

Import map: aliased to relative './components/portfolio/visual-preview' inside of [project]/

https://nextjs.org/docs/messages/module-not-found @ http://127.0.0.1:3000/Portfolio-bts/_next/static/chunks/node_modules_next_dist_0u_w_5s._.js:1945
[  482889ms] [ERROR] ./app/projets/page.tsx:3:1
Module not found: Can't resolve '@/components/portfolio/visual-preview'
  1 | import Link from "next/link";
  2 | import { ArrowUpRight } from "lucide-react";
> 3 | import { VisualPreview } from "@/components/portfolio/visual-preview";
    | ^^^^^^^^^^^^^^^^^^^^^^^^^^^^^^^^^^^^^^^^^^^^^^^^^^^^^^^^^^^^^^^^^^^^^^
  4 | import { competencies, projects, getCategoryLabel } from "@/lib/data";
  5 | import { getProjectCategorySections } from "@/lib/view-models/projects";
  6 |

Import map: aliased to relative './components/portfolio/visual-preview' inside of [project]/

https://nextjs.org/docs/messages/module-not-found @ http://127.0.0.1:3000/Portfolio-bts/_next/static/chunks/node_modules_next_dist_0u_w_5s._.js:1945
[  482889ms] [ERROR] ./app/veille/page.tsx:3:1
Module not found: Can't resolve '@/components/portfolio/visual-preview'
  1 | import Link from "next/link";
  2 | import { ArrowUpRight } from "lucide-react";
> 3 | import { VisualPreview } from "@/components/portfolio/visual-preview";
    | ^^^^^^^^^^^^^^^^^^^^^^^^^^^^^^^^^^^^^^^^^^^^^^^^^^^^^^^^^^^^^^^^^^^^^^
  4 | import { Badge } from "@/components/ui/badge";
  5 | import { watchEntries } from "@/lib/data";
  6 |

Import map: aliased to relative './components/portfolio/visual-preview' inside of [project]/

https://nextjs.org/docs/messages/module-not-found @ http://127.0.0.1:3000/Portfolio-bts/_next/static/chunks/node_modules_next_dist_0u_w_5s._.js:1945
[  482950ms] [ERROR] ./app/projets/page.tsx:3:1
Module not found: Can't resolve '@/components/portfolio/visual-preview'
  1 | import Link from "next/link";
  2 | import { ArrowUpRight } from "lucide-react";
> 3 | import { VisualPreview } from "@/components/portfolio/visual-preview";
    | ^^^^^^^^^^^^^^^^^^^^^^^^^^^^^^^^^^^^^^^^^^^^^^^^^^^^^^^^^^^^^^^^^^^^^^
  4 | import { competencies, projects, getCategoryLabel } from "@/lib/data";
  5 | import { getProjectCategorySections } from "@/lib/view-models/projects";
  6 |

Import map: aliased to relative './components/portfolio/visual-preview' inside of [project]/

https://nextjs.org/docs/messages/module-not-found @ http://127.0.0.1:3000/Portfolio-bts/_next/static/chunks/node_modules_next_dist_0u_w_5s._.js:1945
[  482951ms] [ERROR] ./app/veille/page.tsx:3:1
Module not found: Can't resolve '@/components/portfolio/visual-preview'
  1 | import Link from "next/link";
  2 | import { ArrowUpRight } from "lucide-react";
> 3 | import { VisualPreview } from "@/components/portfolio/visual-preview";
    | ^^^^^^^^^^^^^^^^^^^^^^^^^^^^^^^^^^^^^^^^^^^^^^^^^^^^^^^^^^^^^^^^^^^^^^
  4 | import { Badge } from "@/components/ui/badge";
  5 | import { watchEntries } from "@/lib/data";
  6 |

Import map: aliased to relative './components/portfolio/visual-preview' inside of [project]/

https://nextjs.org/docs/messages/module-not-found @ http://127.0.0.1:3000/Portfolio-bts/_next/static/chunks/node_modules_next_dist_0u_w_5s._.js:1945
[  483013ms] [ERROR] ./app/projets/page.tsx:3:1
Module not found: Can't resolve '@/components/portfolio/visual-preview'
  1 | import Link from "next/link";
  2 | import { ArrowUpRight } from "lucide-react";
> 3 | import { VisualPreview } from "@/components/portfolio/visual-preview";
    | ^^^^^^^^^^^^^^^^^^^^^^^^^^^^^^^^^^^^^^^^^^^^^^^^^^^^^^^^^^^^^^^^^^^^^^
  4 | import { competencies, projects, getCategoryLabel } from "@/lib/data";
  5 | import { getProjectCategorySections } from "@/lib/view-models/projects";
  6 |

Import map: aliased to relative './components/portfolio/visual-preview' inside of [project]/

https://nextjs.org/docs/messages/module-not-found @ http://127.0.0.1:3000/Portfolio-bts/_next/static/chunks/node_modules_next_dist_0u_w_5s._.js:1945
[  483013ms] [ERROR] ./app/veille/page.tsx:3:1
Module not found: Can't resolve '@/components/portfolio/visual-preview'
  1 | import Link from "next/link";
  2 | import { ArrowUpRight } from "lucide-react";
> 3 | import { VisualPreview } from "@/components/portfolio/visual-preview";
    | ^^^^^^^^^^^^^^^^^^^^^^^^^^^^^^^^^^^^^^^^^^^^^^^^^^^^^^^^^^^^^^^^^^^^^^
  4 | import { Badge } from "@/components/ui/badge";
  5 | import { watchEntries } from "@/lib/data";
  6 |

Import map: aliased to relative './components/portfolio/visual-preview' inside of [project]/

https://nextjs.org/docs/messages/module-not-found @ http://127.0.0.1:3000/Portfolio-bts/_next/static/chunks/node_modules_next_dist_0u_w_5s._.js:1945
[  483075ms] [ERROR] ./app/projets/page.tsx:3:1
Module not found: Can't resolve '@/components/portfolio/visual-preview'
  1 | import Link from "next/link";
  2 | import { ArrowUpRight } from "lucide-react";
> 3 | import { VisualPreview } from "@/components/portfolio/visual-preview";
    | ^^^^^^^^^^^^^^^^^^^^^^^^^^^^^^^^^^^^^^^^^^^^^^^^^^^^^^^^^^^^^^^^^^^^^^
  4 | import { competencies, projects, getCategoryLabel } from "@/lib/data";
  5 | import { getProjectCategorySections } from "@/lib/view-models/projects";
  6 |

Import map: aliased to relative './components/portfolio/visual-preview' inside of [project]/

https://nextjs.org/docs/messages/module-not-found @ http://127.0.0.1:3000/Portfolio-bts/_next/static/chunks/node_modules_next_dist_0u_w_5s._.js:1945
[  483076ms] [ERROR] ./app/veille/page.tsx:3:1
Module not found: Can't resolve '@/components/portfolio/visual-preview'
  1 | import Link from "next/link";
  2 | import { ArrowUpRight } from "lucide-react";
> 3 | import { VisualPreview } from "@/components/portfolio/visual-preview";
    | ^^^^^^^^^^^^^^^^^^^^^^^^^^^^^^^^^^^^^^^^^^^^^^^^^^^^^^^^^^^^^^^^^^^^^^
  4 | import { Badge } from "@/components/ui/badge";
  5 | import { watchEntries } from "@/lib/data";
  6 |

Import map: aliased to relative './components/portfolio/visual-preview' inside of [project]/

https://nextjs.org/docs/messages/module-not-found @ http://127.0.0.1:3000/Portfolio-bts/_next/static/chunks/node_modules_next_dist_0u_w_5s._.js:1945
[  483155ms] [ERROR] ./app/projets/page.tsx:3:1
Module not found: Can't resolve '@/components/portfolio/visual-preview'
  1 | import Link from "next/link";
  2 | import { ArrowUpRight } from "lucide-react";
> 3 | import { VisualPreview } from "@/components/portfolio/visual-preview";
    | ^^^^^^^^^^^^^^^^^^^^^^^^^^^^^^^^^^^^^^^^^^^^^^^^^^^^^^^^^^^^^^^^^^^^^^
  4 | import { competencies, projects, getCategoryLabel } from "@/lib/data";
  5 | import { getProjectCategorySections } from "@/lib/view-models/projects";
  6 |

Import map: aliased to relative './components/portfolio/visual-preview' inside of [project]/

https://nextjs.org/docs/messages/module-not-found @ http://127.0.0.1:3000/Portfolio-bts/_next/static/chunks/node_modules_next_dist_0u_w_5s._.js:1945
[  483155ms] [ERROR] ./app/veille/page.tsx:3:1
Module not found: Can't resolve '@/components/portfolio/visual-preview'
  1 | import Link from "next/link";
  2 | import { ArrowUpRight } from "lucide-react";
> 3 | import { VisualPreview } from "@/components/portfolio/visual-preview";
    | ^^^^^^^^^^^^^^^^^^^^^^^^^^^^^^^^^^^^^^^^^^^^^^^^^^^^^^^^^^^^^^^^^^^^^^
  4 | import { Badge } from "@/components/ui/badge";
  5 | import { watchEntries } from "@/lib/data";
  6 |

Import map: aliased to relative './components/portfolio/visual-preview' inside of [project]/

https://nextjs.org/docs/messages/module-not-found @ http://127.0.0.1:3000/Portfolio-bts/_next/static/chunks/node_modules_next_dist_0u_w_5s._.js:1945
[  483216ms] [ERROR] ./app/projets/page.tsx:3:1
Module not found: Can't resolve '@/components/portfolio/visual-preview'
  1 | import Link from "next/link";
  2 | import { ArrowUpRight } from "lucide-react";
> 3 | import { VisualPreview } from "@/components/portfolio/visual-preview";
    | ^^^^^^^^^^^^^^^^^^^^^^^^^^^^^^^^^^^^^^^^^^^^^^^^^^^^^^^^^^^^^^^^^^^^^^
  4 | import { competencies, projects, getCategoryLabel } from "@/lib/data";
  5 | import { getProjectCategorySections } from "@/lib/view-models/projects";
  6 |

Import map: aliased to relative './components/portfolio/visual-preview' inside of [project]/

https://nextjs.org/docs/messages/module-not-found @ http://127.0.0.1:3000/Portfolio-bts/_next/static/chunks/node_modules_next_dist_0u_w_5s._.js:1945
[  483216ms] [ERROR] ./app/veille/page.tsx:3:1
Module not found: Can't resolve '@/components/portfolio/visual-preview'
  1 | import Link from "next/link";
  2 | import { ArrowUpRight } from "lucide-react";
> 3 | import { VisualPreview } from "@/components/portfolio/visual-preview";
    | ^^^^^^^^^^^^^^^^^^^^^^^^^^^^^^^^^^^^^^^^^^^^^^^^^^^^^^^^^^^^^^^^^^^^^^
  4 | import { Badge } from "@/components/ui/badge";
  5 | import { watchEntries } from "@/lib/data";
  6 |

Import map: aliased to relative './components/portfolio/visual-preview' inside of [project]/

https://nextjs.org/docs/messages/module-not-found @ http://127.0.0.1:3000/Portfolio-bts/_next/static/chunks/node_modules_next_dist_0u_w_5s._.js:1945
[  483277ms] [ERROR] ./app/projets/page.tsx:3:1
Module not found: Can't resolve '@/components/portfolio/visual-preview'
  1 | import Link from "next/link";
  2 | import { ArrowUpRight } from "lucide-react";
> 3 | import { VisualPreview } from "@/components/portfolio/visual-preview";
    | ^^^^^^^^^^^^^^^^^^^^^^^^^^^^^^^^^^^^^^^^^^^^^^^^^^^^^^^^^^^^^^^^^^^^^^
  4 | import { competencies, projects, getCategoryLabel } from "@/lib/data";
  5 | import { getProjectCategorySections } from "@/lib/view-models/projects";
  6 |

Import map: aliased to relative './components/portfolio/visual-preview' inside of [project]/

https://nextjs.org/docs/messages/module-not-found @ http://127.0.0.1:3000/Portfolio-bts/_next/static/chunks/node_modules_next_dist_0u_w_5s._.js:1945
[  483277ms] [ERROR] ./app/veille/page.tsx:3:1
Module not found: Can't resolve '@/components/portfolio/visual-preview'
  1 | import Link from "next/link";
  2 | import { ArrowUpRight } from "lucide-react";
> 3 | import { VisualPreview } from "@/components/portfolio/visual-preview";
    | ^^^^^^^^^^^^^^^^^^^^^^^^^^^^^^^^^^^^^^^^^^^^^^^^^^^^^^^^^^^^^^^^^^^^^^
  4 | import { Badge } from "@/components/ui/badge";
  5 | import { watchEntries } from "@/lib/data";
  6 |

Import map: aliased to relative './components/portfolio/visual-preview' inside of [project]/

https://nextjs.org/docs/messages/module-not-found @ http://127.0.0.1:3000/Portfolio-bts/_next/static/chunks/node_modules_next_dist_0u_w_5s._.js:1945
[  483339ms] [ERROR] ./app/projets/page.tsx:3:1
Module not found: Can't resolve '@/components/portfolio/visual-preview'
  1 | import Link from "next/link";
  2 | import { ArrowUpRight } from "lucide-react";
> 3 | import { VisualPreview } from "@/components/portfolio/visual-preview";
    | ^^^^^^^^^^^^^^^^^^^^^^^^^^^^^^^^^^^^^^^^^^^^^^^^^^^^^^^^^^^^^^^^^^^^^^
  4 | import { competencies, projects, getCategoryLabel } from "@/lib/data";
  5 | import { getProjectCategorySections } from "@/lib/view-models/projects";
  6 |

Import map: aliased to relative './components/portfolio/visual-preview' inside of [project]/

https://nextjs.org/docs/messages/module-not-found @ http://127.0.0.1:3000/Portfolio-bts/_next/static/chunks/node_modules_next_dist_0u_w_5s._.js:1945
[  483340ms] [ERROR] ./app/veille/page.tsx:3:1
Module not found: Can't resolve '@/components/portfolio/visual-preview'
  1 | import Link from "next/link";
  2 | import { ArrowUpRight } from "lucide-react";
> 3 | import { VisualPreview } from "@/components/portfolio/visual-preview";
    | ^^^^^^^^^^^^^^^^^^^^^^^^^^^^^^^^^^^^^^^^^^^^^^^^^^^^^^^^^^^^^^^^^^^^^^
  4 | import { Badge } from "@/components/ui/badge";
  5 | import { watchEntries } from "@/lib/data";
  6 |

Import map: aliased to relative './components/portfolio/visual-preview' inside of [project]/

https://nextjs.org/docs/messages/module-not-found @ http://127.0.0.1:3000/Portfolio-bts/_next/static/chunks/node_modules_next_dist_0u_w_5s._.js:1945
[  483403ms] [ERROR] ./app/projets/page.tsx:3:1
Module not found: Can't resolve '@/components/portfolio/visual-preview'
  1 | import Link from "next/link";
  2 | import { ArrowUpRight } from "lucide-react";
> 3 | import { VisualPreview } from "@/components/portfolio/visual-preview";
    | ^^^^^^^^^^^^^^^^^^^^^^^^^^^^^^^^^^^^^^^^^^^^^^^^^^^^^^^^^^^^^^^^^^^^^^
  4 | import { competencies, projects, getCategoryLabel } from "@/lib/data";
  5 | import { getProjectCategorySections } from "@/lib/view-models/projects";
  6 |

Import map: aliased to relative './components/portfolio/visual-preview' inside of [project]/

https://nextjs.org/docs/messages/module-not-found @ http://127.0.0.1:3000/Portfolio-bts/_next/static/chunks/node_modules_next_dist_0u_w_5s._.js:1945
[  483403ms] [ERROR] ./app/veille/page.tsx:3:1
Module not found: Can't resolve '@/components/portfolio/visual-preview'
  1 | import Link from "next/link";
  2 | import { ArrowUpRight } from "lucide-react";
> 3 | import { VisualPreview } from "@/components/portfolio/visual-preview";
    | ^^^^^^^^^^^^^^^^^^^^^^^^^^^^^^^^^^^^^^^^^^^^^^^^^^^^^^^^^^^^^^^^^^^^^^
  4 | import { Badge } from "@/components/ui/badge";
  5 | import { watchEntries } from "@/lib/data";
  6 |

Import map: aliased to relative './components/portfolio/visual-preview' inside of [project]/

https://nextjs.org/docs/messages/module-not-found @ http://127.0.0.1:3000/Portfolio-bts/_next/static/chunks/node_modules_next_dist_0u_w_5s._.js:1945
[  483465ms] [ERROR] ./app/projets/page.tsx:3:1
Module not found: Can't resolve '@/components/portfolio/visual-preview'
  1 | import Link from "next/link";
  2 | import { ArrowUpRight } from "lucide-react";
> 3 | import { VisualPreview } from "@/components/portfolio/visual-preview";
    | ^^^^^^^^^^^^^^^^^^^^^^^^^^^^^^^^^^^^^^^^^^^^^^^^^^^^^^^^^^^^^^^^^^^^^^
  4 | import { competencies, projects, getCategoryLabel } from "@/lib/data";
  5 | import { getProjectCategorySections } from "@/lib/view-models/projects";
  6 |

Import map: aliased to relative './components/portfolio/visual-preview' inside of [project]/

https://nextjs.org/docs/messages/module-not-found @ http://127.0.0.1:3000/Portfolio-bts/_next/static/chunks/node_modules_next_dist_0u_w_5s._.js:1945
[  483466ms] [ERROR] ./app/veille/page.tsx:3:1
Module not found: Can't resolve '@/components/portfolio/visual-preview'
  1 | import Link from "next/link";
  2 | import { ArrowUpRight } from "lucide-react";
> 3 | import { VisualPreview } from "@/components/portfolio/visual-preview";
    | ^^^^^^^^^^^^^^^^^^^^^^^^^^^^^^^^^^^^^^^^^^^^^^^^^^^^^^^^^^^^^^^^^^^^^^
  4 | import { Badge } from "@/components/ui/badge";
  5 | import { watchEntries } from "@/lib/data";
  6 |

Import map: aliased to relative './components/portfolio/visual-preview' inside of [project]/

https://nextjs.org/docs/messages/module-not-found @ http://127.0.0.1:3000/Portfolio-bts/_next/static/chunks/node_modules_next_dist_0u_w_5s._.js:1945
[  483527ms] [ERROR] ./app/projets/page.tsx:3:1
Module not found: Can't resolve '@/components/portfolio/visual-preview'
  1 | import Link from "next/link";
  2 | import { ArrowUpRight } from "lucide-react";
> 3 | import { VisualPreview } from "@/components/portfolio/visual-preview";
    | ^^^^^^^^^^^^^^^^^^^^^^^^^^^^^^^^^^^^^^^^^^^^^^^^^^^^^^^^^^^^^^^^^^^^^^
  4 | import { competencies, projects, getCategoryLabel } from "@/lib/data";
  5 | import { getProjectCategorySections } from "@/lib/view-models/projects";
  6 |

Import map: aliased to relative './components/portfolio/visual-preview' inside of [project]/

https://nextjs.org/docs/messages/module-not-found @ http://127.0.0.1:3000/Portfolio-bts/_next/static/chunks/node_modules_next_dist_0u_w_5s._.js:1945
[  483527ms] [ERROR] ./app/veille/page.tsx:3:1
Module not found: Can't resolve '@/components/portfolio/visual-preview'
  1 | import Link from "next/link";
  2 | import { ArrowUpRight } from "lucide-react";
> 3 | import { VisualPreview } from "@/components/portfolio/visual-preview";
    | ^^^^^^^^^^^^^^^^^^^^^^^^^^^^^^^^^^^^^^^^^^^^^^^^^^^^^^^^^^^^^^^^^^^^^^
  4 | import { Badge } from "@/components/ui/badge";
  5 | import { watchEntries } from "@/lib/data";
  6 |

Import map: aliased to relative './components/portfolio/visual-preview' inside of [project]/

https://nextjs.org/docs/messages/module-not-found @ http://127.0.0.1:3000/Portfolio-bts/_next/static/chunks/node_modules_next_dist_0u_w_5s._.js:1945
[  483589ms] [ERROR] ./app/projets/page.tsx:3:1
Module not found: Can't resolve '@/components/portfolio/visual-preview'
  1 | import Link from "next/link";
  2 | import { ArrowUpRight } from "lucide-react";
> 3 | import { VisualPreview } from "@/components/portfolio/visual-preview";
    | ^^^^^^^^^^^^^^^^^^^^^^^^^^^^^^^^^^^^^^^^^^^^^^^^^^^^^^^^^^^^^^^^^^^^^^
  4 | import { competencies, projects, getCategoryLabel } from "@/lib/data";
  5 | import { getProjectCategorySections } from "@/lib/view-models/projects";
  6 |

Import map: aliased to relative './components/portfolio/visual-preview' inside of [project]/

https://nextjs.org/docs/messages/module-not-found @ http://127.0.0.1:3000/Portfolio-bts/_next/static/chunks/node_modules_next_dist_0u_w_5s._.js:1945
[  483589ms] [ERROR] ./app/veille/page.tsx:3:1
Module not found: Can't resolve '@/components/portfolio/visual-preview'
  1 | import Link from "next/link";
  2 | import { ArrowUpRight } from "lucide-react";
> 3 | import { VisualPreview } from "@/components/portfolio/visual-preview";
    | ^^^^^^^^^^^^^^^^^^^^^^^^^^^^^^^^^^^^^^^^^^^^^^^^^^^^^^^^^^^^^^^^^^^^^^
  4 | import { Badge } from "@/components/ui/badge";
  5 | import { watchEntries } from "@/lib/data";
  6 |

Import map: aliased to relative './components/portfolio/visual-preview' inside of [project]/

https://nextjs.org/docs/messages/module-not-found @ http://127.0.0.1:3000/Portfolio-bts/_next/static/chunks/node_modules_next_dist_0u_w_5s._.js:1945
[  483651ms] [ERROR] ./app/projets/page.tsx:3:1
Module not found: Can't resolve '@/components/portfolio/visual-preview'
  1 | import Link from "next/link";
  2 | import { ArrowUpRight } from "lucide-react";
> 3 | import { VisualPreview } from "@/components/portfolio/visual-preview";
    | ^^^^^^^^^^^^^^^^^^^^^^^^^^^^^^^^^^^^^^^^^^^^^^^^^^^^^^^^^^^^^^^^^^^^^^
  4 | import { competencies, projects, getCategoryLabel } from "@/lib/data";
  5 | import { getProjectCategorySections } from "@/lib/view-models/projects";
  6 |

Import map: aliased to relative './components/portfolio/visual-preview' inside of [project]/

https://nextjs.org/docs/messages/module-not-found @ http://127.0.0.1:3000/Portfolio-bts/_next/static/chunks/node_modules_next_dist_0u_w_5s._.js:1945
[  483651ms] [ERROR] ./app/veille/page.tsx:3:1
Module not found: Can't resolve '@/components/portfolio/visual-preview'
  1 | import Link from "next/link";
  2 | import { ArrowUpRight } from "lucide-react";
> 3 | import { VisualPreview } from "@/components/portfolio/visual-preview";
    | ^^^^^^^^^^^^^^^^^^^^^^^^^^^^^^^^^^^^^^^^^^^^^^^^^^^^^^^^^^^^^^^^^^^^^^
  4 | import { Badge } from "@/components/ui/badge";
  5 | import { watchEntries } from "@/lib/data";
  6 |

Import map: aliased to relative './components/portfolio/visual-preview' inside of [project]/

https://nextjs.org/docs/messages/module-not-found @ http://127.0.0.1:3000/Portfolio-bts/_next/static/chunks/node_modules_next_dist_0u_w_5s._.js:1945
[  483713ms] [ERROR] ./app/projets/page.tsx:3:1
Module not found: Can't resolve '@/components/portfolio/visual-preview'
  1 | import Link from "next/link";
  2 | import { ArrowUpRight } from "lucide-react";
> 3 | import { VisualPreview } from "@/components/portfolio/visual-preview";
    | ^^^^^^^^^^^^^^^^^^^^^^^^^^^^^^^^^^^^^^^^^^^^^^^^^^^^^^^^^^^^^^^^^^^^^^
  4 | import { competencies, projects, getCategoryLabel } from "@/lib/data";
  5 | import { getProjectCategorySections } from "@/lib/view-models/projects";
  6 |

Import map: aliased to relative './components/portfolio/visual-preview' inside of [project]/

https://nextjs.org/docs/messages/module-not-found @ http://127.0.0.1:3000/Portfolio-bts/_next/static/chunks/node_modules_next_dist_0u_w_5s._.js:1945
[  483713ms] [ERROR] ./app/veille/page.tsx:3:1
Module not found: Can't resolve '@/components/portfolio/visual-preview'
  1 | import Link from "next/link";
  2 | import { ArrowUpRight } from "lucide-react";
> 3 | import { VisualPreview } from "@/components/portfolio/visual-preview";
    | ^^^^^^^^^^^^^^^^^^^^^^^^^^^^^^^^^^^^^^^^^^^^^^^^^^^^^^^^^^^^^^^^^^^^^^
  4 | import { Badge } from "@/components/ui/badge";
  5 | import { watchEntries } from "@/lib/data";
  6 |

Import map: aliased to relative './components/portfolio/visual-preview' inside of [project]/

https://nextjs.org/docs/messages/module-not-found @ http://127.0.0.1:3000/Portfolio-bts/_next/static/chunks/node_modules_next_dist_0u_w_5s._.js:1945
[  483774ms] [ERROR] ./app/projets/page.tsx:3:1
Module not found: Can't resolve '@/components/portfolio/visual-preview'
  1 | import Link from "next/link";
  2 | import { ArrowUpRight } from "lucide-react";
> 3 | import { VisualPreview } from "@/components/portfolio/visual-preview";
    | ^^^^^^^^^^^^^^^^^^^^^^^^^^^^^^^^^^^^^^^^^^^^^^^^^^^^^^^^^^^^^^^^^^^^^^
  4 | import { competencies, projects, getCategoryLabel } from "@/lib/data";
  5 | import { getProjectCategorySections } from "@/lib/view-models/projects";
  6 |

Import map: aliased to relative './components/portfolio/visual-preview' inside of [project]/

https://nextjs.org/docs/messages/module-not-found @ http://127.0.0.1:3000/Portfolio-bts/_next/static/chunks/node_modules_next_dist_0u_w_5s._.js:1945
[  483774ms] [ERROR] ./app/veille/page.tsx:3:1
Module not found: Can't resolve '@/components/portfolio/visual-preview'
  1 | import Link from "next/link";
  2 | import { ArrowUpRight } from "lucide-react";
> 3 | import { VisualPreview } from "@/components/portfolio/visual-preview";
    | ^^^^^^^^^^^^^^^^^^^^^^^^^^^^^^^^^^^^^^^^^^^^^^^^^^^^^^^^^^^^^^^^^^^^^^
  4 | import { Badge } from "@/components/ui/badge";
  5 | import { watchEntries } from "@/lib/data";
  6 |

Import map: aliased to relative './components/portfolio/visual-preview' inside of [project]/

https://nextjs.org/docs/messages/module-not-found @ http://127.0.0.1:3000/Portfolio-bts/_next/static/chunks/node_modules_next_dist_0u_w_5s._.js:1945
[  483835ms] [ERROR] ./app/projets/page.tsx:3:1
Module not found: Can't resolve '@/components/portfolio/visual-preview'
  1 | import Link from "next/link";
  2 | import { ArrowUpRight } from "lucide-react";
> 3 | import { VisualPreview } from "@/components/portfolio/visual-preview";
    | ^^^^^^^^^^^^^^^^^^^^^^^^^^^^^^^^^^^^^^^^^^^^^^^^^^^^^^^^^^^^^^^^^^^^^^
  4 | import { competencies, projects, getCategoryLabel } from "@/lib/data";
  5 | import { getProjectCategorySections } from "@/lib/view-models/projects";
  6 |

Import map: aliased to relative './components/portfolio/visual-preview' inside of [project]/

https://nextjs.org/docs/messages/module-not-found @ http://127.0.0.1:3000/Portfolio-bts/_next/static/chunks/node_modules_next_dist_0u_w_5s._.js:1945
[  483836ms] [ERROR] ./app/veille/page.tsx:3:1
Module not found: Can't resolve '@/components/portfolio/visual-preview'
  1 | import Link from "next/link";
  2 | import { ArrowUpRight } from "lucide-react";
> 3 | import { VisualPreview } from "@/components/portfolio/visual-preview";
    | ^^^^^^^^^^^^^^^^^^^^^^^^^^^^^^^^^^^^^^^^^^^^^^^^^^^^^^^^^^^^^^^^^^^^^^
  4 | import { Badge } from "@/components/ui/badge";
  5 | import { watchEntries } from "@/lib/data";
  6 |

Import map: aliased to relative './components/portfolio/visual-preview' inside of [project]/

https://nextjs.org/docs/messages/module-not-found @ http://127.0.0.1:3000/Portfolio-bts/_next/static/chunks/node_modules_next_dist_0u_w_5s._.js:1945
[  483897ms] [ERROR] ./app/projets/page.tsx:3:1
Module not found: Can't resolve '@/components/portfolio/visual-preview'
  1 | import Link from "next/link";
  2 | import { ArrowUpRight } from "lucide-react";
> 3 | import { VisualPreview } from "@/components/portfolio/visual-preview";
    | ^^^^^^^^^^^^^^^^^^^^^^^^^^^^^^^^^^^^^^^^^^^^^^^^^^^^^^^^^^^^^^^^^^^^^^
  4 | import { competencies, projects, getCategoryLabel } from "@/lib/data";
  5 | import { getProjectCategorySections } from "@/lib/view-models/projects";
  6 |

Import map: aliased to relative './components/portfolio/visual-preview' inside of [project]/

https://nextjs.org/docs/messages/module-not-found @ http://127.0.0.1:3000/Portfolio-bts/_next/static/chunks/node_modules_next_dist_0u_w_5s._.js:1945
[  483897ms] [ERROR] ./app/veille/page.tsx:3:1
Module not found: Can't resolve '@/components/portfolio/visual-preview'
  1 | import Link from "next/link";
  2 | import { ArrowUpRight } from "lucide-react";
> 3 | import { VisualPreview } from "@/components/portfolio/visual-preview";
    | ^^^^^^^^^^^^^^^^^^^^^^^^^^^^^^^^^^^^^^^^^^^^^^^^^^^^^^^^^^^^^^^^^^^^^^
  4 | import { Badge } from "@/components/ui/badge";
  5 | import { watchEntries } from "@/lib/data";
  6 |

Import map: aliased to relative './components/portfolio/visual-preview' inside of [project]/

https://nextjs.org/docs/messages/module-not-found @ http://127.0.0.1:3000/Portfolio-bts/_next/static/chunks/node_modules_next_dist_0u_w_5s._.js:1945
[  483959ms] [ERROR] ./app/projets/page.tsx:3:1
Module not found: Can't resolve '@/components/portfolio/visual-preview'
  1 | import Link from "next/link";
  2 | import { ArrowUpRight } from "lucide-react";
> 3 | import { VisualPreview } from "@/components/portfolio/visual-preview";
    | ^^^^^^^^^^^^^^^^^^^^^^^^^^^^^^^^^^^^^^^^^^^^^^^^^^^^^^^^^^^^^^^^^^^^^^
  4 | import { competencies, projects, getCategoryLabel } from "@/lib/data";
  5 | import { getProjectCategorySections } from "@/lib/view-models/projects";
  6 |

Import map: aliased to relative './components/portfolio/visual-preview' inside of [project]/

https://nextjs.org/docs/messages/module-not-found @ http://127.0.0.1:3000/Portfolio-bts/_next/static/chunks/node_modules_next_dist_0u_w_5s._.js:1945
[  483959ms] [ERROR] ./app/veille/page.tsx:3:1
Module not found: Can't resolve '@/components/portfolio/visual-preview'
  1 | import Link from "next/link";
  2 | import { ArrowUpRight } from "lucide-react";
> 3 | import { VisualPreview } from "@/components/portfolio/visual-preview";
    | ^^^^^^^^^^^^^^^^^^^^^^^^^^^^^^^^^^^^^^^^^^^^^^^^^^^^^^^^^^^^^^^^^^^^^^
  4 | import { Badge } from "@/components/ui/badge";
  5 | import { watchEntries } from "@/lib/data";
  6 |

Import map: aliased to relative './components/portfolio/visual-preview' inside of [project]/

https://nextjs.org/docs/messages/module-not-found @ http://127.0.0.1:3000/Portfolio-bts/_next/static/chunks/node_modules_next_dist_0u_w_5s._.js:1945
[  484022ms] [ERROR] ./app/projets/page.tsx:3:1
Module not found: Can't resolve '@/components/portfolio/visual-preview'
  1 | import Link from "next/link";
  2 | import { ArrowUpRight } from "lucide-react";
> 3 | import { VisualPreview } from "@/components/portfolio/visual-preview";
    | ^^^^^^^^^^^^^^^^^^^^^^^^^^^^^^^^^^^^^^^^^^^^^^^^^^^^^^^^^^^^^^^^^^^^^^
  4 | import { competencies, projects, getCategoryLabel } from "@/lib/data";
  5 | import { getProjectCategorySections } from "@/lib/view-models/projects";
  6 |

Import map: aliased to relative './components/portfolio/visual-preview' inside of [project]/

https://nextjs.org/docs/messages/module-not-found @ http://127.0.0.1:3000/Portfolio-bts/_next/static/chunks/node_modules_next_dist_0u_w_5s._.js:1945
[  484022ms] [ERROR] ./app/veille/page.tsx:3:1
Module not found: Can't resolve '@/components/portfolio/visual-preview'
  1 | import Link from "next/link";
  2 | import { ArrowUpRight } from "lucide-react";
> 3 | import { VisualPreview } from "@/components/portfolio/visual-preview";
    | ^^^^^^^^^^^^^^^^^^^^^^^^^^^^^^^^^^^^^^^^^^^^^^^^^^^^^^^^^^^^^^^^^^^^^^
  4 | import { Badge } from "@/components/ui/badge";
  5 | import { watchEntries } from "@/lib/data";
  6 |

Import map: aliased to relative './components/portfolio/visual-preview' inside of [project]/

https://nextjs.org/docs/messages/module-not-found @ http://127.0.0.1:3000/Portfolio-bts/_next/static/chunks/node_modules_next_dist_0u_w_5s._.js:1945
[  484085ms] [ERROR] ./app/projets/page.tsx:3:1
Module not found: Can't resolve '@/components/portfolio/visual-preview'
  1 | import Link from "next/link";
  2 | import { ArrowUpRight } from "lucide-react";
> 3 | import { VisualPreview } from "@/components/portfolio/visual-preview";
    | ^^^^^^^^^^^^^^^^^^^^^^^^^^^^^^^^^^^^^^^^^^^^^^^^^^^^^^^^^^^^^^^^^^^^^^
  4 | import { competencies, projects, getCategoryLabel } from "@/lib/data";
  5 | import { getProjectCategorySections } from "@/lib/view-models/projects";
  6 |

Import map: aliased to relative './components/portfolio/visual-preview' inside of [project]/

https://nextjs.org/docs/messages/module-not-found @ http://127.0.0.1:3000/Portfolio-bts/_next/static/chunks/node_modules_next_dist_0u_w_5s._.js:1945
[  484086ms] [ERROR] ./app/veille/page.tsx:3:1
Module not found: Can't resolve '@/components/portfolio/visual-preview'
  1 | import Link from "next/link";
  2 | import { ArrowUpRight } from "lucide-react";
> 3 | import { VisualPreview } from "@/components/portfolio/visual-preview";
    | ^^^^^^^^^^^^^^^^^^^^^^^^^^^^^^^^^^^^^^^^^^^^^^^^^^^^^^^^^^^^^^^^^^^^^^
  4 | import { Badge } from "@/components/ui/badge";
  5 | import { watchEntries } from "@/lib/data";
  6 |

Import map: aliased to relative './components/portfolio/visual-preview' inside of [project]/

https://nextjs.org/docs/messages/module-not-found @ http://127.0.0.1:3000/Portfolio-bts/_next/static/chunks/node_modules_next_dist_0u_w_5s._.js:1945
[  484165ms] [ERROR] ./app/projets/page.tsx:3:1
Module not found: Can't resolve '@/components/portfolio/visual-preview'
  1 | import Link from "next/link";
  2 | import { ArrowUpRight } from "lucide-react";
> 3 | import { VisualPreview } from "@/components/portfolio/visual-preview";
    | ^^^^^^^^^^^^^^^^^^^^^^^^^^^^^^^^^^^^^^^^^^^^^^^^^^^^^^^^^^^^^^^^^^^^^^
  4 | import { competencies, projects, getCategoryLabel } from "@/lib/data";
  5 | import { getProjectCategorySections } from "@/lib/view-models/projects";
  6 |

Import map: aliased to relative './components/portfolio/visual-preview' inside of [project]/

https://nextjs.org/docs/messages/module-not-found @ http://127.0.0.1:3000/Portfolio-bts/_next/static/chunks/node_modules_next_dist_0u_w_5s._.js:1945
[  484165ms] [ERROR] ./app/veille/page.tsx:3:1
Module not found: Can't resolve '@/components/portfolio/visual-preview'
  1 | import Link from "next/link";
  2 | import { ArrowUpRight } from "lucide-react";
> 3 | import { VisualPreview } from "@/components/portfolio/visual-preview";
    | ^^^^^^^^^^^^^^^^^^^^^^^^^^^^^^^^^^^^^^^^^^^^^^^^^^^^^^^^^^^^^^^^^^^^^^
  4 | import { Badge } from "@/components/ui/badge";
  5 | import { watchEntries } from "@/lib/data";
  6 |

Import map: aliased to relative './components/portfolio/visual-preview' inside of [project]/

https://nextjs.org/docs/messages/module-not-found @ http://127.0.0.1:3000/Portfolio-bts/_next/static/chunks/node_modules_next_dist_0u_w_5s._.js:1945
[  484225ms] [ERROR] ./app/projets/page.tsx:3:1
Module not found: Can't resolve '@/components/portfolio/visual-preview'
  1 | import Link from "next/link";
  2 | import { ArrowUpRight } from "lucide-react";
> 3 | import { VisualPreview } from "@/components/portfolio/visual-preview";
    | ^^^^^^^^^^^^^^^^^^^^^^^^^^^^^^^^^^^^^^^^^^^^^^^^^^^^^^^^^^^^^^^^^^^^^^
  4 | import { competencies, projects, getCategoryLabel } from "@/lib/data";
  5 | import { getProjectCategorySections } from "@/lib/view-models/projects";
  6 |

Import map: aliased to relative './components/portfolio/visual-preview' inside of [project]/

https://nextjs.org/docs/messages/module-not-found @ http://127.0.0.1:3000/Portfolio-bts/_next/static/chunks/node_modules_next_dist_0u_w_5s._.js:1945
[  484225ms] [ERROR] ./app/veille/page.tsx:3:1
Module not found: Can't resolve '@/components/portfolio/visual-preview'
  1 | import Link from "next/link";
  2 | import { ArrowUpRight } from "lucide-react";
> 3 | import { VisualPreview } from "@/components/portfolio/visual-preview";
    | ^^^^^^^^^^^^^^^^^^^^^^^^^^^^^^^^^^^^^^^^^^^^^^^^^^^^^^^^^^^^^^^^^^^^^^
  4 | import { Badge } from "@/components/ui/badge";
  5 | import { watchEntries } from "@/lib/data";
  6 |

Import map: aliased to relative './components/portfolio/visual-preview' inside of [project]/

https://nextjs.org/docs/messages/module-not-found @ http://127.0.0.1:3000/Portfolio-bts/_next/static/chunks/node_modules_next_dist_0u_w_5s._.js:1945
[  484287ms] [ERROR] ./app/projets/page.tsx:3:1
Module not found: Can't resolve '@/components/portfolio/visual-preview'
  1 | import Link from "next/link";
  2 | import { ArrowUpRight } from "lucide-react";
> 3 | import { VisualPreview } from "@/components/portfolio/visual-preview";
    | ^^^^^^^^^^^^^^^^^^^^^^^^^^^^^^^^^^^^^^^^^^^^^^^^^^^^^^^^^^^^^^^^^^^^^^
  4 | import { competencies, projects, getCategoryLabel } from "@/lib/data";
  5 | import { getProjectCategorySections } from "@/lib/view-models/projects";
  6 |

Import map: aliased to relative './components/portfolio/visual-preview' inside of [project]/

https://nextjs.org/docs/messages/module-not-found @ http://127.0.0.1:3000/Portfolio-bts/_next/static/chunks/node_modules_next_dist_0u_w_5s._.js:1945
[  484287ms] [ERROR] ./app/veille/page.tsx:3:1
Module not found: Can't resolve '@/components/portfolio/visual-preview'
  1 | import Link from "next/link";
  2 | import { ArrowUpRight } from "lucide-react";
> 3 | import { VisualPreview } from "@/components/portfolio/visual-preview";
    | ^^^^^^^^^^^^^^^^^^^^^^^^^^^^^^^^^^^^^^^^^^^^^^^^^^^^^^^^^^^^^^^^^^^^^^
  4 | import { Badge } from "@/components/ui/badge";
  5 | import { watchEntries } from "@/lib/data";
  6 |

Import map: aliased to relative './components/portfolio/visual-preview' inside of [project]/

https://nextjs.org/docs/messages/module-not-found @ http://127.0.0.1:3000/Portfolio-bts/_next/static/chunks/node_modules_next_dist_0u_w_5s._.js:1945
[  484350ms] [ERROR] ./app/projets/page.tsx:3:1
Module not found: Can't resolve '@/components/portfolio/visual-preview'
  1 | import Link from "next/link";
  2 | import { ArrowUpRight } from "lucide-react";
> 3 | import { VisualPreview } from "@/components/portfolio/visual-preview";
    | ^^^^^^^^^^^^^^^^^^^^^^^^^^^^^^^^^^^^^^^^^^^^^^^^^^^^^^^^^^^^^^^^^^^^^^
  4 | import { competencies, projects, getCategoryLabel } from "@/lib/data";
  5 | import { getProjectCategorySections } from "@/lib/view-models/projects";
  6 |

Import map: aliased to relative './components/portfolio/visual-preview' inside of [project]/

https://nextjs.org/docs/messages/module-not-found @ http://127.0.0.1:3000/Portfolio-bts/_next/static/chunks/node_modules_next_dist_0u_w_5s._.js:1945
[  484351ms] [ERROR] ./app/veille/page.tsx:3:1
Module not found: Can't resolve '@/components/portfolio/visual-preview'
  1 | import Link from "next/link";
  2 | import { ArrowUpRight } from "lucide-react";
> 3 | import { VisualPreview } from "@/components/portfolio/visual-preview";
    | ^^^^^^^^^^^^^^^^^^^^^^^^^^^^^^^^^^^^^^^^^^^^^^^^^^^^^^^^^^^^^^^^^^^^^^
  4 | import { Badge } from "@/components/ui/badge";
  5 | import { watchEntries } from "@/lib/data";
  6 |

Import map: aliased to relative './components/portfolio/visual-preview' inside of [project]/

https://nextjs.org/docs/messages/module-not-found @ http://127.0.0.1:3000/Portfolio-bts/_next/static/chunks/node_modules_next_dist_0u_w_5s._.js:1945
[  484412ms] [ERROR] ./app/projets/page.tsx:3:1
Module not found: Can't resolve '@/components/portfolio/visual-preview'
  1 | import Link from "next/link";
  2 | import { ArrowUpRight } from "lucide-react";
> 3 | import { VisualPreview } from "@/components/portfolio/visual-preview";
    | ^^^^^^^^^^^^^^^^^^^^^^^^^^^^^^^^^^^^^^^^^^^^^^^^^^^^^^^^^^^^^^^^^^^^^^
  4 | import { competencies, projects, getCategoryLabel } from "@/lib/data";
  5 | import { getProjectCategorySections } from "@/lib/view-models/projects";
  6 |

Import map: aliased to relative './components/portfolio/visual-preview' inside of [project]/

https://nextjs.org/docs/messages/module-not-found @ http://127.0.0.1:3000/Portfolio-bts/_next/static/chunks/node_modules_next_dist_0u_w_5s._.js:1945
[  484412ms] [ERROR] ./app/veille/page.tsx:3:1
Module not found: Can't resolve '@/components/portfolio/visual-preview'
  1 | import Link from "next/link";
  2 | import { ArrowUpRight } from "lucide-react";
> 3 | import { VisualPreview } from "@/components/portfolio/visual-preview";
    | ^^^^^^^^^^^^^^^^^^^^^^^^^^^^^^^^^^^^^^^^^^^^^^^^^^^^^^^^^^^^^^^^^^^^^^
  4 | import { Badge } from "@/components/ui/badge";
  5 | import { watchEntries } from "@/lib/data";
  6 |

Import map: aliased to relative './components/portfolio/visual-preview' inside of [project]/

https://nextjs.org/docs/messages/module-not-found @ http://127.0.0.1:3000/Portfolio-bts/_next/static/chunks/node_modules_next_dist_0u_w_5s._.js:1945
[  484475ms] [ERROR] ./app/projets/page.tsx:3:1
Module not found: Can't resolve '@/components/portfolio/visual-preview'
  1 | import Link from "next/link";
  2 | import { ArrowUpRight } from "lucide-react";
> 3 | import { VisualPreview } from "@/components/portfolio/visual-preview";
    | ^^^^^^^^^^^^^^^^^^^^^^^^^^^^^^^^^^^^^^^^^^^^^^^^^^^^^^^^^^^^^^^^^^^^^^
  4 | import { competencies, projects, getCategoryLabel } from "@/lib/data";
  5 | import { getProjectCategorySections } from "@/lib/view-models/projects";
  6 |

Import map: aliased to relative './components/portfolio/visual-preview' inside of [project]/

https://nextjs.org/docs/messages/module-not-found @ http://127.0.0.1:3000/Portfolio-bts/_next/static/chunks/node_modules_next_dist_0u_w_5s._.js:1945
[  484475ms] [ERROR] ./app/veille/page.tsx:3:1
Module not found: Can't resolve '@/components/portfolio/visual-preview'
  1 | import Link from "next/link";
  2 | import { ArrowUpRight } from "lucide-react";
> 3 | import { VisualPreview } from "@/components/portfolio/visual-preview";
    | ^^^^^^^^^^^^^^^^^^^^^^^^^^^^^^^^^^^^^^^^^^^^^^^^^^^^^^^^^^^^^^^^^^^^^^
  4 | import { Badge } from "@/components/ui/badge";
  5 | import { watchEntries } from "@/lib/data";
  6 |

Import map: aliased to relative './components/portfolio/visual-preview' inside of [project]/

https://nextjs.org/docs/messages/module-not-found @ http://127.0.0.1:3000/Portfolio-bts/_next/static/chunks/node_modules_next_dist_0u_w_5s._.js:1945
[  484537ms] [ERROR] ./app/projets/page.tsx:3:1
Module not found: Can't resolve '@/components/portfolio/visual-preview'
  1 | import Link from "next/link";
  2 | import { ArrowUpRight } from "lucide-react";
> 3 | import { VisualPreview } from "@/components/portfolio/visual-preview";
    | ^^^^^^^^^^^^^^^^^^^^^^^^^^^^^^^^^^^^^^^^^^^^^^^^^^^^^^^^^^^^^^^^^^^^^^
  4 | import { competencies, projects, getCategoryLabel } from "@/lib/data";
  5 | import { getProjectCategorySections } from "@/lib/view-models/projects";
  6 |

Import map: aliased to relative './components/portfolio/visual-preview' inside of [project]/

https://nextjs.org/docs/messages/module-not-found @ http://127.0.0.1:3000/Portfolio-bts/_next/static/chunks/node_modules_next_dist_0u_w_5s._.js:1945
[  484537ms] [ERROR] ./app/veille/page.tsx:3:1
Module not found: Can't resolve '@/components/portfolio/visual-preview'
  1 | import Link from "next/link";
  2 | import { ArrowUpRight } from "lucide-react";
> 3 | import { VisualPreview } from "@/components/portfolio/visual-preview";
    | ^^^^^^^^^^^^^^^^^^^^^^^^^^^^^^^^^^^^^^^^^^^^^^^^^^^^^^^^^^^^^^^^^^^^^^
  4 | import { Badge } from "@/components/ui/badge";
  5 | import { watchEntries } from "@/lib/data";
  6 |

Import map: aliased to relative './components/portfolio/visual-preview' inside of [project]/

https://nextjs.org/docs/messages/module-not-found @ http://127.0.0.1:3000/Portfolio-bts/_next/static/chunks/node_modules_next_dist_0u_w_5s._.js:1945
[  484599ms] [ERROR] ./app/projets/page.tsx:3:1
Module not found: Can't resolve '@/components/portfolio/visual-preview'
  1 | import Link from "next/link";
  2 | import { ArrowUpRight } from "lucide-react";
> 3 | import { VisualPreview } from "@/components/portfolio/visual-preview";
    | ^^^^^^^^^^^^^^^^^^^^^^^^^^^^^^^^^^^^^^^^^^^^^^^^^^^^^^^^^^^^^^^^^^^^^^
  4 | import { competencies, projects, getCategoryLabel } from "@/lib/data";
  5 | import { getProjectCategorySections } from "@/lib/view-models/projects";
  6 |

Import map: aliased to relative './components/portfolio/visual-preview' inside of [project]/

https://nextjs.org/docs/messages/module-not-found @ http://127.0.0.1:3000/Portfolio-bts/_next/static/chunks/node_modules_next_dist_0u_w_5s._.js:1945
[  484599ms] [ERROR] ./app/veille/page.tsx:3:1
Module not found: Can't resolve '@/components/portfolio/visual-preview'
  1 | import Link from "next/link";
  2 | import { ArrowUpRight } from "lucide-react";
> 3 | import { VisualPreview } from "@/components/portfolio/visual-preview";
    | ^^^^^^^^^^^^^^^^^^^^^^^^^^^^^^^^^^^^^^^^^^^^^^^^^^^^^^^^^^^^^^^^^^^^^^
  4 | import { Badge } from "@/components/ui/badge";
  5 | import { watchEntries } from "@/lib/data";
  6 |

Import map: aliased to relative './components/portfolio/visual-preview' inside of [project]/

https://nextjs.org/docs/messages/module-not-found @ http://127.0.0.1:3000/Portfolio-bts/_next/static/chunks/node_modules_next_dist_0u_w_5s._.js:1945
[  484662ms] [ERROR] ./app/projets/page.tsx:3:1
Module not found: Can't resolve '@/components/portfolio/visual-preview'
  1 | import Link from "next/link";
  2 | import { ArrowUpRight } from "lucide-react";
> 3 | import { VisualPreview } from "@/components/portfolio/visual-preview";
    | ^^^^^^^^^^^^^^^^^^^^^^^^^^^^^^^^^^^^^^^^^^^^^^^^^^^^^^^^^^^^^^^^^^^^^^
  4 | import { competencies, projects, getCategoryLabel } from "@/lib/data";
  5 | import { getProjectCategorySections } from "@/lib/view-models/projects";
  6 |

Import map: aliased to relative './components/portfolio/visual-preview' inside of [project]/

https://nextjs.org/docs/messages/module-not-found @ http://127.0.0.1:3000/Portfolio-bts/_next/static/chunks/node_modules_next_dist_0u_w_5s._.js:1945
[  484662ms] [ERROR] ./app/veille/page.tsx:3:1
Module not found: Can't resolve '@/components/portfolio/visual-preview'
  1 | import Link from "next/link";
  2 | import { ArrowUpRight } from "lucide-react";
> 3 | import { VisualPreview } from "@/components/portfolio/visual-preview";
    | ^^^^^^^^^^^^^^^^^^^^^^^^^^^^^^^^^^^^^^^^^^^^^^^^^^^^^^^^^^^^^^^^^^^^^^
  4 | import { Badge } from "@/components/ui/badge";
  5 | import { watchEntries } from "@/lib/data";
  6 |

Import map: aliased to relative './components/portfolio/visual-preview' inside of [project]/

https://nextjs.org/docs/messages/module-not-found @ http://127.0.0.1:3000/Portfolio-bts/_next/static/chunks/node_modules_next_dist_0u_w_5s._.js:1945
[  484725ms] [ERROR] ./app/projets/page.tsx:3:1
Module not found: Can't resolve '@/components/portfolio/visual-preview'
  1 | import Link from "next/link";
  2 | import { ArrowUpRight } from "lucide-react";
> 3 | import { VisualPreview } from "@/components/portfolio/visual-preview";
    | ^^^^^^^^^^^^^^^^^^^^^^^^^^^^^^^^^^^^^^^^^^^^^^^^^^^^^^^^^^^^^^^^^^^^^^
  4 | import { competencies, projects, getCategoryLabel } from "@/lib/data";
  5 | import { getProjectCategorySections } from "@/lib/view-models/projects";
  6 |

Import map: aliased to relative './components/portfolio/visual-preview' inside of [project]/

https://nextjs.org/docs/messages/module-not-found @ http://127.0.0.1:3000/Portfolio-bts/_next/static/chunks/node_modules_next_dist_0u_w_5s._.js:1945
[  484725ms] [ERROR] ./app/veille/page.tsx:3:1
Module not found: Can't resolve '@/components/portfolio/visual-preview'
  1 | import Link from "next/link";
  2 | import { ArrowUpRight } from "lucide-react";
> 3 | import { VisualPreview } from "@/components/portfolio/visual-preview";
    | ^^^^^^^^^^^^^^^^^^^^^^^^^^^^^^^^^^^^^^^^^^^^^^^^^^^^^^^^^^^^^^^^^^^^^^
  4 | import { Badge } from "@/components/ui/badge";
  5 | import { watchEntries } from "@/lib/data";
  6 |

Import map: aliased to relative './components/portfolio/visual-preview' inside of [project]/

https://nextjs.org/docs/messages/module-not-found @ http://127.0.0.1:3000/Portfolio-bts/_next/static/chunks/node_modules_next_dist_0u_w_5s._.js:1945
[  484788ms] [ERROR] ./app/projets/page.tsx:3:1
Module not found: Can't resolve '@/components/portfolio/visual-preview'
  1 | import Link from "next/link";
  2 | import { ArrowUpRight } from "lucide-react";
> 3 | import { VisualPreview } from "@/components/portfolio/visual-preview";
    | ^^^^^^^^^^^^^^^^^^^^^^^^^^^^^^^^^^^^^^^^^^^^^^^^^^^^^^^^^^^^^^^^^^^^^^
  4 | import { competencies, projects, getCategoryLabel } from "@/lib/data";
  5 | import { getProjectCategorySections } from "@/lib/view-models/projects";
  6 |

Import map: aliased to relative './components/portfolio/visual-preview' inside of [project]/

https://nextjs.org/docs/messages/module-not-found @ http://127.0.0.1:3000/Portfolio-bts/_next/static/chunks/node_modules_next_dist_0u_w_5s._.js:1945
[  484788ms] [ERROR] ./app/veille/page.tsx:3:1
Module not found: Can't resolve '@/components/portfolio/visual-preview'
  1 | import Link from "next/link";
  2 | import { ArrowUpRight } from "lucide-react";
> 3 | import { VisualPreview } from "@/components/portfolio/visual-preview";
    | ^^^^^^^^^^^^^^^^^^^^^^^^^^^^^^^^^^^^^^^^^^^^^^^^^^^^^^^^^^^^^^^^^^^^^^
  4 | import { Badge } from "@/components/ui/badge";
  5 | import { watchEntries } from "@/lib/data";
  6 |

Import map: aliased to relative './components/portfolio/visual-preview' inside of [project]/

https://nextjs.org/docs/messages/module-not-found @ http://127.0.0.1:3000/Portfolio-bts/_next/static/chunks/node_modules_next_dist_0u_w_5s._.js:1945
[  484849ms] [ERROR] ./app/projets/page.tsx:3:1
Module not found: Can't resolve '@/components/portfolio/visual-preview'
  1 | import Link from "next/link";
  2 | import { ArrowUpRight } from "lucide-react";
> 3 | import { VisualPreview } from "@/components/portfolio/visual-preview";
    | ^^^^^^^^^^^^^^^^^^^^^^^^^^^^^^^^^^^^^^^^^^^^^^^^^^^^^^^^^^^^^^^^^^^^^^
  4 | import { competencies, projects, getCategoryLabel } from "@/lib/data";
  5 | import { getProjectCategorySections } from "@/lib/view-models/projects";
  6 |

Import map: aliased to relative './components/portfolio/visual-preview' inside of [project]/

https://nextjs.org/docs/messages/module-not-found @ http://127.0.0.1:3000/Portfolio-bts/_next/static/chunks/node_modules_next_dist_0u_w_5s._.js:1945
[  484849ms] [ERROR] ./app/veille/page.tsx:3:1
Module not found: Can't resolve '@/components/portfolio/visual-preview'
  1 | import Link from "next/link";
  2 | import { ArrowUpRight } from "lucide-react";
> 3 | import { VisualPreview } from "@/components/portfolio/visual-preview";
    | ^^^^^^^^^^^^^^^^^^^^^^^^^^^^^^^^^^^^^^^^^^^^^^^^^^^^^^^^^^^^^^^^^^^^^^
  4 | import { Badge } from "@/components/ui/badge";
  5 | import { watchEntries } from "@/lib/data";
  6 |

Import map: aliased to relative './components/portfolio/visual-preview' inside of [project]/

https://nextjs.org/docs/messages/module-not-found @ http://127.0.0.1:3000/Portfolio-bts/_next/static/chunks/node_modules_next_dist_0u_w_5s._.js:1945
[  484912ms] [ERROR] ./app/projets/page.tsx:3:1
Module not found: Can't resolve '@/components/portfolio/visual-preview'
  1 | import Link from "next/link";
  2 | import { ArrowUpRight } from "lucide-react";
> 3 | import { VisualPreview } from "@/components/portfolio/visual-preview";
    | ^^^^^^^^^^^^^^^^^^^^^^^^^^^^^^^^^^^^^^^^^^^^^^^^^^^^^^^^^^^^^^^^^^^^^^
  4 | import { competencies, projects, getCategoryLabel } from "@/lib/data";
  5 | import { getProjectCategorySections } from "@/lib/view-models/projects";
  6 |

Import map: aliased to relative './components/portfolio/visual-preview' inside of [project]/

https://nextjs.org/docs/messages/module-not-found @ http://127.0.0.1:3000/Portfolio-bts/_next/static/chunks/node_modules_next_dist_0u_w_5s._.js:1945
[  484912ms] [ERROR] ./app/veille/page.tsx:3:1
Module not found: Can't resolve '@/components/portfolio/visual-preview'
  1 | import Link from "next/link";
  2 | import { ArrowUpRight } from "lucide-react";
> 3 | import { VisualPreview } from "@/components/portfolio/visual-preview";
    | ^^^^^^^^^^^^^^^^^^^^^^^^^^^^^^^^^^^^^^^^^^^^^^^^^^^^^^^^^^^^^^^^^^^^^^
  4 | import { Badge } from "@/components/ui/badge";
  5 | import { watchEntries } from "@/lib/data";
  6 |

Import map: aliased to relative './components/portfolio/visual-preview' inside of [project]/

https://nextjs.org/docs/messages/module-not-found @ http://127.0.0.1:3000/Portfolio-bts/_next/static/chunks/node_modules_next_dist_0u_w_5s._.js:1945
[  484973ms] [ERROR] ./app/projets/page.tsx:3:1
Module not found: Can't resolve '@/components/portfolio/visual-preview'
  1 | import Link from "next/link";
  2 | import { ArrowUpRight } from "lucide-react";
> 3 | import { VisualPreview } from "@/components/portfolio/visual-preview";
    | ^^^^^^^^^^^^^^^^^^^^^^^^^^^^^^^^^^^^^^^^^^^^^^^^^^^^^^^^^^^^^^^^^^^^^^
  4 | import { competencies, projects, getCategoryLabel } from "@/lib/data";
  5 | import { getProjectCategorySections } from "@/lib/view-models/projects";
  6 |

Import map: aliased to relative './components/portfolio/visual-preview' inside of [project]/

https://nextjs.org/docs/messages/module-not-found @ http://127.0.0.1:3000/Portfolio-bts/_next/static/chunks/node_modules_next_dist_0u_w_5s._.js:1945
[  484974ms] [ERROR] ./app/veille/page.tsx:3:1
Module not found: Can't resolve '@/components/portfolio/visual-preview'
  1 | import Link from "next/link";
  2 | import { ArrowUpRight } from "lucide-react";
> 3 | import { VisualPreview } from "@/components/portfolio/visual-preview";
    | ^^^^^^^^^^^^^^^^^^^^^^^^^^^^^^^^^^^^^^^^^^^^^^^^^^^^^^^^^^^^^^^^^^^^^^
  4 | import { Badge } from "@/components/ui/badge";
  5 | import { watchEntries } from "@/lib/data";
  6 |

Import map: aliased to relative './components/portfolio/visual-preview' inside of [project]/

https://nextjs.org/docs/messages/module-not-found @ http://127.0.0.1:3000/Portfolio-bts/_next/static/chunks/node_modules_next_dist_0u_w_5s._.js:1945
[  485035ms] [ERROR] ./app/projets/page.tsx:3:1
Module not found: Can't resolve '@/components/portfolio/visual-preview'
  1 | import Link from "next/link";
  2 | import { ArrowUpRight } from "lucide-react";
> 3 | import { VisualPreview } from "@/components/portfolio/visual-preview";
    | ^^^^^^^^^^^^^^^^^^^^^^^^^^^^^^^^^^^^^^^^^^^^^^^^^^^^^^^^^^^^^^^^^^^^^^
  4 | import { competencies, projects, getCategoryLabel } from "@/lib/data";
  5 | import { getProjectCategorySections } from "@/lib/view-models/projects";
  6 |

Import map: aliased to relative './components/portfolio/visual-preview' inside of [project]/

https://nextjs.org/docs/messages/module-not-found @ http://127.0.0.1:3000/Portfolio-bts/_next/static/chunks/node_modules_next_dist_0u_w_5s._.js:1945
[  485035ms] [ERROR] ./app/veille/page.tsx:3:1
Module not found: Can't resolve '@/components/portfolio/visual-preview'
  1 | import Link from "next/link";
  2 | import { ArrowUpRight } from "lucide-react";
> 3 | import { VisualPreview } from "@/components/portfolio/visual-preview";
    | ^^^^^^^^^^^^^^^^^^^^^^^^^^^^^^^^^^^^^^^^^^^^^^^^^^^^^^^^^^^^^^^^^^^^^^
  4 | import { Badge } from "@/components/ui/badge";
  5 | import { watchEntries } from "@/lib/data";
  6 |

Import map: aliased to relative './components/portfolio/visual-preview' inside of [project]/

https://nextjs.org/docs/messages/module-not-found @ http://127.0.0.1:3000/Portfolio-bts/_next/static/chunks/node_modules_next_dist_0u_w_5s._.js:1945
[  485097ms] [ERROR] ./app/projets/page.tsx:3:1
Module not found: Can't resolve '@/components/portfolio/visual-preview'
  1 | import Link from "next/link";
  2 | import { ArrowUpRight } from "lucide-react";
> 3 | import { VisualPreview } from "@/components/portfolio/visual-preview";
    | ^^^^^^^^^^^^^^^^^^^^^^^^^^^^^^^^^^^^^^^^^^^^^^^^^^^^^^^^^^^^^^^^^^^^^^
  4 | import { competencies, projects, getCategoryLabel } from "@/lib/data";
  5 | import { getProjectCategorySections } from "@/lib/view-models/projects";
  6 |

Import map: aliased to relative './components/portfolio/visual-preview' inside of [project]/

https://nextjs.org/docs/messages/module-not-found @ http://127.0.0.1:3000/Portfolio-bts/_next/static/chunks/node_modules_next_dist_0u_w_5s._.js:1945
[  485097ms] [ERROR] ./app/veille/page.tsx:3:1
Module not found: Can't resolve '@/components/portfolio/visual-preview'
  1 | import Link from "next/link";
  2 | import { ArrowUpRight } from "lucide-react";
> 3 | import { VisualPreview } from "@/components/portfolio/visual-preview";
    | ^^^^^^^^^^^^^^^^^^^^^^^^^^^^^^^^^^^^^^^^^^^^^^^^^^^^^^^^^^^^^^^^^^^^^^
  4 | import { Badge } from "@/components/ui/badge";
  5 | import { watchEntries } from "@/lib/data";
  6 |

Import map: aliased to relative './components/portfolio/visual-preview' inside of [project]/

https://nextjs.org/docs/messages/module-not-found @ http://127.0.0.1:3000/Portfolio-bts/_next/static/chunks/node_modules_next_dist_0u_w_5s._.js:1945
[  485167ms] [ERROR] ./app/projets/page.tsx:3:1
Module not found: Can't resolve '@/components/portfolio/visual-preview'
  1 | import Link from "next/link";
  2 | import { ArrowUpRight } from "lucide-react";
> 3 | import { VisualPreview } from "@/components/portfolio/visual-preview";
    | ^^^^^^^^^^^^^^^^^^^^^^^^^^^^^^^^^^^^^^^^^^^^^^^^^^^^^^^^^^^^^^^^^^^^^^
  4 | import { competencies, projects, getCategoryLabel } from "@/lib/data";
  5 | import { getProjectCategorySections } from "@/lib/view-models/projects";
  6 |

Import map: aliased to relative './components/portfolio/visual-preview' inside of [project]/

https://nextjs.org/docs/messages/module-not-found @ http://127.0.0.1:3000/Portfolio-bts/_next/static/chunks/node_modules_next_dist_0u_w_5s._.js:1945
[  485167ms] [ERROR] ./app/veille/page.tsx:3:1
Module not found: Can't resolve '@/components/portfolio/visual-preview'
  1 | import Link from "next/link";
  2 | import { ArrowUpRight } from "lucide-react";
> 3 | import { VisualPreview } from "@/components/portfolio/visual-preview";
    | ^^^^^^^^^^^^^^^^^^^^^^^^^^^^^^^^^^^^^^^^^^^^^^^^^^^^^^^^^^^^^^^^^^^^^^
  4 | import { Badge } from "@/components/ui/badge";
  5 | import { watchEntries } from "@/lib/data";
  6 |

Import map: aliased to relative './components/portfolio/visual-preview' inside of [project]/

https://nextjs.org/docs/messages/module-not-found @ http://127.0.0.1:3000/Portfolio-bts/_next/static/chunks/node_modules_next_dist_0u_w_5s._.js:1945
[  485224ms] [ERROR] ./app/projets/page.tsx:3:1
Module not found: Can't resolve '@/components/portfolio/visual-preview'
  1 | import Link from "next/link";
  2 | import { ArrowUpRight } from "lucide-react";
> 3 | import { VisualPreview } from "@/components/portfolio/visual-preview";
    | ^^^^^^^^^^^^^^^^^^^^^^^^^^^^^^^^^^^^^^^^^^^^^^^^^^^^^^^^^^^^^^^^^^^^^^
  4 | import { competencies, projects, getCategoryLabel } from "@/lib/data";
  5 | import { getProjectCategorySections } from "@/lib/view-models/projects";
  6 |

Import map: aliased to relative './components/portfolio/visual-preview' inside of [project]/

https://nextjs.org/docs/messages/module-not-found @ http://127.0.0.1:3000/Portfolio-bts/_next/static/chunks/node_modules_next_dist_0u_w_5s._.js:1945
[  485224ms] [ERROR] ./app/veille/page.tsx:3:1
Module not found: Can't resolve '@/components/portfolio/visual-preview'
  1 | import Link from "next/link";
  2 | import { ArrowUpRight } from "lucide-react";
> 3 | import { VisualPreview } from "@/components/portfolio/visual-preview";
    | ^^^^^^^^^^^^^^^^^^^^^^^^^^^^^^^^^^^^^^^^^^^^^^^^^^^^^^^^^^^^^^^^^^^^^^
  4 | import { Badge } from "@/components/ui/badge";
  5 | import { watchEntries } from "@/lib/data";
  6 |

Import map: aliased to relative './components/portfolio/visual-preview' inside of [project]/

https://nextjs.org/docs/messages/module-not-found @ http://127.0.0.1:3000/Portfolio-bts/_next/static/chunks/node_modules_next_dist_0u_w_5s._.js:1945
[  485286ms] [ERROR] ./app/projets/page.tsx:3:1
Module not found: Can't resolve '@/components/portfolio/visual-preview'
  1 | import Link from "next/link";
  2 | import { ArrowUpRight } from "lucide-react";
> 3 | import { VisualPreview } from "@/components/portfolio/visual-preview";
    | ^^^^^^^^^^^^^^^^^^^^^^^^^^^^^^^^^^^^^^^^^^^^^^^^^^^^^^^^^^^^^^^^^^^^^^
  4 | import { competencies, projects, getCategoryLabel } from "@/lib/data";
  5 | import { getProjectCategorySections } from "@/lib/view-models/projects";
  6 |

Import map: aliased to relative './components/portfolio/visual-preview' inside of [project]/

https://nextjs.org/docs/messages/module-not-found @ http://127.0.0.1:3000/Portfolio-bts/_next/static/chunks/node_modules_next_dist_0u_w_5s._.js:1945
[  485286ms] [ERROR] ./app/veille/page.tsx:3:1
Module not found: Can't resolve '@/components/portfolio/visual-preview'
  1 | import Link from "next/link";
  2 | import { ArrowUpRight } from "lucide-react";
> 3 | import { VisualPreview } from "@/components/portfolio/visual-preview";
    | ^^^^^^^^^^^^^^^^^^^^^^^^^^^^^^^^^^^^^^^^^^^^^^^^^^^^^^^^^^^^^^^^^^^^^^
  4 | import { Badge } from "@/components/ui/badge";
  5 | import { watchEntries } from "@/lib/data";
  6 |

Import map: aliased to relative './components/portfolio/visual-preview' inside of [project]/

https://nextjs.org/docs/messages/module-not-found @ http://127.0.0.1:3000/Portfolio-bts/_next/static/chunks/node_modules_next_dist_0u_w_5s._.js:1945
[  485347ms] [ERROR] ./app/projets/page.tsx:3:1
Module not found: Can't resolve '@/components/portfolio/visual-preview'
  1 | import Link from "next/link";
  2 | import { ArrowUpRight } from "lucide-react";
> 3 | import { VisualPreview } from "@/components/portfolio/visual-preview";
    | ^^^^^^^^^^^^^^^^^^^^^^^^^^^^^^^^^^^^^^^^^^^^^^^^^^^^^^^^^^^^^^^^^^^^^^
  4 | import { competencies, projects, getCategoryLabel } from "@/lib/data";
  5 | import { getProjectCategorySections } from "@/lib/view-models/projects";
  6 |

Import map: aliased to relative './components/portfolio/visual-preview' inside of [project]/

https://nextjs.org/docs/messages/module-not-found @ http://127.0.0.1:3000/Portfolio-bts/_next/static/chunks/node_modules_next_dist_0u_w_5s._.js:1945
[  485347ms] [ERROR] ./app/veille/page.tsx:3:1
Module not found: Can't resolve '@/components/portfolio/visual-preview'
  1 | import Link from "next/link";
  2 | import { ArrowUpRight } from "lucide-react";
> 3 | import { VisualPreview } from "@/components/portfolio/visual-preview";
    | ^^^^^^^^^^^^^^^^^^^^^^^^^^^^^^^^^^^^^^^^^^^^^^^^^^^^^^^^^^^^^^^^^^^^^^
  4 | import { Badge } from "@/components/ui/badge";
  5 | import { watchEntries } from "@/lib/data";
  6 |

Import map: aliased to relative './components/portfolio/visual-preview' inside of [project]/

https://nextjs.org/docs/messages/module-not-found @ http://127.0.0.1:3000/Portfolio-bts/_next/static/chunks/node_modules_next_dist_0u_w_5s._.js:1945
[  485410ms] [ERROR] ./app/projets/page.tsx:3:1
Module not found: Can't resolve '@/components/portfolio/visual-preview'
  1 | import Link from "next/link";
  2 | import { ArrowUpRight } from "lucide-react";
> 3 | import { VisualPreview } from "@/components/portfolio/visual-preview";
    | ^^^^^^^^^^^^^^^^^^^^^^^^^^^^^^^^^^^^^^^^^^^^^^^^^^^^^^^^^^^^^^^^^^^^^^
  4 | import { competencies, projects, getCategoryLabel } from "@/lib/data";
  5 | import { getProjectCategorySections } from "@/lib/view-models/projects";
  6 |

Import map: aliased to relative './components/portfolio/visual-preview' inside of [project]/

https://nextjs.org/docs/messages/module-not-found @ http://127.0.0.1:3000/Portfolio-bts/_next/static/chunks/node_modules_next_dist_0u_w_5s._.js:1945
[  485410ms] [ERROR] ./app/veille/page.tsx:3:1
Module not found: Can't resolve '@/components/portfolio/visual-preview'
  1 | import Link from "next/link";
  2 | import { ArrowUpRight } from "lucide-react";
> 3 | import { VisualPreview } from "@/components/portfolio/visual-preview";
    | ^^^^^^^^^^^^^^^^^^^^^^^^^^^^^^^^^^^^^^^^^^^^^^^^^^^^^^^^^^^^^^^^^^^^^^
  4 | import { Badge } from "@/components/ui/badge";
  5 | import { watchEntries } from "@/lib/data";
  6 |

Import map: aliased to relative './components/portfolio/visual-preview' inside of [project]/

https://nextjs.org/docs/messages/module-not-found @ http://127.0.0.1:3000/Portfolio-bts/_next/static/chunks/node_modules_next_dist_0u_w_5s._.js:1945
[  485472ms] [ERROR] ./app/projets/page.tsx:3:1
Module not found: Can't resolve '@/components/portfolio/visual-preview'
  1 | import Link from "next/link";
  2 | import { ArrowUpRight } from "lucide-react";
> 3 | import { VisualPreview } from "@/components/portfolio/visual-preview";
    | ^^^^^^^^^^^^^^^^^^^^^^^^^^^^^^^^^^^^^^^^^^^^^^^^^^^^^^^^^^^^^^^^^^^^^^
  4 | import { competencies, projects, getCategoryLabel } from "@/lib/data";
  5 | import { getProjectCategorySections } from "@/lib/view-models/projects";
  6 |

Import map: aliased to relative './components/portfolio/visual-preview' inside of [project]/

https://nextjs.org/docs/messages/module-not-found @ http://127.0.0.1:3000/Portfolio-bts/_next/static/chunks/node_modules_next_dist_0u_w_5s._.js:1945
[  485472ms] [ERROR] ./app/veille/page.tsx:3:1
Module not found: Can't resolve '@/components/portfolio/visual-preview'
  1 | import Link from "next/link";
  2 | import { ArrowUpRight } from "lucide-react";
> 3 | import { VisualPreview } from "@/components/portfolio/visual-preview";
    | ^^^^^^^^^^^^^^^^^^^^^^^^^^^^^^^^^^^^^^^^^^^^^^^^^^^^^^^^^^^^^^^^^^^^^^
  4 | import { Badge } from "@/components/ui/badge";
  5 | import { watchEntries } from "@/lib/data";
  6 |

Import map: aliased to relative './components/portfolio/visual-preview' inside of [project]/

https://nextjs.org/docs/messages/module-not-found @ http://127.0.0.1:3000/Portfolio-bts/_next/static/chunks/node_modules_next_dist_0u_w_5s._.js:1945
[  485535ms] [ERROR] ./app/projets/page.tsx:3:1
Module not found: Can't resolve '@/components/portfolio/visual-preview'
  1 | import Link from "next/link";
  2 | import { ArrowUpRight } from "lucide-react";
> 3 | import { VisualPreview } from "@/components/portfolio/visual-preview";
    | ^^^^^^^^^^^^^^^^^^^^^^^^^^^^^^^^^^^^^^^^^^^^^^^^^^^^^^^^^^^^^^^^^^^^^^
  4 | import { competencies, projects, getCategoryLabel } from "@/lib/data";
  5 | import { getProjectCategorySections } from "@/lib/view-models/projects";
  6 |

Import map: aliased to relative './components/portfolio/visual-preview' inside of [project]/

https://nextjs.org/docs/messages/module-not-found @ http://127.0.0.1:3000/Portfolio-bts/_next/static/chunks/node_modules_next_dist_0u_w_5s._.js:1945
[  485535ms] [ERROR] ./app/veille/page.tsx:3:1
Module not found: Can't resolve '@/components/portfolio/visual-preview'
  1 | import Link from "next/link";
  2 | import { ArrowUpRight } from "lucide-react";
> 3 | import { VisualPreview } from "@/components/portfolio/visual-preview";
    | ^^^^^^^^^^^^^^^^^^^^^^^^^^^^^^^^^^^^^^^^^^^^^^^^^^^^^^^^^^^^^^^^^^^^^^
  4 | import { Badge } from "@/components/ui/badge";
  5 | import { watchEntries } from "@/lib/data";
  6 |

Import map: aliased to relative './components/portfolio/visual-preview' inside of [project]/

https://nextjs.org/docs/messages/module-not-found @ http://127.0.0.1:3000/Portfolio-bts/_next/static/chunks/node_modules_next_dist_0u_w_5s._.js:1945
[  485597ms] [ERROR] ./app/projets/page.tsx:3:1
Module not found: Can't resolve '@/components/portfolio/visual-preview'
  1 | import Link from "next/link";
  2 | import { ArrowUpRight } from "lucide-react";
> 3 | import { VisualPreview } from "@/components/portfolio/visual-preview";
    | ^^^^^^^^^^^^^^^^^^^^^^^^^^^^^^^^^^^^^^^^^^^^^^^^^^^^^^^^^^^^^^^^^^^^^^
  4 | import { competencies, projects, getCategoryLabel } from "@/lib/data";
  5 | import { getProjectCategorySections } from "@/lib/view-models/projects";
  6 |

Import map: aliased to relative './components/portfolio/visual-preview' inside of [project]/

https://nextjs.org/docs/messages/module-not-found @ http://127.0.0.1:3000/Portfolio-bts/_next/static/chunks/node_modules_next_dist_0u_w_5s._.js:1945
[  485597ms] [ERROR] ./app/veille/page.tsx:3:1
Module not found: Can't resolve '@/components/portfolio/visual-preview'
  1 | import Link from "next/link";
  2 | import { ArrowUpRight } from "lucide-react";
> 3 | import { VisualPreview } from "@/components/portfolio/visual-preview";
    | ^^^^^^^^^^^^^^^^^^^^^^^^^^^^^^^^^^^^^^^^^^^^^^^^^^^^^^^^^^^^^^^^^^^^^^
  4 | import { Badge } from "@/components/ui/badge";
  5 | import { watchEntries } from "@/lib/data";
  6 |

Import map: aliased to relative './components/portfolio/visual-preview' inside of [project]/

https://nextjs.org/docs/messages/module-not-found @ http://127.0.0.1:3000/Portfolio-bts/_next/static/chunks/node_modules_next_dist_0u_w_5s._.js:1945
[  485660ms] [ERROR] ./app/projets/page.tsx:3:1
Module not found: Can't resolve '@/components/portfolio/visual-preview'
  1 | import Link from "next/link";
  2 | import { ArrowUpRight } from "lucide-react";
> 3 | import { VisualPreview } from "@/components/portfolio/visual-preview";
    | ^^^^^^^^^^^^^^^^^^^^^^^^^^^^^^^^^^^^^^^^^^^^^^^^^^^^^^^^^^^^^^^^^^^^^^
  4 | import { competencies, projects, getCategoryLabel } from "@/lib/data";
  5 | import { getProjectCategorySections } from "@/lib/view-models/projects";
  6 |

Import map: aliased to relative './components/portfolio/visual-preview' inside of [project]/

https://nextjs.org/docs/messages/module-not-found @ http://127.0.0.1:3000/Portfolio-bts/_next/static/chunks/node_modules_next_dist_0u_w_5s._.js:1945
[  485660ms] [ERROR] ./app/veille/page.tsx:3:1
Module not found: Can't resolve '@/components/portfolio/visual-preview'
  1 | import Link from "next/link";
  2 | import { ArrowUpRight } from "lucide-react";
> 3 | import { VisualPreview } from "@/components/portfolio/visual-preview";
    | ^^^^^^^^^^^^^^^^^^^^^^^^^^^^^^^^^^^^^^^^^^^^^^^^^^^^^^^^^^^^^^^^^^^^^^
  4 | import { Badge } from "@/components/ui/badge";
  5 | import { watchEntries } from "@/lib/data";
  6 |

Import map: aliased to relative './components/portfolio/visual-preview' inside of [project]/

https://nextjs.org/docs/messages/module-not-found @ http://127.0.0.1:3000/Portfolio-bts/_next/static/chunks/node_modules_next_dist_0u_w_5s._.js:1945
[  485722ms] [ERROR] ./app/projets/page.tsx:3:1
Module not found: Can't resolve '@/components/portfolio/visual-preview'
  1 | import Link from "next/link";
  2 | import { ArrowUpRight } from "lucide-react";
> 3 | import { VisualPreview } from "@/components/portfolio/visual-preview";
    | ^^^^^^^^^^^^^^^^^^^^^^^^^^^^^^^^^^^^^^^^^^^^^^^^^^^^^^^^^^^^^^^^^^^^^^
  4 | import { competencies, projects, getCategoryLabel } from "@/lib/data";
  5 | import { getProjectCategorySections } from "@/lib/view-models/projects";
  6 |

Import map: aliased to relative './components/portfolio/visual-preview' inside of [project]/

https://nextjs.org/docs/messages/module-not-found @ http://127.0.0.1:3000/Portfolio-bts/_next/static/chunks/node_modules_next_dist_0u_w_5s._.js:1945
[  485722ms] [ERROR] ./app/veille/page.tsx:3:1
Module not found: Can't resolve '@/components/portfolio/visual-preview'
  1 | import Link from "next/link";
  2 | import { ArrowUpRight } from "lucide-react";
> 3 | import { VisualPreview } from "@/components/portfolio/visual-preview";
    | ^^^^^^^^^^^^^^^^^^^^^^^^^^^^^^^^^^^^^^^^^^^^^^^^^^^^^^^^^^^^^^^^^^^^^^
  4 | import { Badge } from "@/components/ui/badge";
  5 | import { watchEntries } from "@/lib/data";
  6 |

Import map: aliased to relative './components/portfolio/visual-preview' inside of [project]/

https://nextjs.org/docs/messages/module-not-found @ http://127.0.0.1:3000/Portfolio-bts/_next/static/chunks/node_modules_next_dist_0u_w_5s._.js:1945
[  485784ms] [ERROR] ./app/projets/page.tsx:3:1
Module not found: Can't resolve '@/components/portfolio/visual-preview'
  1 | import Link from "next/link";
  2 | import { ArrowUpRight } from "lucide-react";
> 3 | import { VisualPreview } from "@/components/portfolio/visual-preview";
    | ^^^^^^^^^^^^^^^^^^^^^^^^^^^^^^^^^^^^^^^^^^^^^^^^^^^^^^^^^^^^^^^^^^^^^^
  4 | import { competencies, projects, getCategoryLabel } from "@/lib/data";
  5 | import { getProjectCategorySections } from "@/lib/view-models/projects";
  6 |

Import map: aliased to relative './components/portfolio/visual-preview' inside of [project]/

https://nextjs.org/docs/messages/module-not-found @ http://127.0.0.1:3000/Portfolio-bts/_next/static/chunks/node_modules_next_dist_0u_w_5s._.js:1945
[  485784ms] [ERROR] ./app/veille/page.tsx:3:1
Module not found: Can't resolve '@/components/portfolio/visual-preview'
  1 | import Link from "next/link";
  2 | import { ArrowUpRight } from "lucide-react";
> 3 | import { VisualPreview } from "@/components/portfolio/visual-preview";
    | ^^^^^^^^^^^^^^^^^^^^^^^^^^^^^^^^^^^^^^^^^^^^^^^^^^^^^^^^^^^^^^^^^^^^^^
  4 | import { Badge } from "@/components/ui/badge";
  5 | import { watchEntries } from "@/lib/data";
  6 |

Import map: aliased to relative './components/portfolio/visual-preview' inside of [project]/

https://nextjs.org/docs/messages/module-not-found @ http://127.0.0.1:3000/Portfolio-bts/_next/static/chunks/node_modules_next_dist_0u_w_5s._.js:1945
[  485846ms] [ERROR] ./app/projets/page.tsx:3:1
Module not found: Can't resolve '@/components/portfolio/visual-preview'
  1 | import Link from "next/link";
  2 | import { ArrowUpRight } from "lucide-react";
> 3 | import { VisualPreview } from "@/components/portfolio/visual-preview";
    | ^^^^^^^^^^^^^^^^^^^^^^^^^^^^^^^^^^^^^^^^^^^^^^^^^^^^^^^^^^^^^^^^^^^^^^
  4 | import { competencies, projects, getCategoryLabel } from "@/lib/data";
  5 | import { getProjectCategorySections } from "@/lib/view-models/projects";
  6 |

Import map: aliased to relative './components/portfolio/visual-preview' inside of [project]/

https://nextjs.org/docs/messages/module-not-found @ http://127.0.0.1:3000/Portfolio-bts/_next/static/chunks/node_modules_next_dist_0u_w_5s._.js:1945
[  485846ms] [ERROR] ./app/veille/page.tsx:3:1
Module not found: Can't resolve '@/components/portfolio/visual-preview'
  1 | import Link from "next/link";
  2 | import { ArrowUpRight } from "lucide-react";
> 3 | import { VisualPreview } from "@/components/portfolio/visual-preview";
    | ^^^^^^^^^^^^^^^^^^^^^^^^^^^^^^^^^^^^^^^^^^^^^^^^^^^^^^^^^^^^^^^^^^^^^^
  4 | import { Badge } from "@/components/ui/badge";
  5 | import { watchEntries } from "@/lib/data";
  6 |

Import map: aliased to relative './components/portfolio/visual-preview' inside of [project]/

https://nextjs.org/docs/messages/module-not-found @ http://127.0.0.1:3000/Portfolio-bts/_next/static/chunks/node_modules_next_dist_0u_w_5s._.js:1945
[  485908ms] [ERROR] ./app/projets/page.tsx:3:1
Module not found: Can't resolve '@/components/portfolio/visual-preview'
  1 | import Link from "next/link";
  2 | import { ArrowUpRight } from "lucide-react";
> 3 | import { VisualPreview } from "@/components/portfolio/visual-preview";
    | ^^^^^^^^^^^^^^^^^^^^^^^^^^^^^^^^^^^^^^^^^^^^^^^^^^^^^^^^^^^^^^^^^^^^^^
  4 | import { competencies, projects, getCategoryLabel } from "@/lib/data";
  5 | import { getProjectCategorySections } from "@/lib/view-models/projects";
  6 |

Import map: aliased to relative './components/portfolio/visual-preview' inside of [project]/

https://nextjs.org/docs/messages/module-not-found @ http://127.0.0.1:3000/Portfolio-bts/_next/static/chunks/node_modules_next_dist_0u_w_5s._.js:1945
[  485908ms] [ERROR] ./app/veille/page.tsx:3:1
Module not found: Can't resolve '@/components/portfolio/visual-preview'
  1 | import Link from "next/link";
  2 | import { ArrowUpRight } from "lucide-react";
> 3 | import { VisualPreview } from "@/components/portfolio/visual-preview";
    | ^^^^^^^^^^^^^^^^^^^^^^^^^^^^^^^^^^^^^^^^^^^^^^^^^^^^^^^^^^^^^^^^^^^^^^
  4 | import { Badge } from "@/components/ui/badge";
  5 | import { watchEntries } from "@/lib/data";
  6 |

Import map: aliased to relative './components/portfolio/visual-preview' inside of [project]/

https://nextjs.org/docs/messages/module-not-found @ http://127.0.0.1:3000/Portfolio-bts/_next/static/chunks/node_modules_next_dist_0u_w_5s._.js:1945
[  485971ms] [ERROR] ./app/projets/page.tsx:3:1
Module not found: Can't resolve '@/components/portfolio/visual-preview'
  1 | import Link from "next/link";
  2 | import { ArrowUpRight } from "lucide-react";
> 3 | import { VisualPreview } from "@/components/portfolio/visual-preview";
    | ^^^^^^^^^^^^^^^^^^^^^^^^^^^^^^^^^^^^^^^^^^^^^^^^^^^^^^^^^^^^^^^^^^^^^^
  4 | import { competencies, projects, getCategoryLabel } from "@/lib/data";
  5 | import { getProjectCategorySections } from "@/lib/view-models/projects";
  6 |

Import map: aliased to relative './components/portfolio/visual-preview' inside of [project]/

https://nextjs.org/docs/messages/module-not-found @ http://127.0.0.1:3000/Portfolio-bts/_next/static/chunks/node_modules_next_dist_0u_w_5s._.js:1945
[  485972ms] [ERROR] ./app/veille/page.tsx:3:1
Module not found: Can't resolve '@/components/portfolio/visual-preview'
  1 | import Link from "next/link";
  2 | import { ArrowUpRight } from "lucide-react";
> 3 | import { VisualPreview } from "@/components/portfolio/visual-preview";
    | ^^^^^^^^^^^^^^^^^^^^^^^^^^^^^^^^^^^^^^^^^^^^^^^^^^^^^^^^^^^^^^^^^^^^^^
  4 | import { Badge } from "@/components/ui/badge";
  5 | import { watchEntries } from "@/lib/data";
  6 |

Import map: aliased to relative './components/portfolio/visual-preview' inside of [project]/

https://nextjs.org/docs/messages/module-not-found @ http://127.0.0.1:3000/Portfolio-bts/_next/static/chunks/node_modules_next_dist_0u_w_5s._.js:1945
[  486034ms] [ERROR] ./app/projets/page.tsx:3:1
Module not found: Can't resolve '@/components/portfolio/visual-preview'
  1 | import Link from "next/link";
  2 | import { ArrowUpRight } from "lucide-react";
> 3 | import { VisualPreview } from "@/components/portfolio/visual-preview";
    | ^^^^^^^^^^^^^^^^^^^^^^^^^^^^^^^^^^^^^^^^^^^^^^^^^^^^^^^^^^^^^^^^^^^^^^
  4 | import { competencies, projects, getCategoryLabel } from "@/lib/data";
  5 | import { getProjectCategorySections } from "@/lib/view-models/projects";
  6 |

Import map: aliased to relative './components/portfolio/visual-preview' inside of [project]/

https://nextjs.org/docs/messages/module-not-found @ http://127.0.0.1:3000/Portfolio-bts/_next/static/chunks/node_modules_next_dist_0u_w_5s._.js:1945
[  486034ms] [ERROR] ./app/veille/page.tsx:3:1
Module not found: Can't resolve '@/components/portfolio/visual-preview'
  1 | import Link from "next/link";
  2 | import { ArrowUpRight } from "lucide-react";
> 3 | import { VisualPreview } from "@/components/portfolio/visual-preview";
    | ^^^^^^^^^^^^^^^^^^^^^^^^^^^^^^^^^^^^^^^^^^^^^^^^^^^^^^^^^^^^^^^^^^^^^^
  4 | import { Badge } from "@/components/ui/badge";
  5 | import { watchEntries } from "@/lib/data";
  6 |

Import map: aliased to relative './components/portfolio/visual-preview' inside of [project]/

https://nextjs.org/docs/messages/module-not-found @ http://127.0.0.1:3000/Portfolio-bts/_next/static/chunks/node_modules_next_dist_0u_w_5s._.js:1945
[  486097ms] [ERROR] ./app/projets/page.tsx:3:1
Module not found: Can't resolve '@/components/portfolio/visual-preview'
  1 | import Link from "next/link";
  2 | import { ArrowUpRight } from "lucide-react";
> 3 | import { VisualPreview } from "@/components/portfolio/visual-preview";
    | ^^^^^^^^^^^^^^^^^^^^^^^^^^^^^^^^^^^^^^^^^^^^^^^^^^^^^^^^^^^^^^^^^^^^^^
  4 | import { competencies, projects, getCategoryLabel } from "@/lib/data";
  5 | import { getProjectCategorySections } from "@/lib/view-models/projects";
  6 |

Import map: aliased to relative './components/portfolio/visual-preview' inside of [project]/

https://nextjs.org/docs/messages/module-not-found @ http://127.0.0.1:3000/Portfolio-bts/_next/static/chunks/node_modules_next_dist_0u_w_5s._.js:1945
[  486097ms] [ERROR] ./app/veille/page.tsx:3:1
Module not found: Can't resolve '@/components/portfolio/visual-preview'
  1 | import Link from "next/link";
  2 | import { ArrowUpRight } from "lucide-react";
> 3 | import { VisualPreview } from "@/components/portfolio/visual-preview";
    | ^^^^^^^^^^^^^^^^^^^^^^^^^^^^^^^^^^^^^^^^^^^^^^^^^^^^^^^^^^^^^^^^^^^^^^
  4 | import { Badge } from "@/components/ui/badge";
  5 | import { watchEntries } from "@/lib/data";
  6 |

Import map: aliased to relative './components/portfolio/visual-preview' inside of [project]/

https://nextjs.org/docs/messages/module-not-found @ http://127.0.0.1:3000/Portfolio-bts/_next/static/chunks/node_modules_next_dist_0u_w_5s._.js:1945
[  486159ms] [ERROR] ./app/projets/page.tsx:3:1
Module not found: Can't resolve '@/components/portfolio/visual-preview'
  1 | import Link from "next/link";
  2 | import { ArrowUpRight } from "lucide-react";
> 3 | import { VisualPreview } from "@/components/portfolio/visual-preview";
    | ^^^^^^^^^^^^^^^^^^^^^^^^^^^^^^^^^^^^^^^^^^^^^^^^^^^^^^^^^^^^^^^^^^^^^^
  4 | import { competencies, projects, getCategoryLabel } from "@/lib/data";
  5 | import { getProjectCategorySections } from "@/lib/view-models/projects";
  6 |

Import map: aliased to relative './components/portfolio/visual-preview' inside of [project]/

https://nextjs.org/docs/messages/module-not-found @ http://127.0.0.1:3000/Portfolio-bts/_next/static/chunks/node_modules_next_dist_0u_w_5s._.js:1945
[  486159ms] [ERROR] ./app/veille/page.tsx:3:1
Module not found: Can't resolve '@/components/portfolio/visual-preview'
  1 | import Link from "next/link";
  2 | import { ArrowUpRight } from "lucide-react";
> 3 | import { VisualPreview } from "@/components/portfolio/visual-preview";
    | ^^^^^^^^^^^^^^^^^^^^^^^^^^^^^^^^^^^^^^^^^^^^^^^^^^^^^^^^^^^^^^^^^^^^^^
  4 | import { Badge } from "@/components/ui/badge";
  5 | import { watchEntries } from "@/lib/data";
  6 |

Import map: aliased to relative './components/portfolio/visual-preview' inside of [project]/

https://nextjs.org/docs/messages/module-not-found @ http://127.0.0.1:3000/Portfolio-bts/_next/static/chunks/node_modules_next_dist_0u_w_5s._.js:1945
[  486222ms] [ERROR] ./app/projets/page.tsx:3:1
Module not found: Can't resolve '@/components/portfolio/visual-preview'
  1 | import Link from "next/link";
  2 | import { ArrowUpRight } from "lucide-react";
> 3 | import { VisualPreview } from "@/components/portfolio/visual-preview";
    | ^^^^^^^^^^^^^^^^^^^^^^^^^^^^^^^^^^^^^^^^^^^^^^^^^^^^^^^^^^^^^^^^^^^^^^
  4 | import { competencies, projects, getCategoryLabel } from "@/lib/data";
  5 | import { getProjectCategorySections } from "@/lib/view-models/projects";
  6 |

Import map: aliased to relative './components/portfolio/visual-preview' inside of [project]/

https://nextjs.org/docs/messages/module-not-found @ http://127.0.0.1:3000/Portfolio-bts/_next/static/chunks/node_modules_next_dist_0u_w_5s._.js:1945
[  486222ms] [ERROR] ./app/veille/page.tsx:3:1
Module not found: Can't resolve '@/components/portfolio/visual-preview'
  1 | import Link from "next/link";
  2 | import { ArrowUpRight } from "lucide-react";
> 3 | import { VisualPreview } from "@/components/portfolio/visual-preview";
    | ^^^^^^^^^^^^^^^^^^^^^^^^^^^^^^^^^^^^^^^^^^^^^^^^^^^^^^^^^^^^^^^^^^^^^^
  4 | import { Badge } from "@/components/ui/badge";
  5 | import { watchEntries } from "@/lib/data";
  6 |

Import map: aliased to relative './components/portfolio/visual-preview' inside of [project]/

https://nextjs.org/docs/messages/module-not-found @ http://127.0.0.1:3000/Portfolio-bts/_next/static/chunks/node_modules_next_dist_0u_w_5s._.js:1945
[  486283ms] [ERROR] ./app/projets/page.tsx:3:1
Module not found: Can't resolve '@/components/portfolio/visual-preview'
  1 | import Link from "next/link";
  2 | import { ArrowUpRight } from "lucide-react";
> 3 | import { VisualPreview } from "@/components/portfolio/visual-preview";
    | ^^^^^^^^^^^^^^^^^^^^^^^^^^^^^^^^^^^^^^^^^^^^^^^^^^^^^^^^^^^^^^^^^^^^^^
  4 | import { competencies, projects, getCategoryLabel } from "@/lib/data";
  5 | import { getProjectCategorySections } from "@/lib/view-models/projects";
  6 |

Import map: aliased to relative './components/portfolio/visual-preview' inside of [project]/

https://nextjs.org/docs/messages/module-not-found @ http://127.0.0.1:3000/Portfolio-bts/_next/static/chunks/node_modules_next_dist_0u_w_5s._.js:1945
[  486284ms] [ERROR] ./app/veille/page.tsx:3:1
Module not found: Can't resolve '@/components/portfolio/visual-preview'
  1 | import Link from "next/link";
  2 | import { ArrowUpRight } from "lucide-react";
> 3 | import { VisualPreview } from "@/components/portfolio/visual-preview";
    | ^^^^^^^^^^^^^^^^^^^^^^^^^^^^^^^^^^^^^^^^^^^^^^^^^^^^^^^^^^^^^^^^^^^^^^
  4 | import { Badge } from "@/components/ui/badge";
  5 | import { watchEntries } from "@/lib/data";
  6 |

Import map: aliased to relative './components/portfolio/visual-preview' inside of [project]/

https://nextjs.org/docs/messages/module-not-found @ http://127.0.0.1:3000/Portfolio-bts/_next/static/chunks/node_modules_next_dist_0u_w_5s._.js:1945
[  486345ms] [ERROR] ./app/projets/page.tsx:3:1
Module not found: Can't resolve '@/components/portfolio/visual-preview'
  1 | import Link from "next/link";
  2 | import { ArrowUpRight } from "lucide-react";
> 3 | import { VisualPreview } from "@/components/portfolio/visual-preview";
    | ^^^^^^^^^^^^^^^^^^^^^^^^^^^^^^^^^^^^^^^^^^^^^^^^^^^^^^^^^^^^^^^^^^^^^^
  4 | import { competencies, projects, getCategoryLabel } from "@/lib/data";
  5 | import { getProjectCategorySections } from "@/lib/view-models/projects";
  6 |

Import map: aliased to relative './components/portfolio/visual-preview' inside of [project]/

https://nextjs.org/docs/messages/module-not-found @ http://127.0.0.1:3000/Portfolio-bts/_next/static/chunks/node_modules_next_dist_0u_w_5s._.js:1945
[  486345ms] [ERROR] ./app/veille/page.tsx:3:1
Module not found: Can't resolve '@/components/portfolio/visual-preview'
  1 | import Link from "next/link";
  2 | import { ArrowUpRight } from "lucide-react";
> 3 | import { VisualPreview } from "@/components/portfolio/visual-preview";
    | ^^^^^^^^^^^^^^^^^^^^^^^^^^^^^^^^^^^^^^^^^^^^^^^^^^^^^^^^^^^^^^^^^^^^^^
  4 | import { Badge } from "@/components/ui/badge";
  5 | import { watchEntries } from "@/lib/data";
  6 |

Import map: aliased to relative './components/portfolio/visual-preview' inside of [project]/

https://nextjs.org/docs/messages/module-not-found @ http://127.0.0.1:3000/Portfolio-bts/_next/static/chunks/node_modules_next_dist_0u_w_5s._.js:1945
[  486407ms] [ERROR] ./app/projets/page.tsx:3:1
Module not found: Can't resolve '@/components/portfolio/visual-preview'
  1 | import Link from "next/link";
  2 | import { ArrowUpRight } from "lucide-react";
> 3 | import { VisualPreview } from "@/components/portfolio/visual-preview";
    | ^^^^^^^^^^^^^^^^^^^^^^^^^^^^^^^^^^^^^^^^^^^^^^^^^^^^^^^^^^^^^^^^^^^^^^
  4 | import { competencies, projects, getCategoryLabel } from "@/lib/data";
  5 | import { getProjectCategorySections } from "@/lib/view-models/projects";
  6 |

Import map: aliased to relative './components/portfolio/visual-preview' inside of [project]/

https://nextjs.org/docs/messages/module-not-found @ http://127.0.0.1:3000/Portfolio-bts/_next/static/chunks/node_modules_next_dist_0u_w_5s._.js:1945
[  486408ms] [ERROR] ./app/veille/page.tsx:3:1
Module not found: Can't resolve '@/components/portfolio/visual-preview'
  1 | import Link from "next/link";
  2 | import { ArrowUpRight } from "lucide-react";
> 3 | import { VisualPreview } from "@/components/portfolio/visual-preview";
    | ^^^^^^^^^^^^^^^^^^^^^^^^^^^^^^^^^^^^^^^^^^^^^^^^^^^^^^^^^^^^^^^^^^^^^^
  4 | import { Badge } from "@/components/ui/badge";
  5 | import { watchEntries } from "@/lib/data";
  6 |

Import map: aliased to relative './components/portfolio/visual-preview' inside of [project]/

https://nextjs.org/docs/messages/module-not-found @ http://127.0.0.1:3000/Portfolio-bts/_next/static/chunks/node_modules_next_dist_0u_w_5s._.js:1945
[  486470ms] [ERROR] ./app/projets/page.tsx:3:1
Module not found: Can't resolve '@/components/portfolio/visual-preview'
  1 | import Link from "next/link";
  2 | import { ArrowUpRight } from "lucide-react";
> 3 | import { VisualPreview } from "@/components/portfolio/visual-preview";
    | ^^^^^^^^^^^^^^^^^^^^^^^^^^^^^^^^^^^^^^^^^^^^^^^^^^^^^^^^^^^^^^^^^^^^^^
  4 | import { competencies, projects, getCategoryLabel } from "@/lib/data";
  5 | import { getProjectCategorySections } from "@/lib/view-models/projects";
  6 |

Import map: aliased to relative './components/portfolio/visual-preview' inside of [project]/

https://nextjs.org/docs/messages/module-not-found @ http://127.0.0.1:3000/Portfolio-bts/_next/static/chunks/node_modules_next_dist_0u_w_5s._.js:1945
[  486470ms] [ERROR] ./app/veille/page.tsx:3:1
Module not found: Can't resolve '@/components/portfolio/visual-preview'
  1 | import Link from "next/link";
  2 | import { ArrowUpRight } from "lucide-react";
> 3 | import { VisualPreview } from "@/components/portfolio/visual-preview";
    | ^^^^^^^^^^^^^^^^^^^^^^^^^^^^^^^^^^^^^^^^^^^^^^^^^^^^^^^^^^^^^^^^^^^^^^
  4 | import { Badge } from "@/components/ui/badge";
  5 | import { watchEntries } from "@/lib/data";
  6 |

Import map: aliased to relative './components/portfolio/visual-preview' inside of [project]/

https://nextjs.org/docs/messages/module-not-found @ http://127.0.0.1:3000/Portfolio-bts/_next/static/chunks/node_modules_next_dist_0u_w_5s._.js:1945
[  486532ms] [ERROR] ./app/projets/page.tsx:3:1
Module not found: Can't resolve '@/components/portfolio/visual-preview'
  1 | import Link from "next/link";
  2 | import { ArrowUpRight } from "lucide-react";
> 3 | import { VisualPreview } from "@/components/portfolio/visual-preview";
    | ^^^^^^^^^^^^^^^^^^^^^^^^^^^^^^^^^^^^^^^^^^^^^^^^^^^^^^^^^^^^^^^^^^^^^^
  4 | import { competencies, projects, getCategoryLabel } from "@/lib/data";
  5 | import { getProjectCategorySections } from "@/lib/view-models/projects";
  6 |

Import map: aliased to relative './components/portfolio/visual-preview' inside of [project]/

https://nextjs.org/docs/messages/module-not-found @ http://127.0.0.1:3000/Portfolio-bts/_next/static/chunks/node_modules_next_dist_0u_w_5s._.js:1945
[  486532ms] [ERROR] ./app/veille/page.tsx:3:1
Module not found: Can't resolve '@/components/portfolio/visual-preview'
  1 | import Link from "next/link";
  2 | import { ArrowUpRight } from "lucide-react";
> 3 | import { VisualPreview } from "@/components/portfolio/visual-preview";
    | ^^^^^^^^^^^^^^^^^^^^^^^^^^^^^^^^^^^^^^^^^^^^^^^^^^^^^^^^^^^^^^^^^^^^^^
  4 | import { Badge } from "@/components/ui/badge";
  5 | import { watchEntries } from "@/lib/data";
  6 |

Import map: aliased to relative './components/portfolio/visual-preview' inside of [project]/

https://nextjs.org/docs/messages/module-not-found @ http://127.0.0.1:3000/Portfolio-bts/_next/static/chunks/node_modules_next_dist_0u_w_5s._.js:1945
[  486594ms] [ERROR] ./app/projets/page.tsx:3:1
Module not found: Can't resolve '@/components/portfolio/visual-preview'
  1 | import Link from "next/link";
  2 | import { ArrowUpRight } from "lucide-react";
> 3 | import { VisualPreview } from "@/components/portfolio/visual-preview";
    | ^^^^^^^^^^^^^^^^^^^^^^^^^^^^^^^^^^^^^^^^^^^^^^^^^^^^^^^^^^^^^^^^^^^^^^
  4 | import { competencies, projects, getCategoryLabel } from "@/lib/data";
  5 | import { getProjectCategorySections } from "@/lib/view-models/projects";
  6 |

Import map: aliased to relative './components/portfolio/visual-preview' inside of [project]/

https://nextjs.org/docs/messages/module-not-found @ http://127.0.0.1:3000/Portfolio-bts/_next/static/chunks/node_modules_next_dist_0u_w_5s._.js:1945
[  486594ms] [ERROR] ./app/veille/page.tsx:3:1
Module not found: Can't resolve '@/components/portfolio/visual-preview'
  1 | import Link from "next/link";
  2 | import { ArrowUpRight } from "lucide-react";
> 3 | import { VisualPreview } from "@/components/portfolio/visual-preview";
    | ^^^^^^^^^^^^^^^^^^^^^^^^^^^^^^^^^^^^^^^^^^^^^^^^^^^^^^^^^^^^^^^^^^^^^^
  4 | import { Badge } from "@/components/ui/badge";
  5 | import { watchEntries } from "@/lib/data";
  6 |

Import map: aliased to relative './components/portfolio/visual-preview' inside of [project]/

https://nextjs.org/docs/messages/module-not-found @ http://127.0.0.1:3000/Portfolio-bts/_next/static/chunks/node_modules_next_dist_0u_w_5s._.js:1945
[  486657ms] [ERROR] ./app/projets/page.tsx:3:1
Module not found: Can't resolve '@/components/portfolio/visual-preview'
  1 | import Link from "next/link";
  2 | import { ArrowUpRight } from "lucide-react";
> 3 | import { VisualPreview } from "@/components/portfolio/visual-preview";
    | ^^^^^^^^^^^^^^^^^^^^^^^^^^^^^^^^^^^^^^^^^^^^^^^^^^^^^^^^^^^^^^^^^^^^^^
  4 | import { competencies, projects, getCategoryLabel } from "@/lib/data";
  5 | import { getProjectCategorySections } from "@/lib/view-models/projects";
  6 |

Import map: aliased to relative './components/portfolio/visual-preview' inside of [project]/

https://nextjs.org/docs/messages/module-not-found @ http://127.0.0.1:3000/Portfolio-bts/_next/static/chunks/node_modules_next_dist_0u_w_5s._.js:1945
[  486657ms] [ERROR] ./app/veille/page.tsx:3:1
Module not found: Can't resolve '@/components/portfolio/visual-preview'
  1 | import Link from "next/link";
  2 | import { ArrowUpRight } from "lucide-react";
> 3 | import { VisualPreview } from "@/components/portfolio/visual-preview";
    | ^^^^^^^^^^^^^^^^^^^^^^^^^^^^^^^^^^^^^^^^^^^^^^^^^^^^^^^^^^^^^^^^^^^^^^
  4 | import { Badge } from "@/components/ui/badge";
  5 | import { watchEntries } from "@/lib/data";
  6 |

Import map: aliased to relative './components/portfolio/visual-preview' inside of [project]/

https://nextjs.org/docs/messages/module-not-found @ http://127.0.0.1:3000/Portfolio-bts/_next/static/chunks/node_modules_next_dist_0u_w_5s._.js:1945
[  486718ms] [ERROR] ./app/projets/page.tsx:3:1
Module not found: Can't resolve '@/components/portfolio/visual-preview'
  1 | import Link from "next/link";
  2 | import { ArrowUpRight } from "lucide-react";
> 3 | import { VisualPreview } from "@/components/portfolio/visual-preview";
    | ^^^^^^^^^^^^^^^^^^^^^^^^^^^^^^^^^^^^^^^^^^^^^^^^^^^^^^^^^^^^^^^^^^^^^^
  4 | import { competencies, projects, getCategoryLabel } from "@/lib/data";
  5 | import { getProjectCategorySections } from "@/lib/view-models/projects";
  6 |

Import map: aliased to relative './components/portfolio/visual-preview' inside of [project]/

https://nextjs.org/docs/messages/module-not-found @ http://127.0.0.1:3000/Portfolio-bts/_next/static/chunks/node_modules_next_dist_0u_w_5s._.js:1945
[  486719ms] [ERROR] ./app/veille/page.tsx:3:1
Module not found: Can't resolve '@/components/portfolio/visual-preview'
  1 | import Link from "next/link";
  2 | import { ArrowUpRight } from "lucide-react";
> 3 | import { VisualPreview } from "@/components/portfolio/visual-preview";
    | ^^^^^^^^^^^^^^^^^^^^^^^^^^^^^^^^^^^^^^^^^^^^^^^^^^^^^^^^^^^^^^^^^^^^^^
  4 | import { Badge } from "@/components/ui/badge";
  5 | import { watchEntries } from "@/lib/data";
  6 |

Import map: aliased to relative './components/portfolio/visual-preview' inside of [project]/

https://nextjs.org/docs/messages/module-not-found @ http://127.0.0.1:3000/Portfolio-bts/_next/static/chunks/node_modules_next_dist_0u_w_5s._.js:1945
[  486781ms] [ERROR] ./app/projets/page.tsx:3:1
Module not found: Can't resolve '@/components/portfolio/visual-preview'
  1 | import Link from "next/link";
  2 | import { ArrowUpRight } from "lucide-react";
> 3 | import { VisualPreview } from "@/components/portfolio/visual-preview";
    | ^^^^^^^^^^^^^^^^^^^^^^^^^^^^^^^^^^^^^^^^^^^^^^^^^^^^^^^^^^^^^^^^^^^^^^
  4 | import { competencies, projects, getCategoryLabel } from "@/lib/data";
  5 | import { getProjectCategorySections } from "@/lib/view-models/projects";
  6 |

Import map: aliased to relative './components/portfolio/visual-preview' inside of [project]/

https://nextjs.org/docs/messages/module-not-found @ http://127.0.0.1:3000/Portfolio-bts/_next/static/chunks/node_modules_next_dist_0u_w_5s._.js:1945
[  486781ms] [ERROR] ./app/veille/page.tsx:3:1
Module not found: Can't resolve '@/components/portfolio/visual-preview'
  1 | import Link from "next/link";
  2 | import { ArrowUpRight } from "lucide-react";
> 3 | import { VisualPreview } from "@/components/portfolio/visual-preview";
    | ^^^^^^^^^^^^^^^^^^^^^^^^^^^^^^^^^^^^^^^^^^^^^^^^^^^^^^^^^^^^^^^^^^^^^^
  4 | import { Badge } from "@/components/ui/badge";
  5 | import { watchEntries } from "@/lib/data";
  6 |

Import map: aliased to relative './components/portfolio/visual-preview' inside of [project]/

https://nextjs.org/docs/messages/module-not-found @ http://127.0.0.1:3000/Portfolio-bts/_next/static/chunks/node_modules_next_dist_0u_w_5s._.js:1945
[  486843ms] [ERROR] ./app/projets/page.tsx:3:1
Module not found: Can't resolve '@/components/portfolio/visual-preview'
  1 | import Link from "next/link";
  2 | import { ArrowUpRight } from "lucide-react";
> 3 | import { VisualPreview } from "@/components/portfolio/visual-preview";
    | ^^^^^^^^^^^^^^^^^^^^^^^^^^^^^^^^^^^^^^^^^^^^^^^^^^^^^^^^^^^^^^^^^^^^^^
  4 | import { competencies, projects, getCategoryLabel } from "@/lib/data";
  5 | import { getProjectCategorySections } from "@/lib/view-models/projects";
  6 |

Import map: aliased to relative './components/portfolio/visual-preview' inside of [project]/

https://nextjs.org/docs/messages/module-not-found @ http://127.0.0.1:3000/Portfolio-bts/_next/static/chunks/node_modules_next_dist_0u_w_5s._.js:1945
[  486843ms] [ERROR] ./app/veille/page.tsx:3:1
Module not found: Can't resolve '@/components/portfolio/visual-preview'
  1 | import Link from "next/link";
  2 | import { ArrowUpRight } from "lucide-react";
> 3 | import { VisualPreview } from "@/components/portfolio/visual-preview";
    | ^^^^^^^^^^^^^^^^^^^^^^^^^^^^^^^^^^^^^^^^^^^^^^^^^^^^^^^^^^^^^^^^^^^^^^
  4 | import { Badge } from "@/components/ui/badge";
  5 | import { watchEntries } from "@/lib/data";
  6 |

Import map: aliased to relative './components/portfolio/visual-preview' inside of [project]/

https://nextjs.org/docs/messages/module-not-found @ http://127.0.0.1:3000/Portfolio-bts/_next/static/chunks/node_modules_next_dist_0u_w_5s._.js:1945
[  486904ms] [ERROR] ./app/projets/page.tsx:3:1
Module not found: Can't resolve '@/components/portfolio/visual-preview'
  1 | import Link from "next/link";
  2 | import { ArrowUpRight } from "lucide-react";
> 3 | import { VisualPreview } from "@/components/portfolio/visual-preview";
    | ^^^^^^^^^^^^^^^^^^^^^^^^^^^^^^^^^^^^^^^^^^^^^^^^^^^^^^^^^^^^^^^^^^^^^^
  4 | import { competencies, projects, getCategoryLabel } from "@/lib/data";
  5 | import { getProjectCategorySections } from "@/lib/view-models/projects";
  6 |

Import map: aliased to relative './components/portfolio/visual-preview' inside of [project]/

https://nextjs.org/docs/messages/module-not-found @ http://127.0.0.1:3000/Portfolio-bts/_next/static/chunks/node_modules_next_dist_0u_w_5s._.js:1945
[  486904ms] [ERROR] ./app/veille/page.tsx:3:1
Module not found: Can't resolve '@/components/portfolio/visual-preview'
  1 | import Link from "next/link";
  2 | import { ArrowUpRight } from "lucide-react";
> 3 | import { VisualPreview } from "@/components/portfolio/visual-preview";
    | ^^^^^^^^^^^^^^^^^^^^^^^^^^^^^^^^^^^^^^^^^^^^^^^^^^^^^^^^^^^^^^^^^^^^^^
  4 | import { Badge } from "@/components/ui/badge";
  5 | import { watchEntries } from "@/lib/data";
  6 |

Import map: aliased to relative './components/portfolio/visual-preview' inside of [project]/

https://nextjs.org/docs/messages/module-not-found @ http://127.0.0.1:3000/Portfolio-bts/_next/static/chunks/node_modules_next_dist_0u_w_5s._.js:1945
[  486967ms] [ERROR] ./app/projets/page.tsx:3:1
Module not found: Can't resolve '@/components/portfolio/visual-preview'
  1 | import Link from "next/link";
  2 | import { ArrowUpRight } from "lucide-react";
> 3 | import { VisualPreview } from "@/components/portfolio/visual-preview";
    | ^^^^^^^^^^^^^^^^^^^^^^^^^^^^^^^^^^^^^^^^^^^^^^^^^^^^^^^^^^^^^^^^^^^^^^
  4 | import { competencies, projects, getCategoryLabel } from "@/lib/data";
  5 | import { getProjectCategorySections } from "@/lib/view-models/projects";
  6 |

Import map: aliased to relative './components/portfolio/visual-preview' inside of [project]/

https://nextjs.org/docs/messages/module-not-found @ http://127.0.0.1:3000/Portfolio-bts/_next/static/chunks/node_modules_next_dist_0u_w_5s._.js:1945
[  486967ms] [ERROR] ./app/veille/page.tsx:3:1
Module not found: Can't resolve '@/components/portfolio/visual-preview'
  1 | import Link from "next/link";
  2 | import { ArrowUpRight } from "lucide-react";
> 3 | import { VisualPreview } from "@/components/portfolio/visual-preview";
    | ^^^^^^^^^^^^^^^^^^^^^^^^^^^^^^^^^^^^^^^^^^^^^^^^^^^^^^^^^^^^^^^^^^^^^^
  4 | import { Badge } from "@/components/ui/badge";
  5 | import { watchEntries } from "@/lib/data";
  6 |

Import map: aliased to relative './components/portfolio/visual-preview' inside of [project]/

https://nextjs.org/docs/messages/module-not-found @ http://127.0.0.1:3000/Portfolio-bts/_next/static/chunks/node_modules_next_dist_0u_w_5s._.js:1945
[  487028ms] [ERROR] ./app/projets/page.tsx:3:1
Module not found: Can't resolve '@/components/portfolio/visual-preview'
  1 | import Link from "next/link";
  2 | import { ArrowUpRight } from "lucide-react";
> 3 | import { VisualPreview } from "@/components/portfolio/visual-preview";
    | ^^^^^^^^^^^^^^^^^^^^^^^^^^^^^^^^^^^^^^^^^^^^^^^^^^^^^^^^^^^^^^^^^^^^^^
  4 | import { competencies, projects, getCategoryLabel } from "@/lib/data";
  5 | import { getProjectCategorySections } from "@/lib/view-models/projects";
  6 |

Import map: aliased to relative './components/portfolio/visual-preview' inside of [project]/

https://nextjs.org/docs/messages/module-not-found @ http://127.0.0.1:3000/Portfolio-bts/_next/static/chunks/node_modules_next_dist_0u_w_5s._.js:1945
[  487028ms] [ERROR] ./app/veille/page.tsx:3:1
Module not found: Can't resolve '@/components/portfolio/visual-preview'
  1 | import Link from "next/link";
  2 | import { ArrowUpRight } from "lucide-react";
> 3 | import { VisualPreview } from "@/components/portfolio/visual-preview";
    | ^^^^^^^^^^^^^^^^^^^^^^^^^^^^^^^^^^^^^^^^^^^^^^^^^^^^^^^^^^^^^^^^^^^^^^
  4 | import { Badge } from "@/components/ui/badge";
  5 | import { watchEntries } from "@/lib/data";
  6 |

Import map: aliased to relative './components/portfolio/visual-preview' inside of [project]/

https://nextjs.org/docs/messages/module-not-found @ http://127.0.0.1:3000/Portfolio-bts/_next/static/chunks/node_modules_next_dist_0u_w_5s._.js:1945
[  487091ms] [ERROR] ./app/projets/page.tsx:3:1
Module not found: Can't resolve '@/components/portfolio/visual-preview'
  1 | import Link from "next/link";
  2 | import { ArrowUpRight } from "lucide-react";
> 3 | import { VisualPreview } from "@/components/portfolio/visual-preview";
    | ^^^^^^^^^^^^^^^^^^^^^^^^^^^^^^^^^^^^^^^^^^^^^^^^^^^^^^^^^^^^^^^^^^^^^^
  4 | import { competencies, projects, getCategoryLabel } from "@/lib/data";
  5 | import { getProjectCategorySections } from "@/lib/view-models/projects";
  6 |

Import map: aliased to relative './components/portfolio/visual-preview' inside of [project]/

https://nextjs.org/docs/messages/module-not-found @ http://127.0.0.1:3000/Portfolio-bts/_next/static/chunks/node_modules_next_dist_0u_w_5s._.js:1945
[  487092ms] [ERROR] ./app/veille/page.tsx:3:1
Module not found: Can't resolve '@/components/portfolio/visual-preview'
  1 | import Link from "next/link";
  2 | import { ArrowUpRight } from "lucide-react";
> 3 | import { VisualPreview } from "@/components/portfolio/visual-preview";
    | ^^^^^^^^^^^^^^^^^^^^^^^^^^^^^^^^^^^^^^^^^^^^^^^^^^^^^^^^^^^^^^^^^^^^^^
  4 | import { Badge } from "@/components/ui/badge";
  5 | import { watchEntries } from "@/lib/data";
  6 |

Import map: aliased to relative './components/portfolio/visual-preview' inside of [project]/

https://nextjs.org/docs/messages/module-not-found @ http://127.0.0.1:3000/Portfolio-bts/_next/static/chunks/node_modules_next_dist_0u_w_5s._.js:1945
[  487154ms] [ERROR] ./app/projets/page.tsx:3:1
Module not found: Can't resolve '@/components/portfolio/visual-preview'
  1 | import Link from "next/link";
  2 | import { ArrowUpRight } from "lucide-react";
> 3 | import { VisualPreview } from "@/components/portfolio/visual-preview";
    | ^^^^^^^^^^^^^^^^^^^^^^^^^^^^^^^^^^^^^^^^^^^^^^^^^^^^^^^^^^^^^^^^^^^^^^
  4 | import { competencies, projects, getCategoryLabel } from "@/lib/data";
  5 | import { getProjectCategorySections } from "@/lib/view-models/projects";
  6 |

Import map: aliased to relative './components/portfolio/visual-preview' inside of [project]/

https://nextjs.org/docs/messages/module-not-found @ http://127.0.0.1:3000/Portfolio-bts/_next/static/chunks/node_modules_next_dist_0u_w_5s._.js:1945
[  487154ms] [ERROR] ./app/veille/page.tsx:3:1
Module not found: Can't resolve '@/components/portfolio/visual-preview'
  1 | import Link from "next/link";
  2 | import { ArrowUpRight } from "lucide-react";
> 3 | import { VisualPreview } from "@/components/portfolio/visual-preview";
    | ^^^^^^^^^^^^^^^^^^^^^^^^^^^^^^^^^^^^^^^^^^^^^^^^^^^^^^^^^^^^^^^^^^^^^^
  4 | import { Badge } from "@/components/ui/badge";
  5 | import { watchEntries } from "@/lib/data";
  6 |

Import map: aliased to relative './components/portfolio/visual-preview' inside of [project]/

https://nextjs.org/docs/messages/module-not-found @ http://127.0.0.1:3000/Portfolio-bts/_next/static/chunks/node_modules_next_dist_0u_w_5s._.js:1945
[  487216ms] [ERROR] ./app/projets/page.tsx:3:1
Module not found: Can't resolve '@/components/portfolio/visual-preview'
  1 | import Link from "next/link";
  2 | import { ArrowUpRight } from "lucide-react";
> 3 | import { VisualPreview } from "@/components/portfolio/visual-preview";
    | ^^^^^^^^^^^^^^^^^^^^^^^^^^^^^^^^^^^^^^^^^^^^^^^^^^^^^^^^^^^^^^^^^^^^^^
  4 | import { competencies, projects, getCategoryLabel } from "@/lib/data";
  5 | import { getProjectCategorySections } from "@/lib/view-models/projects";
  6 |

Import map: aliased to relative './components/portfolio/visual-preview' inside of [project]/

https://nextjs.org/docs/messages/module-not-found @ http://127.0.0.1:3000/Portfolio-bts/_next/static/chunks/node_modules_next_dist_0u_w_5s._.js:1945
[  487216ms] [ERROR] ./app/veille/page.tsx:3:1
Module not found: Can't resolve '@/components/portfolio/visual-preview'
  1 | import Link from "next/link";
  2 | import { ArrowUpRight } from "lucide-react";
> 3 | import { VisualPreview } from "@/components/portfolio/visual-preview";
    | ^^^^^^^^^^^^^^^^^^^^^^^^^^^^^^^^^^^^^^^^^^^^^^^^^^^^^^^^^^^^^^^^^^^^^^
  4 | import { Badge } from "@/components/ui/badge";
  5 | import { watchEntries } from "@/lib/data";
  6 |

Import map: aliased to relative './components/portfolio/visual-preview' inside of [project]/

https://nextjs.org/docs/messages/module-not-found @ http://127.0.0.1:3000/Portfolio-bts/_next/static/chunks/node_modules_next_dist_0u_w_5s._.js:1945
[  487279ms] [ERROR] ./app/projets/page.tsx:3:1
Module not found: Can't resolve '@/components/portfolio/visual-preview'
  1 | import Link from "next/link";
  2 | import { ArrowUpRight } from "lucide-react";
> 3 | import { VisualPreview } from "@/components/portfolio/visual-preview";
    | ^^^^^^^^^^^^^^^^^^^^^^^^^^^^^^^^^^^^^^^^^^^^^^^^^^^^^^^^^^^^^^^^^^^^^^
  4 | import { competencies, projects, getCategoryLabel } from "@/lib/data";
  5 | import { getProjectCategorySections } from "@/lib/view-models/projects";
  6 |

Import map: aliased to relative './components/portfolio/visual-preview' inside of [project]/

https://nextjs.org/docs/messages/module-not-found @ http://127.0.0.1:3000/Portfolio-bts/_next/static/chunks/node_modules_next_dist_0u_w_5s._.js:1945
[  487279ms] [ERROR] ./app/veille/page.tsx:3:1
Module not found: Can't resolve '@/components/portfolio/visual-preview'
  1 | import Link from "next/link";
  2 | import { ArrowUpRight } from "lucide-react";
> 3 | import { VisualPreview } from "@/components/portfolio/visual-preview";
    | ^^^^^^^^^^^^^^^^^^^^^^^^^^^^^^^^^^^^^^^^^^^^^^^^^^^^^^^^^^^^^^^^^^^^^^
  4 | import { Badge } from "@/components/ui/badge";
  5 | import { watchEntries } from "@/lib/data";
  6 |

Import map: aliased to relative './components/portfolio/visual-preview' inside of [project]/

https://nextjs.org/docs/messages/module-not-found @ http://127.0.0.1:3000/Portfolio-bts/_next/static/chunks/node_modules_next_dist_0u_w_5s._.js:1945
[  487340ms] [ERROR] ./app/projets/page.tsx:3:1
Module not found: Can't resolve '@/components/portfolio/visual-preview'
  1 | import Link from "next/link";
  2 | import { ArrowUpRight } from "lucide-react";
> 3 | import { VisualPreview } from "@/components/portfolio/visual-preview";
    | ^^^^^^^^^^^^^^^^^^^^^^^^^^^^^^^^^^^^^^^^^^^^^^^^^^^^^^^^^^^^^^^^^^^^^^
  4 | import { competencies, projects, getCategoryLabel } from "@/lib/data";
  5 | import { getProjectCategorySections } from "@/lib/view-models/projects";
  6 |

Import map: aliased to relative './components/portfolio/visual-preview' inside of [project]/

https://nextjs.org/docs/messages/module-not-found @ http://127.0.0.1:3000/Portfolio-bts/_next/static/chunks/node_modules_next_dist_0u_w_5s._.js:1945
[  487340ms] [ERROR] ./app/veille/page.tsx:3:1
Module not found: Can't resolve '@/components/portfolio/visual-preview'
  1 | import Link from "next/link";
  2 | import { ArrowUpRight } from "lucide-react";
> 3 | import { VisualPreview } from "@/components/portfolio/visual-preview";
    | ^^^^^^^^^^^^^^^^^^^^^^^^^^^^^^^^^^^^^^^^^^^^^^^^^^^^^^^^^^^^^^^^^^^^^^
  4 | import { Badge } from "@/components/ui/badge";
  5 | import { watchEntries } from "@/lib/data";
  6 |

Import map: aliased to relative './components/portfolio/visual-preview' inside of [project]/

https://nextjs.org/docs/messages/module-not-found @ http://127.0.0.1:3000/Portfolio-bts/_next/static/chunks/node_modules_next_dist_0u_w_5s._.js:1945
[  487402ms] [ERROR] ./app/projets/page.tsx:3:1
Module not found: Can't resolve '@/components/portfolio/visual-preview'
  1 | import Link from "next/link";
  2 | import { ArrowUpRight } from "lucide-react";
> 3 | import { VisualPreview } from "@/components/portfolio/visual-preview";
    | ^^^^^^^^^^^^^^^^^^^^^^^^^^^^^^^^^^^^^^^^^^^^^^^^^^^^^^^^^^^^^^^^^^^^^^
  4 | import { competencies, projects, getCategoryLabel } from "@/lib/data";
  5 | import { getProjectCategorySections } from "@/lib/view-models/projects";
  6 |

Import map: aliased to relative './components/portfolio/visual-preview' inside of [project]/

https://nextjs.org/docs/messages/module-not-found @ http://127.0.0.1:3000/Portfolio-bts/_next/static/chunks/node_modules_next_dist_0u_w_5s._.js:1945
[  487402ms] [ERROR] ./app/veille/page.tsx:3:1
Module not found: Can't resolve '@/components/portfolio/visual-preview'
  1 | import Link from "next/link";
  2 | import { ArrowUpRight } from "lucide-react";
> 3 | import { VisualPreview } from "@/components/portfolio/visual-preview";
    | ^^^^^^^^^^^^^^^^^^^^^^^^^^^^^^^^^^^^^^^^^^^^^^^^^^^^^^^^^^^^^^^^^^^^^^
  4 | import { Badge } from "@/components/ui/badge";
  5 | import { watchEntries } from "@/lib/data";
  6 |

Import map: aliased to relative './components/portfolio/visual-preview' inside of [project]/

https://nextjs.org/docs/messages/module-not-found @ http://127.0.0.1:3000/Portfolio-bts/_next/static/chunks/node_modules_next_dist_0u_w_5s._.js:1945
[  487465ms] [ERROR] ./app/projets/page.tsx:3:1
Module not found: Can't resolve '@/components/portfolio/visual-preview'
  1 | import Link from "next/link";
  2 | import { ArrowUpRight } from "lucide-react";
> 3 | import { VisualPreview } from "@/components/portfolio/visual-preview";
    | ^^^^^^^^^^^^^^^^^^^^^^^^^^^^^^^^^^^^^^^^^^^^^^^^^^^^^^^^^^^^^^^^^^^^^^
  4 | import { competencies, projects, getCategoryLabel } from "@/lib/data";
  5 | import { getProjectCategorySections } from "@/lib/view-models/projects";
  6 |

Import map: aliased to relative './components/portfolio/visual-preview' inside of [project]/

https://nextjs.org/docs/messages/module-not-found @ http://127.0.0.1:3000/Portfolio-bts/_next/static/chunks/node_modules_next_dist_0u_w_5s._.js:1945
[  487465ms] [ERROR] ./app/veille/page.tsx:3:1
Module not found: Can't resolve '@/components/portfolio/visual-preview'
  1 | import Link from "next/link";
  2 | import { ArrowUpRight } from "lucide-react";
> 3 | import { VisualPreview } from "@/components/portfolio/visual-preview";
    | ^^^^^^^^^^^^^^^^^^^^^^^^^^^^^^^^^^^^^^^^^^^^^^^^^^^^^^^^^^^^^^^^^^^^^^
  4 | import { Badge } from "@/components/ui/badge";
  5 | import { watchEntries } from "@/lib/data";
  6 |

Import map: aliased to relative './components/portfolio/visual-preview' inside of [project]/

https://nextjs.org/docs/messages/module-not-found @ http://127.0.0.1:3000/Portfolio-bts/_next/static/chunks/node_modules_next_dist_0u_w_5s._.js:1945
[  487529ms] [ERROR] ./app/projets/page.tsx:3:1
Module not found: Can't resolve '@/components/portfolio/visual-preview'
  1 | import Link from "next/link";
  2 | import { ArrowUpRight } from "lucide-react";
> 3 | import { VisualPreview } from "@/components/portfolio/visual-preview";
    | ^^^^^^^^^^^^^^^^^^^^^^^^^^^^^^^^^^^^^^^^^^^^^^^^^^^^^^^^^^^^^^^^^^^^^^
  4 | import { competencies, projects, getCategoryLabel } from "@/lib/data";
  5 | import { getProjectCategorySections } from "@/lib/view-models/projects";
  6 |

Import map: aliased to relative './components/portfolio/visual-preview' inside of [project]/

https://nextjs.org/docs/messages/module-not-found @ http://127.0.0.1:3000/Portfolio-bts/_next/static/chunks/node_modules_next_dist_0u_w_5s._.js:1945
[  487529ms] [ERROR] ./app/veille/page.tsx:3:1
Module not found: Can't resolve '@/components/portfolio/visual-preview'
  1 | import Link from "next/link";
  2 | import { ArrowUpRight } from "lucide-react";
> 3 | import { VisualPreview } from "@/components/portfolio/visual-preview";
    | ^^^^^^^^^^^^^^^^^^^^^^^^^^^^^^^^^^^^^^^^^^^^^^^^^^^^^^^^^^^^^^^^^^^^^^
  4 | import { Badge } from "@/components/ui/badge";
  5 | import { watchEntries } from "@/lib/data";
  6 |

Import map: aliased to relative './components/portfolio/visual-preview' inside of [project]/

https://nextjs.org/docs/messages/module-not-found @ http://127.0.0.1:3000/Portfolio-bts/_next/static/chunks/node_modules_next_dist_0u_w_5s._.js:1945
[  487591ms] [ERROR] ./app/projets/page.tsx:3:1
Module not found: Can't resolve '@/components/portfolio/visual-preview'
  1 | import Link from "next/link";
  2 | import { ArrowUpRight } from "lucide-react";
> 3 | import { VisualPreview } from "@/components/portfolio/visual-preview";
    | ^^^^^^^^^^^^^^^^^^^^^^^^^^^^^^^^^^^^^^^^^^^^^^^^^^^^^^^^^^^^^^^^^^^^^^
  4 | import { competencies, projects, getCategoryLabel } from "@/lib/data";
  5 | import { getProjectCategorySections } from "@/lib/view-models/projects";
  6 |

Import map: aliased to relative './components/portfolio/visual-preview' inside of [project]/

https://nextjs.org/docs/messages/module-not-found @ http://127.0.0.1:3000/Portfolio-bts/_next/static/chunks/node_modules_next_dist_0u_w_5s._.js:1945
[  487591ms] [ERROR] ./app/veille/page.tsx:3:1
Module not found: Can't resolve '@/components/portfolio/visual-preview'
  1 | import Link from "next/link";
  2 | import { ArrowUpRight } from "lucide-react";
> 3 | import { VisualPreview } from "@/components/portfolio/visual-preview";
    | ^^^^^^^^^^^^^^^^^^^^^^^^^^^^^^^^^^^^^^^^^^^^^^^^^^^^^^^^^^^^^^^^^^^^^^
  4 | import { Badge } from "@/components/ui/badge";
  5 | import { watchEntries } from "@/lib/data";
  6 |

Import map: aliased to relative './components/portfolio/visual-preview' inside of [project]/

https://nextjs.org/docs/messages/module-not-found @ http://127.0.0.1:3000/Portfolio-bts/_next/static/chunks/node_modules_next_dist_0u_w_5s._.js:1945
[  487654ms] [ERROR] ./app/projets/page.tsx:3:1
Module not found: Can't resolve '@/components/portfolio/visual-preview'
  1 | import Link from "next/link";
  2 | import { ArrowUpRight } from "lucide-react";
> 3 | import { VisualPreview } from "@/components/portfolio/visual-preview";
    | ^^^^^^^^^^^^^^^^^^^^^^^^^^^^^^^^^^^^^^^^^^^^^^^^^^^^^^^^^^^^^^^^^^^^^^
  4 | import { competencies, projects, getCategoryLabel } from "@/lib/data";
  5 | import { getProjectCategorySections } from "@/lib/view-models/projects";
  6 |

Import map: aliased to relative './components/portfolio/visual-preview' inside of [project]/

https://nextjs.org/docs/messages/module-not-found @ http://127.0.0.1:3000/Portfolio-bts/_next/static/chunks/node_modules_next_dist_0u_w_5s._.js:1945
[  487654ms] [ERROR] ./app/veille/page.tsx:3:1
Module not found: Can't resolve '@/components/portfolio/visual-preview'
  1 | import Link from "next/link";
  2 | import { ArrowUpRight } from "lucide-react";
> 3 | import { VisualPreview } from "@/components/portfolio/visual-preview";
    | ^^^^^^^^^^^^^^^^^^^^^^^^^^^^^^^^^^^^^^^^^^^^^^^^^^^^^^^^^^^^^^^^^^^^^^
  4 | import { Badge } from "@/components/ui/badge";
  5 | import { watchEntries } from "@/lib/data";
  6 |

Import map: aliased to relative './components/portfolio/visual-preview' inside of [project]/

https://nextjs.org/docs/messages/module-not-found @ http://127.0.0.1:3000/Portfolio-bts/_next/static/chunks/node_modules_next_dist_0u_w_5s._.js:1945
[  487717ms] [ERROR] ./app/projets/page.tsx:3:1
Module not found: Can't resolve '@/components/portfolio/visual-preview'
  1 | import Link from "next/link";
  2 | import { ArrowUpRight } from "lucide-react";
> 3 | import { VisualPreview } from "@/components/portfolio/visual-preview";
    | ^^^^^^^^^^^^^^^^^^^^^^^^^^^^^^^^^^^^^^^^^^^^^^^^^^^^^^^^^^^^^^^^^^^^^^
  4 | import { competencies, projects, getCategoryLabel } from "@/lib/data";
  5 | import { getProjectCategorySections } from "@/lib/view-models/projects";
  6 |

Import map: aliased to relative './components/portfolio/visual-preview' inside of [project]/

https://nextjs.org/docs/messages/module-not-found @ http://127.0.0.1:3000/Portfolio-bts/_next/static/chunks/node_modules_next_dist_0u_w_5s._.js:1945
[  487717ms] [ERROR] ./app/veille/page.tsx:3:1
Module not found: Can't resolve '@/components/portfolio/visual-preview'
  1 | import Link from "next/link";
  2 | import { ArrowUpRight } from "lucide-react";
> 3 | import { VisualPreview } from "@/components/portfolio/visual-preview";
    | ^^^^^^^^^^^^^^^^^^^^^^^^^^^^^^^^^^^^^^^^^^^^^^^^^^^^^^^^^^^^^^^^^^^^^^
  4 | import { Badge } from "@/components/ui/badge";
  5 | import { watchEntries } from "@/lib/data";
  6 |

Import map: aliased to relative './components/portfolio/visual-preview' inside of [project]/

https://nextjs.org/docs/messages/module-not-found @ http://127.0.0.1:3000/Portfolio-bts/_next/static/chunks/node_modules_next_dist_0u_w_5s._.js:1945
[  487778ms] [ERROR] ./app/projets/page.tsx:3:1
Module not found: Can't resolve '@/components/portfolio/visual-preview'
  1 | import Link from "next/link";
  2 | import { ArrowUpRight } from "lucide-react";
> 3 | import { VisualPreview } from "@/components/portfolio/visual-preview";
    | ^^^^^^^^^^^^^^^^^^^^^^^^^^^^^^^^^^^^^^^^^^^^^^^^^^^^^^^^^^^^^^^^^^^^^^
  4 | import { competencies, projects, getCategoryLabel } from "@/lib/data";
  5 | import { getProjectCategorySections } from "@/lib/view-models/projects";
  6 |

Import map: aliased to relative './components/portfolio/visual-preview' inside of [project]/

https://nextjs.org/docs/messages/module-not-found @ http://127.0.0.1:3000/Portfolio-bts/_next/static/chunks/node_modules_next_dist_0u_w_5s._.js:1945
[  487779ms] [ERROR] ./app/veille/page.tsx:3:1
Module not found: Can't resolve '@/components/portfolio/visual-preview'
  1 | import Link from "next/link";
  2 | import { ArrowUpRight } from "lucide-react";
> 3 | import { VisualPreview } from "@/components/portfolio/visual-preview";
    | ^^^^^^^^^^^^^^^^^^^^^^^^^^^^^^^^^^^^^^^^^^^^^^^^^^^^^^^^^^^^^^^^^^^^^^
  4 | import { Badge } from "@/components/ui/badge";
  5 | import { watchEntries } from "@/lib/data";
  6 |

Import map: aliased to relative './components/portfolio/visual-preview' inside of [project]/

https://nextjs.org/docs/messages/module-not-found @ http://127.0.0.1:3000/Portfolio-bts/_next/static/chunks/node_modules_next_dist_0u_w_5s._.js:1945
[  487840ms] [ERROR] ./app/projets/page.tsx:3:1
Module not found: Can't resolve '@/components/portfolio/visual-preview'
  1 | import Link from "next/link";
  2 | import { ArrowUpRight } from "lucide-react";
> 3 | import { VisualPreview } from "@/components/portfolio/visual-preview";
    | ^^^^^^^^^^^^^^^^^^^^^^^^^^^^^^^^^^^^^^^^^^^^^^^^^^^^^^^^^^^^^^^^^^^^^^
  4 | import { competencies, projects, getCategoryLabel } from "@/lib/data";
  5 | import { getProjectCategorySections } from "@/lib/view-models/projects";
  6 |

Import map: aliased to relative './components/portfolio/visual-preview' inside of [project]/

https://nextjs.org/docs/messages/module-not-found @ http://127.0.0.1:3000/Portfolio-bts/_next/static/chunks/node_modules_next_dist_0u_w_5s._.js:1945
[  487840ms] [ERROR] ./app/veille/page.tsx:3:1
Module not found: Can't resolve '@/components/portfolio/visual-preview'
  1 | import Link from "next/link";
  2 | import { ArrowUpRight } from "lucide-react";
> 3 | import { VisualPreview } from "@/components/portfolio/visual-preview";
    | ^^^^^^^^^^^^^^^^^^^^^^^^^^^^^^^^^^^^^^^^^^^^^^^^^^^^^^^^^^^^^^^^^^^^^^
  4 | import { Badge } from "@/components/ui/badge";
  5 | import { watchEntries } from "@/lib/data";
  6 |

Import map: aliased to relative './components/portfolio/visual-preview' inside of [project]/

https://nextjs.org/docs/messages/module-not-found @ http://127.0.0.1:3000/Portfolio-bts/_next/static/chunks/node_modules_next_dist_0u_w_5s._.js:1945
[  487901ms] [ERROR] ./app/projets/page.tsx:3:1
Module not found: Can't resolve '@/components/portfolio/visual-preview'
  1 | import Link from "next/link";
  2 | import { ArrowUpRight } from "lucide-react";
> 3 | import { VisualPreview } from "@/components/portfolio/visual-preview";
    | ^^^^^^^^^^^^^^^^^^^^^^^^^^^^^^^^^^^^^^^^^^^^^^^^^^^^^^^^^^^^^^^^^^^^^^
  4 | import { competencies, projects, getCategoryLabel } from "@/lib/data";
  5 | import { getProjectCategorySections } from "@/lib/view-models/projects";
  6 |

Import map: aliased to relative './components/portfolio/visual-preview' inside of [project]/

https://nextjs.org/docs/messages/module-not-found @ http://127.0.0.1:3000/Portfolio-bts/_next/static/chunks/node_modules_next_dist_0u_w_5s._.js:1945
[  487902ms] [ERROR] ./app/veille/page.tsx:3:1
Module not found: Can't resolve '@/components/portfolio/visual-preview'
  1 | import Link from "next/link";
  2 | import { ArrowUpRight } from "lucide-react";
> 3 | import { VisualPreview } from "@/components/portfolio/visual-preview";
    | ^^^^^^^^^^^^^^^^^^^^^^^^^^^^^^^^^^^^^^^^^^^^^^^^^^^^^^^^^^^^^^^^^^^^^^
  4 | import { Badge } from "@/components/ui/badge";
  5 | import { watchEntries } from "@/lib/data";
  6 |

Import map: aliased to relative './components/portfolio/visual-preview' inside of [project]/

https://nextjs.org/docs/messages/module-not-found @ http://127.0.0.1:3000/Portfolio-bts/_next/static/chunks/node_modules_next_dist_0u_w_5s._.js:1945
[  487963ms] [ERROR] ./app/projets/page.tsx:3:1
Module not found: Can't resolve '@/components/portfolio/visual-preview'
  1 | import Link from "next/link";
  2 | import { ArrowUpRight } from "lucide-react";
> 3 | import { VisualPreview } from "@/components/portfolio/visual-preview";
    | ^^^^^^^^^^^^^^^^^^^^^^^^^^^^^^^^^^^^^^^^^^^^^^^^^^^^^^^^^^^^^^^^^^^^^^
  4 | import { competencies, projects, getCategoryLabel } from "@/lib/data";
  5 | import { getProjectCategorySections } from "@/lib/view-models/projects";
  6 |

Import map: aliased to relative './components/portfolio/visual-preview' inside of [project]/

https://nextjs.org/docs/messages/module-not-found @ http://127.0.0.1:3000/Portfolio-bts/_next/static/chunks/node_modules_next_dist_0u_w_5s._.js:1945
[  487963ms] [ERROR] ./app/veille/page.tsx:3:1
Module not found: Can't resolve '@/components/portfolio/visual-preview'
  1 | import Link from "next/link";
  2 | import { ArrowUpRight } from "lucide-react";
> 3 | import { VisualPreview } from "@/components/portfolio/visual-preview";
    | ^^^^^^^^^^^^^^^^^^^^^^^^^^^^^^^^^^^^^^^^^^^^^^^^^^^^^^^^^^^^^^^^^^^^^^
  4 | import { Badge } from "@/components/ui/badge";
  5 | import { watchEntries } from "@/lib/data";
  6 |

Import map: aliased to relative './components/portfolio/visual-preview' inside of [project]/

https://nextjs.org/docs/messages/module-not-found @ http://127.0.0.1:3000/Portfolio-bts/_next/static/chunks/node_modules_next_dist_0u_w_5s._.js:1945
[  488025ms] [ERROR] ./app/projets/page.tsx:3:1
Module not found: Can't resolve '@/components/portfolio/visual-preview'
  1 | import Link from "next/link";
  2 | import { ArrowUpRight } from "lucide-react";
> 3 | import { VisualPreview } from "@/components/portfolio/visual-preview";
    | ^^^^^^^^^^^^^^^^^^^^^^^^^^^^^^^^^^^^^^^^^^^^^^^^^^^^^^^^^^^^^^^^^^^^^^
  4 | import { competencies, projects, getCategoryLabel } from "@/lib/data";
  5 | import { getProjectCategorySections } from "@/lib/view-models/projects";
  6 |

Import map: aliased to relative './components/portfolio/visual-preview' inside of [project]/

https://nextjs.org/docs/messages/module-not-found @ http://127.0.0.1:3000/Portfolio-bts/_next/static/chunks/node_modules_next_dist_0u_w_5s._.js:1945
[  488025ms] [ERROR] ./app/veille/page.tsx:3:1
Module not found: Can't resolve '@/components/portfolio/visual-preview'
  1 | import Link from "next/link";
  2 | import { ArrowUpRight } from "lucide-react";
> 3 | import { VisualPreview } from "@/components/portfolio/visual-preview";
    | ^^^^^^^^^^^^^^^^^^^^^^^^^^^^^^^^^^^^^^^^^^^^^^^^^^^^^^^^^^^^^^^^^^^^^^
  4 | import { Badge } from "@/components/ui/badge";
  5 | import { watchEntries } from "@/lib/data";
  6 |

Import map: aliased to relative './components/portfolio/visual-preview' inside of [project]/

https://nextjs.org/docs/messages/module-not-found @ http://127.0.0.1:3000/Portfolio-bts/_next/static/chunks/node_modules_next_dist_0u_w_5s._.js:1945
[  488087ms] [ERROR] ./app/projets/page.tsx:3:1
Module not found: Can't resolve '@/components/portfolio/visual-preview'
  1 | import Link from "next/link";
  2 | import { ArrowUpRight } from "lucide-react";
> 3 | import { VisualPreview } from "@/components/portfolio/visual-preview";
    | ^^^^^^^^^^^^^^^^^^^^^^^^^^^^^^^^^^^^^^^^^^^^^^^^^^^^^^^^^^^^^^^^^^^^^^
  4 | import { competencies, projects, getCategoryLabel } from "@/lib/data";
  5 | import { getProjectCategorySections } from "@/lib/view-models/projects";
  6 |

Import map: aliased to relative './components/portfolio/visual-preview' inside of [project]/

https://nextjs.org/docs/messages/module-not-found @ http://127.0.0.1:3000/Portfolio-bts/_next/static/chunks/node_modules_next_dist_0u_w_5s._.js:1945
[  488087ms] [ERROR] ./app/veille/page.tsx:3:1
Module not found: Can't resolve '@/components/portfolio/visual-preview'
  1 | import Link from "next/link";
  2 | import { ArrowUpRight } from "lucide-react";
> 3 | import { VisualPreview } from "@/components/portfolio/visual-preview";
    | ^^^^^^^^^^^^^^^^^^^^^^^^^^^^^^^^^^^^^^^^^^^^^^^^^^^^^^^^^^^^^^^^^^^^^^
  4 | import { Badge } from "@/components/ui/badge";
  5 | import { watchEntries } from "@/lib/data";
  6 |

Import map: aliased to relative './components/portfolio/visual-preview' inside of [project]/

https://nextjs.org/docs/messages/module-not-found @ http://127.0.0.1:3000/Portfolio-bts/_next/static/chunks/node_modules_next_dist_0u_w_5s._.js:1945
[  488149ms] [ERROR] ./app/projets/page.tsx:3:1
Module not found: Can't resolve '@/components/portfolio/visual-preview'
  1 | import Link from "next/link";
  2 | import { ArrowUpRight } from "lucide-react";
> 3 | import { VisualPreview } from "@/components/portfolio/visual-preview";
    | ^^^^^^^^^^^^^^^^^^^^^^^^^^^^^^^^^^^^^^^^^^^^^^^^^^^^^^^^^^^^^^^^^^^^^^
  4 | import { competencies, projects, getCategoryLabel } from "@/lib/data";
  5 | import { getProjectCategorySections } from "@/lib/view-models/projects";
  6 |

Import map: aliased to relative './components/portfolio/visual-preview' inside of [project]/

https://nextjs.org/docs/messages/module-not-found @ http://127.0.0.1:3000/Portfolio-bts/_next/static/chunks/node_modules_next_dist_0u_w_5s._.js:1945
[  488149ms] [ERROR] ./app/veille/page.tsx:3:1
Module not found: Can't resolve '@/components/portfolio/visual-preview'
  1 | import Link from "next/link";
  2 | import { ArrowUpRight } from "lucide-react";
> 3 | import { VisualPreview } from "@/components/portfolio/visual-preview";
    | ^^^^^^^^^^^^^^^^^^^^^^^^^^^^^^^^^^^^^^^^^^^^^^^^^^^^^^^^^^^^^^^^^^^^^^
  4 | import { Badge } from "@/components/ui/badge";
  5 | import { watchEntries } from "@/lib/data";
  6 |

Import map: aliased to relative './components/portfolio/visual-preview' inside of [project]/

https://nextjs.org/docs/messages/module-not-found @ http://127.0.0.1:3000/Portfolio-bts/_next/static/chunks/node_modules_next_dist_0u_w_5s._.js:1945
[  488212ms] [ERROR] ./app/projets/page.tsx:3:1
Module not found: Can't resolve '@/components/portfolio/visual-preview'
  1 | import Link from "next/link";
  2 | import { ArrowUpRight } from "lucide-react";
> 3 | import { VisualPreview } from "@/components/portfolio/visual-preview";
    | ^^^^^^^^^^^^^^^^^^^^^^^^^^^^^^^^^^^^^^^^^^^^^^^^^^^^^^^^^^^^^^^^^^^^^^
  4 | import { competencies, projects, getCategoryLabel } from "@/lib/data";
  5 | import { getProjectCategorySections } from "@/lib/view-models/projects";
  6 |

Import map: aliased to relative './components/portfolio/visual-preview' inside of [project]/

https://nextjs.org/docs/messages/module-not-found @ http://127.0.0.1:3000/Portfolio-bts/_next/static/chunks/node_modules_next_dist_0u_w_5s._.js:1945
[  488212ms] [ERROR] ./app/veille/page.tsx:3:1
Module not found: Can't resolve '@/components/portfolio/visual-preview'
  1 | import Link from "next/link";
  2 | import { ArrowUpRight } from "lucide-react";
> 3 | import { VisualPreview } from "@/components/portfolio/visual-preview";
    | ^^^^^^^^^^^^^^^^^^^^^^^^^^^^^^^^^^^^^^^^^^^^^^^^^^^^^^^^^^^^^^^^^^^^^^
  4 | import { Badge } from "@/components/ui/badge";
  5 | import { watchEntries } from "@/lib/data";
  6 |

Import map: aliased to relative './components/portfolio/visual-preview' inside of [project]/

https://nextjs.org/docs/messages/module-not-found @ http://127.0.0.1:3000/Portfolio-bts/_next/static/chunks/node_modules_next_dist_0u_w_5s._.js:1945
[  488274ms] [ERROR] ./app/projets/page.tsx:3:1
Module not found: Can't resolve '@/components/portfolio/visual-preview'
  1 | import Link from "next/link";
  2 | import { ArrowUpRight } from "lucide-react";
> 3 | import { VisualPreview } from "@/components/portfolio/visual-preview";
    | ^^^^^^^^^^^^^^^^^^^^^^^^^^^^^^^^^^^^^^^^^^^^^^^^^^^^^^^^^^^^^^^^^^^^^^
  4 | import { competencies, projects, getCategoryLabel } from "@/lib/data";
  5 | import { getProjectCategorySections } from "@/lib/view-models/projects";
  6 |

Import map: aliased to relative './components/portfolio/visual-preview' inside of [project]/

https://nextjs.org/docs/messages/module-not-found @ http://127.0.0.1:3000/Portfolio-bts/_next/static/chunks/node_modules_next_dist_0u_w_5s._.js:1945
[  488275ms] [ERROR] ./app/veille/page.tsx:3:1
Module not found: Can't resolve '@/components/portfolio/visual-preview'
  1 | import Link from "next/link";
  2 | import { ArrowUpRight } from "lucide-react";
> 3 | import { VisualPreview } from "@/components/portfolio/visual-preview";
    | ^^^^^^^^^^^^^^^^^^^^^^^^^^^^^^^^^^^^^^^^^^^^^^^^^^^^^^^^^^^^^^^^^^^^^^
  4 | import { Badge } from "@/components/ui/badge";
  5 | import { watchEntries } from "@/lib/data";
  6 |

Import map: aliased to relative './components/portfolio/visual-preview' inside of [project]/

https://nextjs.org/docs/messages/module-not-found @ http://127.0.0.1:3000/Portfolio-bts/_next/static/chunks/node_modules_next_dist_0u_w_5s._.js:1945
[  488337ms] [ERROR] ./app/projets/page.tsx:3:1
Module not found: Can't resolve '@/components/portfolio/visual-preview'
  1 | import Link from "next/link";
  2 | import { ArrowUpRight } from "lucide-react";
> 3 | import { VisualPreview } from "@/components/portfolio/visual-preview";
    | ^^^^^^^^^^^^^^^^^^^^^^^^^^^^^^^^^^^^^^^^^^^^^^^^^^^^^^^^^^^^^^^^^^^^^^
  4 | import { competencies, projects, getCategoryLabel } from "@/lib/data";
  5 | import { getProjectCategorySections } from "@/lib/view-models/projects";
  6 |

Import map: aliased to relative './components/portfolio/visual-preview' inside of [project]/

https://nextjs.org/docs/messages/module-not-found @ http://127.0.0.1:3000/Portfolio-bts/_next/static/chunks/node_modules_next_dist_0u_w_5s._.js:1945
[  488338ms] [ERROR] ./app/veille/page.tsx:3:1
Module not found: Can't resolve '@/components/portfolio/visual-preview'
  1 | import Link from "next/link";
  2 | import { ArrowUpRight } from "lucide-react";
> 3 | import { VisualPreview } from "@/components/portfolio/visual-preview";
    | ^^^^^^^^^^^^^^^^^^^^^^^^^^^^^^^^^^^^^^^^^^^^^^^^^^^^^^^^^^^^^^^^^^^^^^
  4 | import { Badge } from "@/components/ui/badge";
  5 | import { watchEntries } from "@/lib/data";
  6 |

Import map: aliased to relative './components/portfolio/visual-preview' inside of [project]/

https://nextjs.org/docs/messages/module-not-found @ http://127.0.0.1:3000/Portfolio-bts/_next/static/chunks/node_modules_next_dist_0u_w_5s._.js:1945
[  488399ms] [ERROR] ./app/projets/page.tsx:3:1
Module not found: Can't resolve '@/components/portfolio/visual-preview'
  1 | import Link from "next/link";
  2 | import { ArrowUpRight } from "lucide-react";
> 3 | import { VisualPreview } from "@/components/portfolio/visual-preview";
    | ^^^^^^^^^^^^^^^^^^^^^^^^^^^^^^^^^^^^^^^^^^^^^^^^^^^^^^^^^^^^^^^^^^^^^^
  4 | import { competencies, projects, getCategoryLabel } from "@/lib/data";
  5 | import { getProjectCategorySections } from "@/lib/view-models/projects";
  6 |

Import map: aliased to relative './components/portfolio/visual-preview' inside of [project]/

https://nextjs.org/docs/messages/module-not-found @ http://127.0.0.1:3000/Portfolio-bts/_next/static/chunks/node_modules_next_dist_0u_w_5s._.js:1945
[  488399ms] [ERROR] ./app/veille/page.tsx:3:1
Module not found: Can't resolve '@/components/portfolio/visual-preview'
  1 | import Link from "next/link";
  2 | import { ArrowUpRight } from "lucide-react";
> 3 | import { VisualPreview } from "@/components/portfolio/visual-preview";
    | ^^^^^^^^^^^^^^^^^^^^^^^^^^^^^^^^^^^^^^^^^^^^^^^^^^^^^^^^^^^^^^^^^^^^^^
  4 | import { Badge } from "@/components/ui/badge";
  5 | import { watchEntries } from "@/lib/data";
  6 |

Import map: aliased to relative './components/portfolio/visual-preview' inside of [project]/

https://nextjs.org/docs/messages/module-not-found @ http://127.0.0.1:3000/Portfolio-bts/_next/static/chunks/node_modules_next_dist_0u_w_5s._.js:1945
[  488461ms] [ERROR] ./app/projets/page.tsx:3:1
Module not found: Can't resolve '@/components/portfolio/visual-preview'
  1 | import Link from "next/link";
  2 | import { ArrowUpRight } from "lucide-react";
> 3 | import { VisualPreview } from "@/components/portfolio/visual-preview";
    | ^^^^^^^^^^^^^^^^^^^^^^^^^^^^^^^^^^^^^^^^^^^^^^^^^^^^^^^^^^^^^^^^^^^^^^
  4 | import { competencies, projects, getCategoryLabel } from "@/lib/data";
  5 | import { getProjectCategorySections } from "@/lib/view-models/projects";
  6 |

Import map: aliased to relative './components/portfolio/visual-preview' inside of [project]/

https://nextjs.org/docs/messages/module-not-found @ http://127.0.0.1:3000/Portfolio-bts/_next/static/chunks/node_modules_next_dist_0u_w_5s._.js:1945
[  488461ms] [ERROR] ./app/veille/page.tsx:3:1
Module not found: Can't resolve '@/components/portfolio/visual-preview'
  1 | import Link from "next/link";
  2 | import { ArrowUpRight } from "lucide-react";
> 3 | import { VisualPreview } from "@/components/portfolio/visual-preview";
    | ^^^^^^^^^^^^^^^^^^^^^^^^^^^^^^^^^^^^^^^^^^^^^^^^^^^^^^^^^^^^^^^^^^^^^^
  4 | import { Badge } from "@/components/ui/badge";
  5 | import { watchEntries } from "@/lib/data";
  6 |

Import map: aliased to relative './components/portfolio/visual-preview' inside of [project]/

https://nextjs.org/docs/messages/module-not-found @ http://127.0.0.1:3000/Portfolio-bts/_next/static/chunks/node_modules_next_dist_0u_w_5s._.js:1945
[  488522ms] [ERROR] ./app/projets/page.tsx:3:1
Module not found: Can't resolve '@/components/portfolio/visual-preview'
  1 | import Link from "next/link";
  2 | import { ArrowUpRight } from "lucide-react";
> 3 | import { VisualPreview } from "@/components/portfolio/visual-preview";
    | ^^^^^^^^^^^^^^^^^^^^^^^^^^^^^^^^^^^^^^^^^^^^^^^^^^^^^^^^^^^^^^^^^^^^^^
  4 | import { competencies, projects, getCategoryLabel } from "@/lib/data";
  5 | import { getProjectCategorySections } from "@/lib/view-models/projects";
  6 |

Import map: aliased to relative './components/portfolio/visual-preview' inside of [project]/

https://nextjs.org/docs/messages/module-not-found @ http://127.0.0.1:3000/Portfolio-bts/_next/static/chunks/node_modules_next_dist_0u_w_5s._.js:1945
[  488522ms] [ERROR] ./app/veille/page.tsx:3:1
Module not found: Can't resolve '@/components/portfolio/visual-preview'
  1 | import Link from "next/link";
  2 | import { ArrowUpRight } from "lucide-react";
> 3 | import { VisualPreview } from "@/components/portfolio/visual-preview";
    | ^^^^^^^^^^^^^^^^^^^^^^^^^^^^^^^^^^^^^^^^^^^^^^^^^^^^^^^^^^^^^^^^^^^^^^
  4 | import { Badge } from "@/components/ui/badge";
  5 | import { watchEntries } from "@/lib/data";
  6 |

Import map: aliased to relative './components/portfolio/visual-preview' inside of [project]/

https://nextjs.org/docs/messages/module-not-found @ http://127.0.0.1:3000/Portfolio-bts/_next/static/chunks/node_modules_next_dist_0u_w_5s._.js:1945
[  488585ms] [ERROR] ./app/projets/page.tsx:3:1
Module not found: Can't resolve '@/components/portfolio/visual-preview'
  1 | import Link from "next/link";
  2 | import { ArrowUpRight } from "lucide-react";
> 3 | import { VisualPreview } from "@/components/portfolio/visual-preview";
    | ^^^^^^^^^^^^^^^^^^^^^^^^^^^^^^^^^^^^^^^^^^^^^^^^^^^^^^^^^^^^^^^^^^^^^^
  4 | import { competencies, projects, getCategoryLabel } from "@/lib/data";
  5 | import { getProjectCategorySections } from "@/lib/view-models/projects";
  6 |

Import map: aliased to relative './components/portfolio/visual-preview' inside of [project]/

https://nextjs.org/docs/messages/module-not-found @ http://127.0.0.1:3000/Portfolio-bts/_next/static/chunks/node_modules_next_dist_0u_w_5s._.js:1945
[  488585ms] [ERROR] ./app/veille/page.tsx:3:1
Module not found: Can't resolve '@/components/portfolio/visual-preview'
  1 | import Link from "next/link";
  2 | import { ArrowUpRight } from "lucide-react";
> 3 | import { VisualPreview } from "@/components/portfolio/visual-preview";
    | ^^^^^^^^^^^^^^^^^^^^^^^^^^^^^^^^^^^^^^^^^^^^^^^^^^^^^^^^^^^^^^^^^^^^^^
  4 | import { Badge } from "@/components/ui/badge";
  5 | import { watchEntries } from "@/lib/data";
  6 |

Import map: aliased to relative './components/portfolio/visual-preview' inside of [project]/

https://nextjs.org/docs/messages/module-not-found @ http://127.0.0.1:3000/Portfolio-bts/_next/static/chunks/node_modules_next_dist_0u_w_5s._.js:1945
[  488647ms] [ERROR] ./app/projets/page.tsx:3:1
Module not found: Can't resolve '@/components/portfolio/visual-preview'
  1 | import Link from "next/link";
  2 | import { ArrowUpRight } from "lucide-react";
> 3 | import { VisualPreview } from "@/components/portfolio/visual-preview";
    | ^^^^^^^^^^^^^^^^^^^^^^^^^^^^^^^^^^^^^^^^^^^^^^^^^^^^^^^^^^^^^^^^^^^^^^
  4 | import { competencies, projects, getCategoryLabel } from "@/lib/data";
  5 | import { getProjectCategorySections } from "@/lib/view-models/projects";
  6 |

Import map: aliased to relative './components/portfolio/visual-preview' inside of [project]/

https://nextjs.org/docs/messages/module-not-found @ http://127.0.0.1:3000/Portfolio-bts/_next/static/chunks/node_modules_next_dist_0u_w_5s._.js:1945
[  488647ms] [ERROR] ./app/veille/page.tsx:3:1
Module not found: Can't resolve '@/components/portfolio/visual-preview'
  1 | import Link from "next/link";
  2 | import { ArrowUpRight } from "lucide-react";
> 3 | import { VisualPreview } from "@/components/portfolio/visual-preview";
    | ^^^^^^^^^^^^^^^^^^^^^^^^^^^^^^^^^^^^^^^^^^^^^^^^^^^^^^^^^^^^^^^^^^^^^^
  4 | import { Badge } from "@/components/ui/badge";
  5 | import { watchEntries } from "@/lib/data";
  6 |

Import map: aliased to relative './components/portfolio/visual-preview' inside of [project]/

https://nextjs.org/docs/messages/module-not-found @ http://127.0.0.1:3000/Portfolio-bts/_next/static/chunks/node_modules_next_dist_0u_w_5s._.js:1945
[  488710ms] [ERROR] ./app/projets/page.tsx:3:1
Module not found: Can't resolve '@/components/portfolio/visual-preview'
  1 | import Link from "next/link";
  2 | import { ArrowUpRight } from "lucide-react";
> 3 | import { VisualPreview } from "@/components/portfolio/visual-preview";
    | ^^^^^^^^^^^^^^^^^^^^^^^^^^^^^^^^^^^^^^^^^^^^^^^^^^^^^^^^^^^^^^^^^^^^^^
  4 | import { competencies, projects, getCategoryLabel } from "@/lib/data";
  5 | import { getProjectCategorySections } from "@/lib/view-models/projects";
  6 |

Import map: aliased to relative './components/portfolio/visual-preview' inside of [project]/

https://nextjs.org/docs/messages/module-not-found @ http://127.0.0.1:3000/Portfolio-bts/_next/static/chunks/node_modules_next_dist_0u_w_5s._.js:1945
[  488710ms] [ERROR] ./app/veille/page.tsx:3:1
Module not found: Can't resolve '@/components/portfolio/visual-preview'
  1 | import Link from "next/link";
  2 | import { ArrowUpRight } from "lucide-react";
> 3 | import { VisualPreview } from "@/components/portfolio/visual-preview";
    | ^^^^^^^^^^^^^^^^^^^^^^^^^^^^^^^^^^^^^^^^^^^^^^^^^^^^^^^^^^^^^^^^^^^^^^
  4 | import { Badge } from "@/components/ui/badge";
  5 | import { watchEntries } from "@/lib/data";
  6 |

Import map: aliased to relative './components/portfolio/visual-preview' inside of [project]/

https://nextjs.org/docs/messages/module-not-found @ http://127.0.0.1:3000/Portfolio-bts/_next/static/chunks/node_modules_next_dist_0u_w_5s._.js:1945
[  488773ms] [ERROR] ./app/projets/page.tsx:3:1
Module not found: Can't resolve '@/components/portfolio/visual-preview'
  1 | import Link from "next/link";
  2 | import { ArrowUpRight } from "lucide-react";
> 3 | import { VisualPreview } from "@/components/portfolio/visual-preview";
    | ^^^^^^^^^^^^^^^^^^^^^^^^^^^^^^^^^^^^^^^^^^^^^^^^^^^^^^^^^^^^^^^^^^^^^^
  4 | import { competencies, projects, getCategoryLabel } from "@/lib/data";
  5 | import { getProjectCategorySections } from "@/lib/view-models/projects";
  6 |

Import map: aliased to relative './components/portfolio/visual-preview' inside of [project]/

https://nextjs.org/docs/messages/module-not-found @ http://127.0.0.1:3000/Portfolio-bts/_next/static/chunks/node_modules_next_dist_0u_w_5s._.js:1945
[  488773ms] [ERROR] ./app/veille/page.tsx:3:1
Module not found: Can't resolve '@/components/portfolio/visual-preview'
  1 | import Link from "next/link";
  2 | import { ArrowUpRight } from "lucide-react";
> 3 | import { VisualPreview } from "@/components/portfolio/visual-preview";
    | ^^^^^^^^^^^^^^^^^^^^^^^^^^^^^^^^^^^^^^^^^^^^^^^^^^^^^^^^^^^^^^^^^^^^^^
  4 | import { Badge } from "@/components/ui/badge";
  5 | import { watchEntries } from "@/lib/data";
  6 |

Import map: aliased to relative './components/portfolio/visual-preview' inside of [project]/

https://nextjs.org/docs/messages/module-not-found @ http://127.0.0.1:3000/Portfolio-bts/_next/static/chunks/node_modules_next_dist_0u_w_5s._.js:1945
[  488835ms] [ERROR] ./app/projets/page.tsx:3:1
Module not found: Can't resolve '@/components/portfolio/visual-preview'
  1 | import Link from "next/link";
  2 | import { ArrowUpRight } from "lucide-react";
> 3 | import { VisualPreview } from "@/components/portfolio/visual-preview";
    | ^^^^^^^^^^^^^^^^^^^^^^^^^^^^^^^^^^^^^^^^^^^^^^^^^^^^^^^^^^^^^^^^^^^^^^
  4 | import { competencies, projects, getCategoryLabel } from "@/lib/data";
  5 | import { getProjectCategorySections } from "@/lib/view-models/projects";
  6 |

Import map: aliased to relative './components/portfolio/visual-preview' inside of [project]/

https://nextjs.org/docs/messages/module-not-found @ http://127.0.0.1:3000/Portfolio-bts/_next/static/chunks/node_modules_next_dist_0u_w_5s._.js:1945
[  488835ms] [ERROR] ./app/veille/page.tsx:3:1
Module not found: Can't resolve '@/components/portfolio/visual-preview'
  1 | import Link from "next/link";
  2 | import { ArrowUpRight } from "lucide-react";
> 3 | import { VisualPreview } from "@/components/portfolio/visual-preview";
    | ^^^^^^^^^^^^^^^^^^^^^^^^^^^^^^^^^^^^^^^^^^^^^^^^^^^^^^^^^^^^^^^^^^^^^^
  4 | import { Badge } from "@/components/ui/badge";
  5 | import { watchEntries } from "@/lib/data";
  6 |

Import map: aliased to relative './components/portfolio/visual-preview' inside of [project]/

https://nextjs.org/docs/messages/module-not-found @ http://127.0.0.1:3000/Portfolio-bts/_next/static/chunks/node_modules_next_dist_0u_w_5s._.js:1945
[  488897ms] [ERROR] ./app/projets/page.tsx:3:1
Module not found: Can't resolve '@/components/portfolio/visual-preview'
  1 | import Link from "next/link";
  2 | import { ArrowUpRight } from "lucide-react";
> 3 | import { VisualPreview } from "@/components/portfolio/visual-preview";
    | ^^^^^^^^^^^^^^^^^^^^^^^^^^^^^^^^^^^^^^^^^^^^^^^^^^^^^^^^^^^^^^^^^^^^^^
  4 | import { competencies, projects, getCategoryLabel } from "@/lib/data";
  5 | import { getProjectCategorySections } from "@/lib/view-models/projects";
  6 |

Import map: aliased to relative './components/portfolio/visual-preview' inside of [project]/

https://nextjs.org/docs/messages/module-not-found @ http://127.0.0.1:3000/Portfolio-bts/_next/static/chunks/node_modules_next_dist_0u_w_5s._.js:1945
[  488897ms] [ERROR] ./app/veille/page.tsx:3:1
Module not found: Can't resolve '@/components/portfolio/visual-preview'
  1 | import Link from "next/link";
  2 | import { ArrowUpRight } from "lucide-react";
> 3 | import { VisualPreview } from "@/components/portfolio/visual-preview";
    | ^^^^^^^^^^^^^^^^^^^^^^^^^^^^^^^^^^^^^^^^^^^^^^^^^^^^^^^^^^^^^^^^^^^^^^
  4 | import { Badge } from "@/components/ui/badge";
  5 | import { watchEntries } from "@/lib/data";
  6 |

Import map: aliased to relative './components/portfolio/visual-preview' inside of [project]/

https://nextjs.org/docs/messages/module-not-found @ http://127.0.0.1:3000/Portfolio-bts/_next/static/chunks/node_modules_next_dist_0u_w_5s._.js:1945
[  488960ms] [ERROR] ./app/projets/page.tsx:3:1
Module not found: Can't resolve '@/components/portfolio/visual-preview'
  1 | import Link from "next/link";
  2 | import { ArrowUpRight } from "lucide-react";
> 3 | import { VisualPreview } from "@/components/portfolio/visual-preview";
    | ^^^^^^^^^^^^^^^^^^^^^^^^^^^^^^^^^^^^^^^^^^^^^^^^^^^^^^^^^^^^^^^^^^^^^^
  4 | import { competencies, projects, getCategoryLabel } from "@/lib/data";
  5 | import { getProjectCategorySections } from "@/lib/view-models/projects";
  6 |

Import map: aliased to relative './components/portfolio/visual-preview' inside of [project]/

https://nextjs.org/docs/messages/module-not-found @ http://127.0.0.1:3000/Portfolio-bts/_next/static/chunks/node_modules_next_dist_0u_w_5s._.js:1945
[  488960ms] [ERROR] ./app/veille/page.tsx:3:1
Module not found: Can't resolve '@/components/portfolio/visual-preview'
  1 | import Link from "next/link";
  2 | import { ArrowUpRight } from "lucide-react";
> 3 | import { VisualPreview } from "@/components/portfolio/visual-preview";
    | ^^^^^^^^^^^^^^^^^^^^^^^^^^^^^^^^^^^^^^^^^^^^^^^^^^^^^^^^^^^^^^^^^^^^^^
  4 | import { Badge } from "@/components/ui/badge";
  5 | import { watchEntries } from "@/lib/data";
  6 |

Import map: aliased to relative './components/portfolio/visual-preview' inside of [project]/

https://nextjs.org/docs/messages/module-not-found @ http://127.0.0.1:3000/Portfolio-bts/_next/static/chunks/node_modules_next_dist_0u_w_5s._.js:1945
[  489022ms] [ERROR] ./app/projets/page.tsx:3:1
Module not found: Can't resolve '@/components/portfolio/visual-preview'
  1 | import Link from "next/link";
  2 | import { ArrowUpRight } from "lucide-react";
> 3 | import { VisualPreview } from "@/components/portfolio/visual-preview";
    | ^^^^^^^^^^^^^^^^^^^^^^^^^^^^^^^^^^^^^^^^^^^^^^^^^^^^^^^^^^^^^^^^^^^^^^
  4 | import { competencies, projects, getCategoryLabel } from "@/lib/data";
  5 | import { getProjectCategorySections } from "@/lib/view-models/projects";
  6 |

Import map: aliased to relative './components/portfolio/visual-preview' inside of [project]/

https://nextjs.org/docs/messages/module-not-found @ http://127.0.0.1:3000/Portfolio-bts/_next/static/chunks/node_modules_next_dist_0u_w_5s._.js:1945
[  489022ms] [ERROR] ./app/veille/page.tsx:3:1
Module not found: Can't resolve '@/components/portfolio/visual-preview'
  1 | import Link from "next/link";
  2 | import { ArrowUpRight } from "lucide-react";
> 3 | import { VisualPreview } from "@/components/portfolio/visual-preview";
    | ^^^^^^^^^^^^^^^^^^^^^^^^^^^^^^^^^^^^^^^^^^^^^^^^^^^^^^^^^^^^^^^^^^^^^^
  4 | import { Badge } from "@/components/ui/badge";
  5 | import { watchEntries } from "@/lib/data";
  6 |

Import map: aliased to relative './components/portfolio/visual-preview' inside of [project]/

https://nextjs.org/docs/messages/module-not-found @ http://127.0.0.1:3000/Portfolio-bts/_next/static/chunks/node_modules_next_dist_0u_w_5s._.js:1945
[  489084ms] [ERROR] ./app/projets/page.tsx:3:1
Module not found: Can't resolve '@/components/portfolio/visual-preview'
  1 | import Link from "next/link";
  2 | import { ArrowUpRight } from "lucide-react";
> 3 | import { VisualPreview } from "@/components/portfolio/visual-preview";
    | ^^^^^^^^^^^^^^^^^^^^^^^^^^^^^^^^^^^^^^^^^^^^^^^^^^^^^^^^^^^^^^^^^^^^^^
  4 | import { competencies, projects, getCategoryLabel } from "@/lib/data";
  5 | import { getProjectCategorySections } from "@/lib/view-models/projects";
  6 |

Import map: aliased to relative './components/portfolio/visual-preview' inside of [project]/

https://nextjs.org/docs/messages/module-not-found @ http://127.0.0.1:3000/Portfolio-bts/_next/static/chunks/node_modules_next_dist_0u_w_5s._.js:1945
[  489084ms] [ERROR] ./app/veille/page.tsx:3:1
Module not found: Can't resolve '@/components/portfolio/visual-preview'
  1 | import Link from "next/link";
  2 | import { ArrowUpRight } from "lucide-react";
> 3 | import { VisualPreview } from "@/components/portfolio/visual-preview";
    | ^^^^^^^^^^^^^^^^^^^^^^^^^^^^^^^^^^^^^^^^^^^^^^^^^^^^^^^^^^^^^^^^^^^^^^
  4 | import { Badge } from "@/components/ui/badge";
  5 | import { watchEntries } from "@/lib/data";
  6 |

Import map: aliased to relative './components/portfolio/visual-preview' inside of [project]/

https://nextjs.org/docs/messages/module-not-found @ http://127.0.0.1:3000/Portfolio-bts/_next/static/chunks/node_modules_next_dist_0u_w_5s._.js:1945
[  489150ms] [ERROR] ./app/projets/page.tsx:3:1
Module not found: Can't resolve '@/components/portfolio/visual-preview'
  1 | import Link from "next/link";
  2 | import { ArrowUpRight } from "lucide-react";
> 3 | import { VisualPreview } from "@/components/portfolio/visual-preview";
    | ^^^^^^^^^^^^^^^^^^^^^^^^^^^^^^^^^^^^^^^^^^^^^^^^^^^^^^^^^^^^^^^^^^^^^^
  4 | import { competencies, projects, getCategoryLabel } from "@/lib/data";
  5 | import { getProjectCategorySections } from "@/lib/view-models/projects";
  6 |

Import map: aliased to relative './components/portfolio/visual-preview' inside of [project]/

https://nextjs.org/docs/messages/module-not-found @ http://127.0.0.1:3000/Portfolio-bts/_next/static/chunks/node_modules_next_dist_0u_w_5s._.js:1945
[  489150ms] [ERROR] ./app/veille/page.tsx:3:1
Module not found: Can't resolve '@/components/portfolio/visual-preview'
  1 | import Link from "next/link";
  2 | import { ArrowUpRight } from "lucide-react";
> 3 | import { VisualPreview } from "@/components/portfolio/visual-preview";
    | ^^^^^^^^^^^^^^^^^^^^^^^^^^^^^^^^^^^^^^^^^^^^^^^^^^^^^^^^^^^^^^^^^^^^^^
  4 | import { Badge } from "@/components/ui/badge";
  5 | import { watchEntries } from "@/lib/data";
  6 |

Import map: aliased to relative './components/portfolio/visual-preview' inside of [project]/

https://nextjs.org/docs/messages/module-not-found @ http://127.0.0.1:3000/Portfolio-bts/_next/static/chunks/node_modules_next_dist_0u_w_5s._.js:1945
[  489208ms] [ERROR] ./app/projets/page.tsx:3:1
Module not found: Can't resolve '@/components/portfolio/visual-preview'
  1 | import Link from "next/link";
  2 | import { ArrowUpRight } from "lucide-react";
> 3 | import { VisualPreview } from "@/components/portfolio/visual-preview";
    | ^^^^^^^^^^^^^^^^^^^^^^^^^^^^^^^^^^^^^^^^^^^^^^^^^^^^^^^^^^^^^^^^^^^^^^
  4 | import { competencies, projects, getCategoryLabel } from "@/lib/data";
  5 | import { getProjectCategorySections } from "@/lib/view-models/projects";
  6 |

Import map: aliased to relative './components/portfolio/visual-preview' inside of [project]/

https://nextjs.org/docs/messages/module-not-found @ http://127.0.0.1:3000/Portfolio-bts/_next/static/chunks/node_modules_next_dist_0u_w_5s._.js:1945
[  489208ms] [ERROR] ./app/veille/page.tsx:3:1
Module not found: Can't resolve '@/components/portfolio/visual-preview'
  1 | import Link from "next/link";
  2 | import { ArrowUpRight } from "lucide-react";
> 3 | import { VisualPreview } from "@/components/portfolio/visual-preview";
    | ^^^^^^^^^^^^^^^^^^^^^^^^^^^^^^^^^^^^^^^^^^^^^^^^^^^^^^^^^^^^^^^^^^^^^^
  4 | import { Badge } from "@/components/ui/badge";
  5 | import { watchEntries } from "@/lib/data";
  6 |

Import map: aliased to relative './components/portfolio/visual-preview' inside of [project]/

https://nextjs.org/docs/messages/module-not-found @ http://127.0.0.1:3000/Portfolio-bts/_next/static/chunks/node_modules_next_dist_0u_w_5s._.js:1945
[  489271ms] [ERROR] ./app/projets/page.tsx:3:1
Module not found: Can't resolve '@/components/portfolio/visual-preview'
  1 | import Link from "next/link";
  2 | import { ArrowUpRight } from "lucide-react";
> 3 | import { VisualPreview } from "@/components/portfolio/visual-preview";
    | ^^^^^^^^^^^^^^^^^^^^^^^^^^^^^^^^^^^^^^^^^^^^^^^^^^^^^^^^^^^^^^^^^^^^^^
  4 | import { competencies, projects, getCategoryLabel } from "@/lib/data";
  5 | import { getProjectCategorySections } from "@/lib/view-models/projects";
  6 |

Import map: aliased to relative './components/portfolio/visual-preview' inside of [project]/

https://nextjs.org/docs/messages/module-not-found @ http://127.0.0.1:3000/Portfolio-bts/_next/static/chunks/node_modules_next_dist_0u_w_5s._.js:1945
[  489271ms] [ERROR] ./app/veille/page.tsx:3:1
Module not found: Can't resolve '@/components/portfolio/visual-preview'
  1 | import Link from "next/link";
  2 | import { ArrowUpRight } from "lucide-react";
> 3 | import { VisualPreview } from "@/components/portfolio/visual-preview";
    | ^^^^^^^^^^^^^^^^^^^^^^^^^^^^^^^^^^^^^^^^^^^^^^^^^^^^^^^^^^^^^^^^^^^^^^
  4 | import { Badge } from "@/components/ui/badge";
  5 | import { watchEntries } from "@/lib/data";
  6 |

Import map: aliased to relative './components/portfolio/visual-preview' inside of [project]/

https://nextjs.org/docs/messages/module-not-found @ http://127.0.0.1:3000/Portfolio-bts/_next/static/chunks/node_modules_next_dist_0u_w_5s._.js:1945
[  489334ms] [ERROR] ./app/projets/page.tsx:3:1
Module not found: Can't resolve '@/components/portfolio/visual-preview'
  1 | import Link from "next/link";
  2 | import { ArrowUpRight } from "lucide-react";
> 3 | import { VisualPreview } from "@/components/portfolio/visual-preview";
    | ^^^^^^^^^^^^^^^^^^^^^^^^^^^^^^^^^^^^^^^^^^^^^^^^^^^^^^^^^^^^^^^^^^^^^^
  4 | import { competencies, projects, getCategoryLabel } from "@/lib/data";
  5 | import { getProjectCategorySections } from "@/lib/view-models/projects";
  6 |

Import map: aliased to relative './components/portfolio/visual-preview' inside of [project]/

https://nextjs.org/docs/messages/module-not-found @ http://127.0.0.1:3000/Portfolio-bts/_next/static/chunks/node_modules_next_dist_0u_w_5s._.js:1945
[  489334ms] [ERROR] ./app/veille/page.tsx:3:1
Module not found: Can't resolve '@/components/portfolio/visual-preview'
  1 | import Link from "next/link";
  2 | import { ArrowUpRight } from "lucide-react";
> 3 | import { VisualPreview } from "@/components/portfolio/visual-preview";
    | ^^^^^^^^^^^^^^^^^^^^^^^^^^^^^^^^^^^^^^^^^^^^^^^^^^^^^^^^^^^^^^^^^^^^^^
  4 | import { Badge } from "@/components/ui/badge";
  5 | import { watchEntries } from "@/lib/data";
  6 |

Import map: aliased to relative './components/portfolio/visual-preview' inside of [project]/

https://nextjs.org/docs/messages/module-not-found @ http://127.0.0.1:3000/Portfolio-bts/_next/static/chunks/node_modules_next_dist_0u_w_5s._.js:1945
[  489396ms] [ERROR] ./app/projets/page.tsx:3:1
Module not found: Can't resolve '@/components/portfolio/visual-preview'
  1 | import Link from "next/link";
  2 | import { ArrowUpRight } from "lucide-react";
> 3 | import { VisualPreview } from "@/components/portfolio/visual-preview";
    | ^^^^^^^^^^^^^^^^^^^^^^^^^^^^^^^^^^^^^^^^^^^^^^^^^^^^^^^^^^^^^^^^^^^^^^
  4 | import { competencies, projects, getCategoryLabel } from "@/lib/data";
  5 | import { getProjectCategorySections } from "@/lib/view-models/projects";
  6 |

Import map: aliased to relative './components/portfolio/visual-preview' inside of [project]/

https://nextjs.org/docs/messages/module-not-found @ http://127.0.0.1:3000/Portfolio-bts/_next/static/chunks/node_modules_next_dist_0u_w_5s._.js:1945
[  489397ms] [ERROR] ./app/veille/page.tsx:3:1
Module not found: Can't resolve '@/components/portfolio/visual-preview'
  1 | import Link from "next/link";
  2 | import { ArrowUpRight } from "lucide-react";
> 3 | import { VisualPreview } from "@/components/portfolio/visual-preview";
    | ^^^^^^^^^^^^^^^^^^^^^^^^^^^^^^^^^^^^^^^^^^^^^^^^^^^^^^^^^^^^^^^^^^^^^^
  4 | import { Badge } from "@/components/ui/badge";
  5 | import { watchEntries } from "@/lib/data";
  6 |

Import map: aliased to relative './components/portfolio/visual-preview' inside of [project]/

https://nextjs.org/docs/messages/module-not-found @ http://127.0.0.1:3000/Portfolio-bts/_next/static/chunks/node_modules_next_dist_0u_w_5s._.js:1945
[  489459ms] [ERROR] ./app/projets/page.tsx:3:1
Module not found: Can't resolve '@/components/portfolio/visual-preview'
  1 | import Link from "next/link";
  2 | import { ArrowUpRight } from "lucide-react";
> 3 | import { VisualPreview } from "@/components/portfolio/visual-preview";
    | ^^^^^^^^^^^^^^^^^^^^^^^^^^^^^^^^^^^^^^^^^^^^^^^^^^^^^^^^^^^^^^^^^^^^^^
  4 | import { competencies, projects, getCategoryLabel } from "@/lib/data";
  5 | import { getProjectCategorySections } from "@/lib/view-models/projects";
  6 |

Import map: aliased to relative './components/portfolio/visual-preview' inside of [project]/

https://nextjs.org/docs/messages/module-not-found @ http://127.0.0.1:3000/Portfolio-bts/_next/static/chunks/node_modules_next_dist_0u_w_5s._.js:1945
[  489459ms] [ERROR] ./app/veille/page.tsx:3:1
Module not found: Can't resolve '@/components/portfolio/visual-preview'
  1 | import Link from "next/link";
  2 | import { ArrowUpRight } from "lucide-react";
> 3 | import { VisualPreview } from "@/components/portfolio/visual-preview";
    | ^^^^^^^^^^^^^^^^^^^^^^^^^^^^^^^^^^^^^^^^^^^^^^^^^^^^^^^^^^^^^^^^^^^^^^
  4 | import { Badge } from "@/components/ui/badge";
  5 | import { watchEntries } from "@/lib/data";
  6 |

Import map: aliased to relative './components/portfolio/visual-preview' inside of [project]/

https://nextjs.org/docs/messages/module-not-found @ http://127.0.0.1:3000/Portfolio-bts/_next/static/chunks/node_modules_next_dist_0u_w_5s._.js:1945
[  489519ms] [ERROR] ./app/projets/page.tsx:3:1
Module not found: Can't resolve '@/components/portfolio/visual-preview'
  1 | import Link from "next/link";
  2 | import { ArrowUpRight } from "lucide-react";
> 3 | import { VisualPreview } from "@/components/portfolio/visual-preview";
    | ^^^^^^^^^^^^^^^^^^^^^^^^^^^^^^^^^^^^^^^^^^^^^^^^^^^^^^^^^^^^^^^^^^^^^^
  4 | import { competencies, projects, getCategoryLabel } from "@/lib/data";
  5 | import { getProjectCategorySections } from "@/lib/view-models/projects";
  6 |

Import map: aliased to relative './components/portfolio/visual-preview' inside of [project]/

https://nextjs.org/docs/messages/module-not-found @ http://127.0.0.1:3000/Portfolio-bts/_next/static/chunks/node_modules_next_dist_0u_w_5s._.js:1945
[  489519ms] [ERROR] ./app/veille/page.tsx:3:1
Module not found: Can't resolve '@/components/portfolio/visual-preview'
  1 | import Link from "next/link";
  2 | import { ArrowUpRight } from "lucide-react";
> 3 | import { VisualPreview } from "@/components/portfolio/visual-preview";
    | ^^^^^^^^^^^^^^^^^^^^^^^^^^^^^^^^^^^^^^^^^^^^^^^^^^^^^^^^^^^^^^^^^^^^^^
  4 | import { Badge } from "@/components/ui/badge";
  5 | import { watchEntries } from "@/lib/data";
  6 |

Import map: aliased to relative './components/portfolio/visual-preview' inside of [project]/

https://nextjs.org/docs/messages/module-not-found @ http://127.0.0.1:3000/Portfolio-bts/_next/static/chunks/node_modules_next_dist_0u_w_5s._.js:1945
[  489583ms] [ERROR] ./app/projets/page.tsx:3:1
Module not found: Can't resolve '@/components/portfolio/visual-preview'
  1 | import Link from "next/link";
  2 | import { ArrowUpRight } from "lucide-react";
> 3 | import { VisualPreview } from "@/components/portfolio/visual-preview";
    | ^^^^^^^^^^^^^^^^^^^^^^^^^^^^^^^^^^^^^^^^^^^^^^^^^^^^^^^^^^^^^^^^^^^^^^
  4 | import { competencies, projects, getCategoryLabel } from "@/lib/data";
  5 | import { getProjectCategorySections } from "@/lib/view-models/projects";
  6 |

Import map: aliased to relative './components/portfolio/visual-preview' inside of [project]/

https://nextjs.org/docs/messages/module-not-found @ http://127.0.0.1:3000/Portfolio-bts/_next/static/chunks/node_modules_next_dist_0u_w_5s._.js:1945
[  489583ms] [ERROR] ./app/veille/page.tsx:3:1
Module not found: Can't resolve '@/components/portfolio/visual-preview'
  1 | import Link from "next/link";
  2 | import { ArrowUpRight } from "lucide-react";
> 3 | import { VisualPreview } from "@/components/portfolio/visual-preview";
    | ^^^^^^^^^^^^^^^^^^^^^^^^^^^^^^^^^^^^^^^^^^^^^^^^^^^^^^^^^^^^^^^^^^^^^^
  4 | import { Badge } from "@/components/ui/badge";
  5 | import { watchEntries } from "@/lib/data";
  6 |

Import map: aliased to relative './components/portfolio/visual-preview' inside of [project]/

https://nextjs.org/docs/messages/module-not-found @ http://127.0.0.1:3000/Portfolio-bts/_next/static/chunks/node_modules_next_dist_0u_w_5s._.js:1945
[  489645ms] [ERROR] ./app/projets/page.tsx:3:1
Module not found: Can't resolve '@/components/portfolio/visual-preview'
  1 | import Link from "next/link";
  2 | import { ArrowUpRight } from "lucide-react";
> 3 | import { VisualPreview } from "@/components/portfolio/visual-preview";
    | ^^^^^^^^^^^^^^^^^^^^^^^^^^^^^^^^^^^^^^^^^^^^^^^^^^^^^^^^^^^^^^^^^^^^^^
  4 | import { competencies, projects, getCategoryLabel } from "@/lib/data";
  5 | import { getProjectCategorySections } from "@/lib/view-models/projects";
  6 |

Import map: aliased to relative './components/portfolio/visual-preview' inside of [project]/

https://nextjs.org/docs/messages/module-not-found @ http://127.0.0.1:3000/Portfolio-bts/_next/static/chunks/node_modules_next_dist_0u_w_5s._.js:1945
[  489646ms] [ERROR] ./app/veille/page.tsx:3:1
Module not found: Can't resolve '@/components/portfolio/visual-preview'
  1 | import Link from "next/link";
  2 | import { ArrowUpRight } from "lucide-react";
> 3 | import { VisualPreview } from "@/components/portfolio/visual-preview";
    | ^^^^^^^^^^^^^^^^^^^^^^^^^^^^^^^^^^^^^^^^^^^^^^^^^^^^^^^^^^^^^^^^^^^^^^
  4 | import { Badge } from "@/components/ui/badge";
  5 | import { watchEntries } from "@/lib/data";
  6 |

Import map: aliased to relative './components/portfolio/visual-preview' inside of [project]/

https://nextjs.org/docs/messages/module-not-found @ http://127.0.0.1:3000/Portfolio-bts/_next/static/chunks/node_modules_next_dist_0u_w_5s._.js:1945
[  489707ms] [ERROR] ./app/projets/page.tsx:3:1
Module not found: Can't resolve '@/components/portfolio/visual-preview'
  1 | import Link from "next/link";
  2 | import { ArrowUpRight } from "lucide-react";
> 3 | import { VisualPreview } from "@/components/portfolio/visual-preview";
    | ^^^^^^^^^^^^^^^^^^^^^^^^^^^^^^^^^^^^^^^^^^^^^^^^^^^^^^^^^^^^^^^^^^^^^^
  4 | import { competencies, projects, getCategoryLabel } from "@/lib/data";
  5 | import { getProjectCategorySections } from "@/lib/view-models/projects";
  6 |

Import map: aliased to relative './components/portfolio/visual-preview' inside of [project]/

https://nextjs.org/docs/messages/module-not-found @ http://127.0.0.1:3000/Portfolio-bts/_next/static/chunks/node_modules_next_dist_0u_w_5s._.js:1945
[  489708ms] [ERROR] ./app/veille/page.tsx:3:1
Module not found: Can't resolve '@/components/portfolio/visual-preview'
  1 | import Link from "next/link";
  2 | import { ArrowUpRight } from "lucide-react";
> 3 | import { VisualPreview } from "@/components/portfolio/visual-preview";
    | ^^^^^^^^^^^^^^^^^^^^^^^^^^^^^^^^^^^^^^^^^^^^^^^^^^^^^^^^^^^^^^^^^^^^^^
  4 | import { Badge } from "@/components/ui/badge";
  5 | import { watchEntries } from "@/lib/data";
  6 |

Import map: aliased to relative './components/portfolio/visual-preview' inside of [project]/

https://nextjs.org/docs/messages/module-not-found @ http://127.0.0.1:3000/Portfolio-bts/_next/static/chunks/node_modules_next_dist_0u_w_5s._.js:1945
[  489770ms] [ERROR] ./app/projets/page.tsx:3:1
Module not found: Can't resolve '@/components/portfolio/visual-preview'
  1 | import Link from "next/link";
  2 | import { ArrowUpRight } from "lucide-react";
> 3 | import { VisualPreview } from "@/components/portfolio/visual-preview";
    | ^^^^^^^^^^^^^^^^^^^^^^^^^^^^^^^^^^^^^^^^^^^^^^^^^^^^^^^^^^^^^^^^^^^^^^
  4 | import { competencies, projects, getCategoryLabel } from "@/lib/data";
  5 | import { getProjectCategorySections } from "@/lib/view-models/projects";
  6 |

Import map: aliased to relative './components/portfolio/visual-preview' inside of [project]/

https://nextjs.org/docs/messages/module-not-found @ http://127.0.0.1:3000/Portfolio-bts/_next/static/chunks/node_modules_next_dist_0u_w_5s._.js:1945
[  489770ms] [ERROR] ./app/veille/page.tsx:3:1
Module not found: Can't resolve '@/components/portfolio/visual-preview'
  1 | import Link from "next/link";
  2 | import { ArrowUpRight } from "lucide-react";
> 3 | import { VisualPreview } from "@/components/portfolio/visual-preview";
    | ^^^^^^^^^^^^^^^^^^^^^^^^^^^^^^^^^^^^^^^^^^^^^^^^^^^^^^^^^^^^^^^^^^^^^^
  4 | import { Badge } from "@/components/ui/badge";
  5 | import { watchEntries } from "@/lib/data";
  6 |

Import map: aliased to relative './components/portfolio/visual-preview' inside of [project]/

https://nextjs.org/docs/messages/module-not-found @ http://127.0.0.1:3000/Portfolio-bts/_next/static/chunks/node_modules_next_dist_0u_w_5s._.js:1945
[  489833ms] [ERROR] ./app/projets/page.tsx:3:1
Module not found: Can't resolve '@/components/portfolio/visual-preview'
  1 | import Link from "next/link";
  2 | import { ArrowUpRight } from "lucide-react";
> 3 | import { VisualPreview } from "@/components/portfolio/visual-preview";
    | ^^^^^^^^^^^^^^^^^^^^^^^^^^^^^^^^^^^^^^^^^^^^^^^^^^^^^^^^^^^^^^^^^^^^^^
  4 | import { competencies, projects, getCategoryLabel } from "@/lib/data";
  5 | import { getProjectCategorySections } from "@/lib/view-models/projects";
  6 |

Import map: aliased to relative './components/portfolio/visual-preview' inside of [project]/

https://nextjs.org/docs/messages/module-not-found @ http://127.0.0.1:3000/Portfolio-bts/_next/static/chunks/node_modules_next_dist_0u_w_5s._.js:1945
[  489833ms] [ERROR] ./app/veille/page.tsx:3:1
Module not found: Can't resolve '@/components/portfolio/visual-preview'
  1 | import Link from "next/link";
  2 | import { ArrowUpRight } from "lucide-react";
> 3 | import { VisualPreview } from "@/components/portfolio/visual-preview";
    | ^^^^^^^^^^^^^^^^^^^^^^^^^^^^^^^^^^^^^^^^^^^^^^^^^^^^^^^^^^^^^^^^^^^^^^
  4 | import { Badge } from "@/components/ui/badge";
  5 | import { watchEntries } from "@/lib/data";
  6 |

Import map: aliased to relative './components/portfolio/visual-preview' inside of [project]/

https://nextjs.org/docs/messages/module-not-found @ http://127.0.0.1:3000/Portfolio-bts/_next/static/chunks/node_modules_next_dist_0u_w_5s._.js:1945
[  489894ms] [ERROR] ./app/projets/page.tsx:3:1
Module not found: Can't resolve '@/components/portfolio/visual-preview'
  1 | import Link from "next/link";
  2 | import { ArrowUpRight } from "lucide-react";
> 3 | import { VisualPreview } from "@/components/portfolio/visual-preview";
    | ^^^^^^^^^^^^^^^^^^^^^^^^^^^^^^^^^^^^^^^^^^^^^^^^^^^^^^^^^^^^^^^^^^^^^^
  4 | import { competencies, projects, getCategoryLabel } from "@/lib/data";
  5 | import { getProjectCategorySections } from "@/lib/view-models/projects";
  6 |

Import map: aliased to relative './components/portfolio/visual-preview' inside of [project]/

https://nextjs.org/docs/messages/module-not-found @ http://127.0.0.1:3000/Portfolio-bts/_next/static/chunks/node_modules_next_dist_0u_w_5s._.js:1945
[  489894ms] [ERROR] ./app/veille/page.tsx:3:1
Module not found: Can't resolve '@/components/portfolio/visual-preview'
  1 | import Link from "next/link";
  2 | import { ArrowUpRight } from "lucide-react";
> 3 | import { VisualPreview } from "@/components/portfolio/visual-preview";
    | ^^^^^^^^^^^^^^^^^^^^^^^^^^^^^^^^^^^^^^^^^^^^^^^^^^^^^^^^^^^^^^^^^^^^^^
  4 | import { Badge } from "@/components/ui/badge";
  5 | import { watchEntries } from "@/lib/data";
  6 |

Import map: aliased to relative './components/portfolio/visual-preview' inside of [project]/

https://nextjs.org/docs/messages/module-not-found @ http://127.0.0.1:3000/Portfolio-bts/_next/static/chunks/node_modules_next_dist_0u_w_5s._.js:1945
[  489956ms] [ERROR] ./app/projets/page.tsx:3:1
Module not found: Can't resolve '@/components/portfolio/visual-preview'
  1 | import Link from "next/link";
  2 | import { ArrowUpRight } from "lucide-react";
> 3 | import { VisualPreview } from "@/components/portfolio/visual-preview";
    | ^^^^^^^^^^^^^^^^^^^^^^^^^^^^^^^^^^^^^^^^^^^^^^^^^^^^^^^^^^^^^^^^^^^^^^
  4 | import { competencies, projects, getCategoryLabel } from "@/lib/data";
  5 | import { getProjectCategorySections } from "@/lib/view-models/projects";
  6 |

Import map: aliased to relative './components/portfolio/visual-preview' inside of [project]/

https://nextjs.org/docs/messages/module-not-found @ http://127.0.0.1:3000/Portfolio-bts/_next/static/chunks/node_modules_next_dist_0u_w_5s._.js:1945
[  489956ms] [ERROR] ./app/veille/page.tsx:3:1
Module not found: Can't resolve '@/components/portfolio/visual-preview'
  1 | import Link from "next/link";
  2 | import { ArrowUpRight } from "lucide-react";
> 3 | import { VisualPreview } from "@/components/portfolio/visual-preview";
    | ^^^^^^^^^^^^^^^^^^^^^^^^^^^^^^^^^^^^^^^^^^^^^^^^^^^^^^^^^^^^^^^^^^^^^^
  4 | import { Badge } from "@/components/ui/badge";
  5 | import { watchEntries } from "@/lib/data";
  6 |

Import map: aliased to relative './components/portfolio/visual-preview' inside of [project]/

https://nextjs.org/docs/messages/module-not-found @ http://127.0.0.1:3000/Portfolio-bts/_next/static/chunks/node_modules_next_dist_0u_w_5s._.js:1945
[  490018ms] [ERROR] ./app/projets/page.tsx:3:1
Module not found: Can't resolve '@/components/portfolio/visual-preview'
  1 | import Link from "next/link";
  2 | import { ArrowUpRight } from "lucide-react";
> 3 | import { VisualPreview } from "@/components/portfolio/visual-preview";
    | ^^^^^^^^^^^^^^^^^^^^^^^^^^^^^^^^^^^^^^^^^^^^^^^^^^^^^^^^^^^^^^^^^^^^^^
  4 | import { competencies, projects, getCategoryLabel } from "@/lib/data";
  5 | import { getProjectCategorySections } from "@/lib/view-models/projects";
  6 |

Import map: aliased to relative './components/portfolio/visual-preview' inside of [project]/

https://nextjs.org/docs/messages/module-not-found @ http://127.0.0.1:3000/Portfolio-bts/_next/static/chunks/node_modules_next_dist_0u_w_5s._.js:1945
[  490019ms] [ERROR] ./app/veille/page.tsx:3:1
Module not found: Can't resolve '@/components/portfolio/visual-preview'
  1 | import Link from "next/link";
  2 | import { ArrowUpRight } from "lucide-react";
> 3 | import { VisualPreview } from "@/components/portfolio/visual-preview";
    | ^^^^^^^^^^^^^^^^^^^^^^^^^^^^^^^^^^^^^^^^^^^^^^^^^^^^^^^^^^^^^^^^^^^^^^
  4 | import { Badge } from "@/components/ui/badge";
  5 | import { watchEntries } from "@/lib/data";
  6 |

Import map: aliased to relative './components/portfolio/visual-preview' inside of [project]/

https://nextjs.org/docs/messages/module-not-found @ http://127.0.0.1:3000/Portfolio-bts/_next/static/chunks/node_modules_next_dist_0u_w_5s._.js:1945
[  490081ms] [ERROR] ./app/projets/page.tsx:3:1
Module not found: Can't resolve '@/components/portfolio/visual-preview'
  1 | import Link from "next/link";
  2 | import { ArrowUpRight } from "lucide-react";
> 3 | import { VisualPreview } from "@/components/portfolio/visual-preview";
    | ^^^^^^^^^^^^^^^^^^^^^^^^^^^^^^^^^^^^^^^^^^^^^^^^^^^^^^^^^^^^^^^^^^^^^^
  4 | import { competencies, projects, getCategoryLabel } from "@/lib/data";
  5 | import { getProjectCategorySections } from "@/lib/view-models/projects";
  6 |

Import map: aliased to relative './components/portfolio/visual-preview' inside of [project]/

https://nextjs.org/docs/messages/module-not-found @ http://127.0.0.1:3000/Portfolio-bts/_next/static/chunks/node_modules_next_dist_0u_w_5s._.js:1945
[  490082ms] [ERROR] ./app/veille/page.tsx:3:1
Module not found: Can't resolve '@/components/portfolio/visual-preview'
  1 | import Link from "next/link";
  2 | import { ArrowUpRight } from "lucide-react";
> 3 | import { VisualPreview } from "@/components/portfolio/visual-preview";
    | ^^^^^^^^^^^^^^^^^^^^^^^^^^^^^^^^^^^^^^^^^^^^^^^^^^^^^^^^^^^^^^^^^^^^^^
  4 | import { Badge } from "@/components/ui/badge";
  5 | import { watchEntries } from "@/lib/data";
  6 |

Import map: aliased to relative './components/portfolio/visual-preview' inside of [project]/

https://nextjs.org/docs/messages/module-not-found @ http://127.0.0.1:3000/Portfolio-bts/_next/static/chunks/node_modules_next_dist_0u_w_5s._.js:1945
[  490151ms] [ERROR] ./app/projets/page.tsx:3:1
Module not found: Can't resolve '@/components/portfolio/visual-preview'
  1 | import Link from "next/link";
  2 | import { ArrowUpRight } from "lucide-react";
> 3 | import { VisualPreview } from "@/components/portfolio/visual-preview";
    | ^^^^^^^^^^^^^^^^^^^^^^^^^^^^^^^^^^^^^^^^^^^^^^^^^^^^^^^^^^^^^^^^^^^^^^
  4 | import { competencies, projects, getCategoryLabel } from "@/lib/data";
  5 | import { getProjectCategorySections } from "@/lib/view-models/projects";
  6 |

Import map: aliased to relative './components/portfolio/visual-preview' inside of [project]/

https://nextjs.org/docs/messages/module-not-found @ http://127.0.0.1:3000/Portfolio-bts/_next/static/chunks/node_modules_next_dist_0u_w_5s._.js:1945
[  490151ms] [ERROR] ./app/veille/page.tsx:3:1
Module not found: Can't resolve '@/components/portfolio/visual-preview'
  1 | import Link from "next/link";
  2 | import { ArrowUpRight } from "lucide-react";
> 3 | import { VisualPreview } from "@/components/portfolio/visual-preview";
    | ^^^^^^^^^^^^^^^^^^^^^^^^^^^^^^^^^^^^^^^^^^^^^^^^^^^^^^^^^^^^^^^^^^^^^^
  4 | import { Badge } from "@/components/ui/badge";
  5 | import { watchEntries } from "@/lib/data";
  6 |

Import map: aliased to relative './components/portfolio/visual-preview' inside of [project]/

https://nextjs.org/docs/messages/module-not-found @ http://127.0.0.1:3000/Portfolio-bts/_next/static/chunks/node_modules_next_dist_0u_w_5s._.js:1945
[  490205ms] [ERROR] ./app/projets/page.tsx:3:1
Module not found: Can't resolve '@/components/portfolio/visual-preview'
  1 | import Link from "next/link";
  2 | import { ArrowUpRight } from "lucide-react";
> 3 | import { VisualPreview } from "@/components/portfolio/visual-preview";
    | ^^^^^^^^^^^^^^^^^^^^^^^^^^^^^^^^^^^^^^^^^^^^^^^^^^^^^^^^^^^^^^^^^^^^^^
  4 | import { competencies, projects, getCategoryLabel } from "@/lib/data";
  5 | import { getProjectCategorySections } from "@/lib/view-models/projects";
  6 |

Import map: aliased to relative './components/portfolio/visual-preview' inside of [project]/

https://nextjs.org/docs/messages/module-not-found @ http://127.0.0.1:3000/Portfolio-bts/_next/static/chunks/node_modules_next_dist_0u_w_5s._.js:1945
[  490205ms] [ERROR] ./app/veille/page.tsx:3:1
Module not found: Can't resolve '@/components/portfolio/visual-preview'
  1 | import Link from "next/link";
  2 | import { ArrowUpRight } from "lucide-react";
> 3 | import { VisualPreview } from "@/components/portfolio/visual-preview";
    | ^^^^^^^^^^^^^^^^^^^^^^^^^^^^^^^^^^^^^^^^^^^^^^^^^^^^^^^^^^^^^^^^^^^^^^
  4 | import { Badge } from "@/components/ui/badge";
  5 | import { watchEntries } from "@/lib/data";
  6 |

Import map: aliased to relative './components/portfolio/visual-preview' inside of [project]/

https://nextjs.org/docs/messages/module-not-found @ http://127.0.0.1:3000/Portfolio-bts/_next/static/chunks/node_modules_next_dist_0u_w_5s._.js:1945
[  490268ms] [ERROR] ./app/projets/page.tsx:3:1
Module not found: Can't resolve '@/components/portfolio/visual-preview'
  1 | import Link from "next/link";
  2 | import { ArrowUpRight } from "lucide-react";
> 3 | import { VisualPreview } from "@/components/portfolio/visual-preview";
    | ^^^^^^^^^^^^^^^^^^^^^^^^^^^^^^^^^^^^^^^^^^^^^^^^^^^^^^^^^^^^^^^^^^^^^^
  4 | import { competencies, projects, getCategoryLabel } from "@/lib/data";
  5 | import { getProjectCategorySections } from "@/lib/view-models/projects";
  6 |

Import map: aliased to relative './components/portfolio/visual-preview' inside of [project]/

https://nextjs.org/docs/messages/module-not-found @ http://127.0.0.1:3000/Portfolio-bts/_next/static/chunks/node_modules_next_dist_0u_w_5s._.js:1945
[  490268ms] [ERROR] ./app/veille/page.tsx:3:1
Module not found: Can't resolve '@/components/portfolio/visual-preview'
  1 | import Link from "next/link";
  2 | import { ArrowUpRight } from "lucide-react";
> 3 | import { VisualPreview } from "@/components/portfolio/visual-preview";
    | ^^^^^^^^^^^^^^^^^^^^^^^^^^^^^^^^^^^^^^^^^^^^^^^^^^^^^^^^^^^^^^^^^^^^^^
  4 | import { Badge } from "@/components/ui/badge";
  5 | import { watchEntries } from "@/lib/data";
  6 |

Import map: aliased to relative './components/portfolio/visual-preview' inside of [project]/

https://nextjs.org/docs/messages/module-not-found @ http://127.0.0.1:3000/Portfolio-bts/_next/static/chunks/node_modules_next_dist_0u_w_5s._.js:1945
[  490330ms] [ERROR] ./app/projets/page.tsx:3:1
Module not found: Can't resolve '@/components/portfolio/visual-preview'
  1 | import Link from "next/link";
  2 | import { ArrowUpRight } from "lucide-react";
> 3 | import { VisualPreview } from "@/components/portfolio/visual-preview";
    | ^^^^^^^^^^^^^^^^^^^^^^^^^^^^^^^^^^^^^^^^^^^^^^^^^^^^^^^^^^^^^^^^^^^^^^
  4 | import { competencies, projects, getCategoryLabel } from "@/lib/data";
  5 | import { getProjectCategorySections } from "@/lib/view-models/projects";
  6 |

Import map: aliased to relative './components/portfolio/visual-preview' inside of [project]/

https://nextjs.org/docs/messages/module-not-found @ http://127.0.0.1:3000/Portfolio-bts/_next/static/chunks/node_modules_next_dist_0u_w_5s._.js:1945
[  490330ms] [ERROR] ./app/veille/page.tsx:3:1
Module not found: Can't resolve '@/components/portfolio/visual-preview'
  1 | import Link from "next/link";
  2 | import { ArrowUpRight } from "lucide-react";
> 3 | import { VisualPreview } from "@/components/portfolio/visual-preview";
    | ^^^^^^^^^^^^^^^^^^^^^^^^^^^^^^^^^^^^^^^^^^^^^^^^^^^^^^^^^^^^^^^^^^^^^^
  4 | import { Badge } from "@/components/ui/badge";
  5 | import { watchEntries } from "@/lib/data";
  6 |

Import map: aliased to relative './components/portfolio/visual-preview' inside of [project]/

https://nextjs.org/docs/messages/module-not-found @ http://127.0.0.1:3000/Portfolio-bts/_next/static/chunks/node_modules_next_dist_0u_w_5s._.js:1945
[  490392ms] [ERROR] ./app/projets/page.tsx:3:1
Module not found: Can't resolve '@/components/portfolio/visual-preview'
  1 | import Link from "next/link";
  2 | import { ArrowUpRight } from "lucide-react";
> 3 | import { VisualPreview } from "@/components/portfolio/visual-preview";
    | ^^^^^^^^^^^^^^^^^^^^^^^^^^^^^^^^^^^^^^^^^^^^^^^^^^^^^^^^^^^^^^^^^^^^^^
  4 | import { competencies, projects, getCategoryLabel } from "@/lib/data";
  5 | import { getProjectCategorySections } from "@/lib/view-models/projects";
  6 |

Import map: aliased to relative './components/portfolio/visual-preview' inside of [project]/

https://nextjs.org/docs/messages/module-not-found @ http://127.0.0.1:3000/Portfolio-bts/_next/static/chunks/node_modules_next_dist_0u_w_5s._.js:1945
[  490392ms] [ERROR] ./app/veille/page.tsx:3:1
Module not found: Can't resolve '@/components/portfolio/visual-preview'
  1 | import Link from "next/link";
  2 | import { ArrowUpRight } from "lucide-react";
> 3 | import { VisualPreview } from "@/components/portfolio/visual-preview";
    | ^^^^^^^^^^^^^^^^^^^^^^^^^^^^^^^^^^^^^^^^^^^^^^^^^^^^^^^^^^^^^^^^^^^^^^
  4 | import { Badge } from "@/components/ui/badge";
  5 | import { watchEntries } from "@/lib/data";
  6 |

Import map: aliased to relative './components/portfolio/visual-preview' inside of [project]/

https://nextjs.org/docs/messages/module-not-found @ http://127.0.0.1:3000/Portfolio-bts/_next/static/chunks/node_modules_next_dist_0u_w_5s._.js:1945
[  490454ms] [ERROR] ./app/projets/page.tsx:3:1
Module not found: Can't resolve '@/components/portfolio/visual-preview'
  1 | import Link from "next/link";
  2 | import { ArrowUpRight } from "lucide-react";
> 3 | import { VisualPreview } from "@/components/portfolio/visual-preview";
    | ^^^^^^^^^^^^^^^^^^^^^^^^^^^^^^^^^^^^^^^^^^^^^^^^^^^^^^^^^^^^^^^^^^^^^^
  4 | import { competencies, projects, getCategoryLabel } from "@/lib/data";
  5 | import { getProjectCategorySections } from "@/lib/view-models/projects";
  6 |

Import map: aliased to relative './components/portfolio/visual-preview' inside of [project]/

https://nextjs.org/docs/messages/module-not-found @ http://127.0.0.1:3000/Portfolio-bts/_next/static/chunks/node_modules_next_dist_0u_w_5s._.js:1945
[  490454ms] [ERROR] ./app/veille/page.tsx:3:1
Module not found: Can't resolve '@/components/portfolio/visual-preview'
  1 | import Link from "next/link";
  2 | import { ArrowUpRight } from "lucide-react";
> 3 | import { VisualPreview } from "@/components/portfolio/visual-preview";
    | ^^^^^^^^^^^^^^^^^^^^^^^^^^^^^^^^^^^^^^^^^^^^^^^^^^^^^^^^^^^^^^^^^^^^^^
  4 | import { Badge } from "@/components/ui/badge";
  5 | import { watchEntries } from "@/lib/data";
  6 |

Import map: aliased to relative './components/portfolio/visual-preview' inside of [project]/

https://nextjs.org/docs/messages/module-not-found @ http://127.0.0.1:3000/Portfolio-bts/_next/static/chunks/node_modules_next_dist_0u_w_5s._.js:1945
[  490516ms] [ERROR] ./app/projets/page.tsx:3:1
Module not found: Can't resolve '@/components/portfolio/visual-preview'
  1 | import Link from "next/link";
  2 | import { ArrowUpRight } from "lucide-react";
> 3 | import { VisualPreview } from "@/components/portfolio/visual-preview";
    | ^^^^^^^^^^^^^^^^^^^^^^^^^^^^^^^^^^^^^^^^^^^^^^^^^^^^^^^^^^^^^^^^^^^^^^
  4 | import { competencies, projects, getCategoryLabel } from "@/lib/data";
  5 | import { getProjectCategorySections } from "@/lib/view-models/projects";
  6 |

Import map: aliased to relative './components/portfolio/visual-preview' inside of [project]/

https://nextjs.org/docs/messages/module-not-found @ http://127.0.0.1:3000/Portfolio-bts/_next/static/chunks/node_modules_next_dist_0u_w_5s._.js:1945
[  490516ms] [ERROR] ./app/veille/page.tsx:3:1
Module not found: Can't resolve '@/components/portfolio/visual-preview'
  1 | import Link from "next/link";
  2 | import { ArrowUpRight } from "lucide-react";
> 3 | import { VisualPreview } from "@/components/portfolio/visual-preview";
    | ^^^^^^^^^^^^^^^^^^^^^^^^^^^^^^^^^^^^^^^^^^^^^^^^^^^^^^^^^^^^^^^^^^^^^^
  4 | import { Badge } from "@/components/ui/badge";
  5 | import { watchEntries } from "@/lib/data";
  6 |

Import map: aliased to relative './components/portfolio/visual-preview' inside of [project]/

https://nextjs.org/docs/messages/module-not-found @ http://127.0.0.1:3000/Portfolio-bts/_next/static/chunks/node_modules_next_dist_0u_w_5s._.js:1945
[  490578ms] [ERROR] ./app/projets/page.tsx:3:1
Module not found: Can't resolve '@/components/portfolio/visual-preview'
  1 | import Link from "next/link";
  2 | import { ArrowUpRight } from "lucide-react";
> 3 | import { VisualPreview } from "@/components/portfolio/visual-preview";
    | ^^^^^^^^^^^^^^^^^^^^^^^^^^^^^^^^^^^^^^^^^^^^^^^^^^^^^^^^^^^^^^^^^^^^^^
  4 | import { competencies, projects, getCategoryLabel } from "@/lib/data";
  5 | import { getProjectCategorySections } from "@/lib/view-models/projects";
  6 |

Import map: aliased to relative './components/portfolio/visual-preview' inside of [project]/

https://nextjs.org/docs/messages/module-not-found @ http://127.0.0.1:3000/Portfolio-bts/_next/static/chunks/node_modules_next_dist_0u_w_5s._.js:1945
[  490578ms] [ERROR] ./app/veille/page.tsx:3:1
Module not found: Can't resolve '@/components/portfolio/visual-preview'
  1 | import Link from "next/link";
  2 | import { ArrowUpRight } from "lucide-react";
> 3 | import { VisualPreview } from "@/components/portfolio/visual-preview";
    | ^^^^^^^^^^^^^^^^^^^^^^^^^^^^^^^^^^^^^^^^^^^^^^^^^^^^^^^^^^^^^^^^^^^^^^
  4 | import { Badge } from "@/components/ui/badge";
  5 | import { watchEntries } from "@/lib/data";
  6 |

Import map: aliased to relative './components/portfolio/visual-preview' inside of [project]/

https://nextjs.org/docs/messages/module-not-found @ http://127.0.0.1:3000/Portfolio-bts/_next/static/chunks/node_modules_next_dist_0u_w_5s._.js:1945
[  490640ms] [ERROR] ./app/projets/page.tsx:3:1
Module not found: Can't resolve '@/components/portfolio/visual-preview'
  1 | import Link from "next/link";
  2 | import { ArrowUpRight } from "lucide-react";
> 3 | import { VisualPreview } from "@/components/portfolio/visual-preview";
    | ^^^^^^^^^^^^^^^^^^^^^^^^^^^^^^^^^^^^^^^^^^^^^^^^^^^^^^^^^^^^^^^^^^^^^^
  4 | import { competencies, projects, getCategoryLabel } from "@/lib/data";
  5 | import { getProjectCategorySections } from "@/lib/view-models/projects";
  6 |

Import map: aliased to relative './components/portfolio/visual-preview' inside of [project]/

https://nextjs.org/docs/messages/module-not-found @ http://127.0.0.1:3000/Portfolio-bts/_next/static/chunks/node_modules_next_dist_0u_w_5s._.js:1945
[  490640ms] [ERROR] ./app/veille/page.tsx:3:1
Module not found: Can't resolve '@/components/portfolio/visual-preview'
  1 | import Link from "next/link";
  2 | import { ArrowUpRight } from "lucide-react";
> 3 | import { VisualPreview } from "@/components/portfolio/visual-preview";
    | ^^^^^^^^^^^^^^^^^^^^^^^^^^^^^^^^^^^^^^^^^^^^^^^^^^^^^^^^^^^^^^^^^^^^^^
  4 | import { Badge } from "@/components/ui/badge";
  5 | import { watchEntries } from "@/lib/data";
  6 |

Import map: aliased to relative './components/portfolio/visual-preview' inside of [project]/

https://nextjs.org/docs/messages/module-not-found @ http://127.0.0.1:3000/Portfolio-bts/_next/static/chunks/node_modules_next_dist_0u_w_5s._.js:1945
[  490703ms] [ERROR] ./app/projets/page.tsx:3:1
Module not found: Can't resolve '@/components/portfolio/visual-preview'
  1 | import Link from "next/link";
  2 | import { ArrowUpRight } from "lucide-react";
> 3 | import { VisualPreview } from "@/components/portfolio/visual-preview";
    | ^^^^^^^^^^^^^^^^^^^^^^^^^^^^^^^^^^^^^^^^^^^^^^^^^^^^^^^^^^^^^^^^^^^^^^
  4 | import { competencies, projects, getCategoryLabel } from "@/lib/data";
  5 | import { getProjectCategorySections } from "@/lib/view-models/projects";
  6 |

Import map: aliased to relative './components/portfolio/visual-preview' inside of [project]/

https://nextjs.org/docs/messages/module-not-found @ http://127.0.0.1:3000/Portfolio-bts/_next/static/chunks/node_modules_next_dist_0u_w_5s._.js:1945
[  490703ms] [ERROR] ./app/veille/page.tsx:3:1
Module not found: Can't resolve '@/components/portfolio/visual-preview'
  1 | import Link from "next/link";
  2 | import { ArrowUpRight } from "lucide-react";
> 3 | import { VisualPreview } from "@/components/portfolio/visual-preview";
    | ^^^^^^^^^^^^^^^^^^^^^^^^^^^^^^^^^^^^^^^^^^^^^^^^^^^^^^^^^^^^^^^^^^^^^^
  4 | import { Badge } from "@/components/ui/badge";
  5 | import { watchEntries } from "@/lib/data";
  6 |

Import map: aliased to relative './components/portfolio/visual-preview' inside of [project]/

https://nextjs.org/docs/messages/module-not-found @ http://127.0.0.1:3000/Portfolio-bts/_next/static/chunks/node_modules_next_dist_0u_w_5s._.js:1945
[  490765ms] [ERROR] ./app/projets/page.tsx:3:1
Module not found: Can't resolve '@/components/portfolio/visual-preview'
  1 | import Link from "next/link";
  2 | import { ArrowUpRight } from "lucide-react";
> 3 | import { VisualPreview } from "@/components/portfolio/visual-preview";
    | ^^^^^^^^^^^^^^^^^^^^^^^^^^^^^^^^^^^^^^^^^^^^^^^^^^^^^^^^^^^^^^^^^^^^^^
  4 | import { competencies, projects, getCategoryLabel } from "@/lib/data";
  5 | import { getProjectCategorySections } from "@/lib/view-models/projects";
  6 |

Import map: aliased to relative './components/portfolio/visual-preview' inside of [project]/

https://nextjs.org/docs/messages/module-not-found @ http://127.0.0.1:3000/Portfolio-bts/_next/static/chunks/node_modules_next_dist_0u_w_5s._.js:1945
[  490765ms] [ERROR] ./app/veille/page.tsx:3:1
Module not found: Can't resolve '@/components/portfolio/visual-preview'
  1 | import Link from "next/link";
  2 | import { ArrowUpRight } from "lucide-react";
> 3 | import { VisualPreview } from "@/components/portfolio/visual-preview";
    | ^^^^^^^^^^^^^^^^^^^^^^^^^^^^^^^^^^^^^^^^^^^^^^^^^^^^^^^^^^^^^^^^^^^^^^
  4 | import { Badge } from "@/components/ui/badge";
  5 | import { watchEntries } from "@/lib/data";
  6 |

Import map: aliased to relative './components/portfolio/visual-preview' inside of [project]/

https://nextjs.org/docs/messages/module-not-found @ http://127.0.0.1:3000/Portfolio-bts/_next/static/chunks/node_modules_next_dist_0u_w_5s._.js:1945
[  490827ms] [ERROR] ./app/projets/page.tsx:3:1
Module not found: Can't resolve '@/components/portfolio/visual-preview'
  1 | import Link from "next/link";
  2 | import { ArrowUpRight } from "lucide-react";
> 3 | import { VisualPreview } from "@/components/portfolio/visual-preview";
    | ^^^^^^^^^^^^^^^^^^^^^^^^^^^^^^^^^^^^^^^^^^^^^^^^^^^^^^^^^^^^^^^^^^^^^^
  4 | import { competencies, projects, getCategoryLabel } from "@/lib/data";
  5 | import { getProjectCategorySections } from "@/lib/view-models/projects";
  6 |

Import map: aliased to relative './components/portfolio/visual-preview' inside of [project]/

https://nextjs.org/docs/messages/module-not-found @ http://127.0.0.1:3000/Portfolio-bts/_next/static/chunks/node_modules_next_dist_0u_w_5s._.js:1945
[  490827ms] [ERROR] ./app/veille/page.tsx:3:1
Module not found: Can't resolve '@/components/portfolio/visual-preview'
  1 | import Link from "next/link";
  2 | import { ArrowUpRight } from "lucide-react";
> 3 | import { VisualPreview } from "@/components/portfolio/visual-preview";
    | ^^^^^^^^^^^^^^^^^^^^^^^^^^^^^^^^^^^^^^^^^^^^^^^^^^^^^^^^^^^^^^^^^^^^^^
  4 | import { Badge } from "@/components/ui/badge";
  5 | import { watchEntries } from "@/lib/data";
  6 |

Import map: aliased to relative './components/portfolio/visual-preview' inside of [project]/

https://nextjs.org/docs/messages/module-not-found @ http://127.0.0.1:3000/Portfolio-bts/_next/static/chunks/node_modules_next_dist_0u_w_5s._.js:1945
[  490888ms] [ERROR] ./app/projets/page.tsx:3:1
Module not found: Can't resolve '@/components/portfolio/visual-preview'
  1 | import Link from "next/link";
  2 | import { ArrowUpRight } from "lucide-react";
> 3 | import { VisualPreview } from "@/components/portfolio/visual-preview";
    | ^^^^^^^^^^^^^^^^^^^^^^^^^^^^^^^^^^^^^^^^^^^^^^^^^^^^^^^^^^^^^^^^^^^^^^
  4 | import { competencies, projects, getCategoryLabel } from "@/lib/data";
  5 | import { getProjectCategorySections } from "@/lib/view-models/projects";
  6 |

Import map: aliased to relative './components/portfolio/visual-preview' inside of [project]/

https://nextjs.org/docs/messages/module-not-found @ http://127.0.0.1:3000/Portfolio-bts/_next/static/chunks/node_modules_next_dist_0u_w_5s._.js:1945
[  490889ms] [ERROR] ./app/veille/page.tsx:3:1
Module not found: Can't resolve '@/components/portfolio/visual-preview'
  1 | import Link from "next/link";
  2 | import { ArrowUpRight } from "lucide-react";
> 3 | import { VisualPreview } from "@/components/portfolio/visual-preview";
    | ^^^^^^^^^^^^^^^^^^^^^^^^^^^^^^^^^^^^^^^^^^^^^^^^^^^^^^^^^^^^^^^^^^^^^^
  4 | import { Badge } from "@/components/ui/badge";
  5 | import { watchEntries } from "@/lib/data";
  6 |

Import map: aliased to relative './components/portfolio/visual-preview' inside of [project]/

https://nextjs.org/docs/messages/module-not-found @ http://127.0.0.1:3000/Portfolio-bts/_next/static/chunks/node_modules_next_dist_0u_w_5s._.js:1945
[  490951ms] [ERROR] ./app/projets/page.tsx:3:1
Module not found: Can't resolve '@/components/portfolio/visual-preview'
  1 | import Link from "next/link";
  2 | import { ArrowUpRight } from "lucide-react";
> 3 | import { VisualPreview } from "@/components/portfolio/visual-preview";
    | ^^^^^^^^^^^^^^^^^^^^^^^^^^^^^^^^^^^^^^^^^^^^^^^^^^^^^^^^^^^^^^^^^^^^^^
  4 | import { competencies, projects, getCategoryLabel } from "@/lib/data";
  5 | import { getProjectCategorySections } from "@/lib/view-models/projects";
  6 |

Import map: aliased to relative './components/portfolio/visual-preview' inside of [project]/

https://nextjs.org/docs/messages/module-not-found @ http://127.0.0.1:3000/Portfolio-bts/_next/static/chunks/node_modules_next_dist_0u_w_5s._.js:1945
[  490952ms] [ERROR] ./app/veille/page.tsx:3:1
Module not found: Can't resolve '@/components/portfolio/visual-preview'
  1 | import Link from "next/link";
  2 | import { ArrowUpRight } from "lucide-react";
> 3 | import { VisualPreview } from "@/components/portfolio/visual-preview";
    | ^^^^^^^^^^^^^^^^^^^^^^^^^^^^^^^^^^^^^^^^^^^^^^^^^^^^^^^^^^^^^^^^^^^^^^
  4 | import { Badge } from "@/components/ui/badge";
  5 | import { watchEntries } from "@/lib/data";
  6 |

Import map: aliased to relative './components/portfolio/visual-preview' inside of [project]/

https://nextjs.org/docs/messages/module-not-found @ http://127.0.0.1:3000/Portfolio-bts/_next/static/chunks/node_modules_next_dist_0u_w_5s._.js:1945
[  491014ms] [ERROR] ./app/projets/page.tsx:3:1
Module not found: Can't resolve '@/components/portfolio/visual-preview'
  1 | import Link from "next/link";
  2 | import { ArrowUpRight } from "lucide-react";
> 3 | import { VisualPreview } from "@/components/portfolio/visual-preview";
    | ^^^^^^^^^^^^^^^^^^^^^^^^^^^^^^^^^^^^^^^^^^^^^^^^^^^^^^^^^^^^^^^^^^^^^^
  4 | import { competencies, projects, getCategoryLabel } from "@/lib/data";
  5 | import { getProjectCategorySections } from "@/lib/view-models/projects";
  6 |

Import map: aliased to relative './components/portfolio/visual-preview' inside of [project]/

https://nextjs.org/docs/messages/module-not-found @ http://127.0.0.1:3000/Portfolio-bts/_next/static/chunks/node_modules_next_dist_0u_w_5s._.js:1945
[  491015ms] [ERROR] ./app/veille/page.tsx:3:1
Module not found: Can't resolve '@/components/portfolio/visual-preview'
  1 | import Link from "next/link";
  2 | import { ArrowUpRight } from "lucide-react";
> 3 | import { VisualPreview } from "@/components/portfolio/visual-preview";
    | ^^^^^^^^^^^^^^^^^^^^^^^^^^^^^^^^^^^^^^^^^^^^^^^^^^^^^^^^^^^^^^^^^^^^^^
  4 | import { Badge } from "@/components/ui/badge";
  5 | import { watchEntries } from "@/lib/data";
  6 |

Import map: aliased to relative './components/portfolio/visual-preview' inside of [project]/

https://nextjs.org/docs/messages/module-not-found @ http://127.0.0.1:3000/Portfolio-bts/_next/static/chunks/node_modules_next_dist_0u_w_5s._.js:1945
[  491076ms] [ERROR] ./app/projets/page.tsx:3:1
Module not found: Can't resolve '@/components/portfolio/visual-preview'
  1 | import Link from "next/link";
  2 | import { ArrowUpRight } from "lucide-react";
> 3 | import { VisualPreview } from "@/components/portfolio/visual-preview";
    | ^^^^^^^^^^^^^^^^^^^^^^^^^^^^^^^^^^^^^^^^^^^^^^^^^^^^^^^^^^^^^^^^^^^^^^
  4 | import { competencies, projects, getCategoryLabel } from "@/lib/data";
  5 | import { getProjectCategorySections } from "@/lib/view-models/projects";
  6 |

Import map: aliased to relative './components/portfolio/visual-preview' inside of [project]/

https://nextjs.org/docs/messages/module-not-found @ http://127.0.0.1:3000/Portfolio-bts/_next/static/chunks/node_modules_next_dist_0u_w_5s._.js:1945
[  491076ms] [ERROR] ./app/veille/page.tsx:3:1
Module not found: Can't resolve '@/components/portfolio/visual-preview'
  1 | import Link from "next/link";
  2 | import { ArrowUpRight } from "lucide-react";
> 3 | import { VisualPreview } from "@/components/portfolio/visual-preview";
    | ^^^^^^^^^^^^^^^^^^^^^^^^^^^^^^^^^^^^^^^^^^^^^^^^^^^^^^^^^^^^^^^^^^^^^^
  4 | import { Badge } from "@/components/ui/badge";
  5 | import { watchEntries } from "@/lib/data";
  6 |

Import map: aliased to relative './components/portfolio/visual-preview' inside of [project]/

https://nextjs.org/docs/messages/module-not-found @ http://127.0.0.1:3000/Portfolio-bts/_next/static/chunks/node_modules_next_dist_0u_w_5s._.js:1945
[  491151ms] [ERROR] ./app/projets/page.tsx:3:1
Module not found: Can't resolve '@/components/portfolio/visual-preview'
  1 | import Link from "next/link";
  2 | import { ArrowUpRight } from "lucide-react";
> 3 | import { VisualPreview } from "@/components/portfolio/visual-preview";
    | ^^^^^^^^^^^^^^^^^^^^^^^^^^^^^^^^^^^^^^^^^^^^^^^^^^^^^^^^^^^^^^^^^^^^^^
  4 | import { competencies, projects, getCategoryLabel } from "@/lib/data";
  5 | import { getProjectCategorySections } from "@/lib/view-models/projects";
  6 |

Import map: aliased to relative './components/portfolio/visual-preview' inside of [project]/

https://nextjs.org/docs/messages/module-not-found @ http://127.0.0.1:3000/Portfolio-bts/_next/static/chunks/node_modules_next_dist_0u_w_5s._.js:1945
[  491151ms] [ERROR] ./app/veille/page.tsx:3:1
Module not found: Can't resolve '@/components/portfolio/visual-preview'
  1 | import Link from "next/link";
  2 | import { ArrowUpRight } from "lucide-react";
> 3 | import { VisualPreview } from "@/components/portfolio/visual-preview";
    | ^^^^^^^^^^^^^^^^^^^^^^^^^^^^^^^^^^^^^^^^^^^^^^^^^^^^^^^^^^^^^^^^^^^^^^
  4 | import { Badge } from "@/components/ui/badge";
  5 | import { watchEntries } from "@/lib/data";
  6 |

Import map: aliased to relative './components/portfolio/visual-preview' inside of [project]/

https://nextjs.org/docs/messages/module-not-found @ http://127.0.0.1:3000/Portfolio-bts/_next/static/chunks/node_modules_next_dist_0u_w_5s._.js:1945
[  491215ms] [ERROR] ./app/projets/page.tsx:3:1
Module not found: Can't resolve '@/components/portfolio/visual-preview'
  1 | import Link from "next/link";
  2 | import { ArrowUpRight } from "lucide-react";
> 3 | import { VisualPreview } from "@/components/portfolio/visual-preview";
    | ^^^^^^^^^^^^^^^^^^^^^^^^^^^^^^^^^^^^^^^^^^^^^^^^^^^^^^^^^^^^^^^^^^^^^^
  4 | import { competencies, projects, getCategoryLabel } from "@/lib/data";
  5 | import { getProjectCategorySections } from "@/lib/view-models/projects";
  6 |

Import map: aliased to relative './components/portfolio/visual-preview' inside of [project]/

https://nextjs.org/docs/messages/module-not-found @ http://127.0.0.1:3000/Portfolio-bts/_next/static/chunks/node_modules_next_dist_0u_w_5s._.js:1945
[  491215ms] [ERROR] ./app/veille/page.tsx:3:1
Module not found: Can't resolve '@/components/portfolio/visual-preview'
  1 | import Link from "next/link";
  2 | import { ArrowUpRight } from "lucide-react";
> 3 | import { VisualPreview } from "@/components/portfolio/visual-preview";
    | ^^^^^^^^^^^^^^^^^^^^^^^^^^^^^^^^^^^^^^^^^^^^^^^^^^^^^^^^^^^^^^^^^^^^^^
  4 | import { Badge } from "@/components/ui/badge";
  5 | import { watchEntries } from "@/lib/data";
  6 |

Import map: aliased to relative './components/portfolio/visual-preview' inside of [project]/

https://nextjs.org/docs/messages/module-not-found @ http://127.0.0.1:3000/Portfolio-bts/_next/static/chunks/node_modules_next_dist_0u_w_5s._.js:1945
[  491278ms] [ERROR] ./app/projets/page.tsx:3:1
Module not found: Can't resolve '@/components/portfolio/visual-preview'
  1 | import Link from "next/link";
  2 | import { ArrowUpRight } from "lucide-react";
> 3 | import { VisualPreview } from "@/components/portfolio/visual-preview";
    | ^^^^^^^^^^^^^^^^^^^^^^^^^^^^^^^^^^^^^^^^^^^^^^^^^^^^^^^^^^^^^^^^^^^^^^
  4 | import { competencies, projects, getCategoryLabel } from "@/lib/data";
  5 | import { getProjectCategorySections } from "@/lib/view-models/projects";
  6 |

Import map: aliased to relative './components/portfolio/visual-preview' inside of [project]/

https://nextjs.org/docs/messages/module-not-found @ http://127.0.0.1:3000/Portfolio-bts/_next/static/chunks/node_modules_next_dist_0u_w_5s._.js:1945
[  491279ms] [ERROR] ./app/veille/page.tsx:3:1
Module not found: Can't resolve '@/components/portfolio/visual-preview'
  1 | import Link from "next/link";
  2 | import { ArrowUpRight } from "lucide-react";
> 3 | import { VisualPreview } from "@/components/portfolio/visual-preview";
    | ^^^^^^^^^^^^^^^^^^^^^^^^^^^^^^^^^^^^^^^^^^^^^^^^^^^^^^^^^^^^^^^^^^^^^^
  4 | import { Badge } from "@/components/ui/badge";
  5 | import { watchEntries } from "@/lib/data";
  6 |

Import map: aliased to relative './components/portfolio/visual-preview' inside of [project]/

https://nextjs.org/docs/messages/module-not-found @ http://127.0.0.1:3000/Portfolio-bts/_next/static/chunks/node_modules_next_dist_0u_w_5s._.js:1945
[  491341ms] [ERROR] ./app/projets/page.tsx:3:1
Module not found: Can't resolve '@/components/portfolio/visual-preview'
  1 | import Link from "next/link";
  2 | import { ArrowUpRight } from "lucide-react";
> 3 | import { VisualPreview } from "@/components/portfolio/visual-preview";
    | ^^^^^^^^^^^^^^^^^^^^^^^^^^^^^^^^^^^^^^^^^^^^^^^^^^^^^^^^^^^^^^^^^^^^^^
  4 | import { competencies, projects, getCategoryLabel } from "@/lib/data";
  5 | import { getProjectCategorySections } from "@/lib/view-models/projects";
  6 |

Import map: aliased to relative './components/portfolio/visual-preview' inside of [project]/

https://nextjs.org/docs/messages/module-not-found @ http://127.0.0.1:3000/Portfolio-bts/_next/static/chunks/node_modules_next_dist_0u_w_5s._.js:1945
[  491341ms] [ERROR] ./app/veille/page.tsx:3:1
Module not found: Can't resolve '@/components/portfolio/visual-preview'
  1 | import Link from "next/link";
  2 | import { ArrowUpRight } from "lucide-react";
> 3 | import { VisualPreview } from "@/components/portfolio/visual-preview";
    | ^^^^^^^^^^^^^^^^^^^^^^^^^^^^^^^^^^^^^^^^^^^^^^^^^^^^^^^^^^^^^^^^^^^^^^
  4 | import { Badge } from "@/components/ui/badge";
  5 | import { watchEntries } from "@/lib/data";
  6 |

Import map: aliased to relative './components/portfolio/visual-preview' inside of [project]/

https://nextjs.org/docs/messages/module-not-found @ http://127.0.0.1:3000/Portfolio-bts/_next/static/chunks/node_modules_next_dist_0u_w_5s._.js:1945
[  491403ms] [ERROR] ./app/projets/page.tsx:3:1
Module not found: Can't resolve '@/components/portfolio/visual-preview'
  1 | import Link from "next/link";
  2 | import { ArrowUpRight } from "lucide-react";
> 3 | import { VisualPreview } from "@/components/portfolio/visual-preview";
    | ^^^^^^^^^^^^^^^^^^^^^^^^^^^^^^^^^^^^^^^^^^^^^^^^^^^^^^^^^^^^^^^^^^^^^^
  4 | import { competencies, projects, getCategoryLabel } from "@/lib/data";
  5 | import { getProjectCategorySections } from "@/lib/view-models/projects";
  6 |

Import map: aliased to relative './components/portfolio/visual-preview' inside of [project]/

https://nextjs.org/docs/messages/module-not-found @ http://127.0.0.1:3000/Portfolio-bts/_next/static/chunks/node_modules_next_dist_0u_w_5s._.js:1945
[  491403ms] [ERROR] ./app/veille/page.tsx:3:1
Module not found: Can't resolve '@/components/portfolio/visual-preview'
  1 | import Link from "next/link";
  2 | import { ArrowUpRight } from "lucide-react";
> 3 | import { VisualPreview } from "@/components/portfolio/visual-preview";
    | ^^^^^^^^^^^^^^^^^^^^^^^^^^^^^^^^^^^^^^^^^^^^^^^^^^^^^^^^^^^^^^^^^^^^^^
  4 | import { Badge } from "@/components/ui/badge";
  5 | import { watchEntries } from "@/lib/data";
  6 |

Import map: aliased to relative './components/portfolio/visual-preview' inside of [project]/

https://nextjs.org/docs/messages/module-not-found @ http://127.0.0.1:3000/Portfolio-bts/_next/static/chunks/node_modules_next_dist_0u_w_5s._.js:1945
[  491465ms] [ERROR] ./app/projets/page.tsx:3:1
Module not found: Can't resolve '@/components/portfolio/visual-preview'
  1 | import Link from "next/link";
  2 | import { ArrowUpRight } from "lucide-react";
> 3 | import { VisualPreview } from "@/components/portfolio/visual-preview";
    | ^^^^^^^^^^^^^^^^^^^^^^^^^^^^^^^^^^^^^^^^^^^^^^^^^^^^^^^^^^^^^^^^^^^^^^
  4 | import { competencies, projects, getCategoryLabel } from "@/lib/data";
  5 | import { getProjectCategorySections } from "@/lib/view-models/projects";
  6 |

Import map: aliased to relative './components/portfolio/visual-preview' inside of [project]/

https://nextjs.org/docs/messages/module-not-found @ http://127.0.0.1:3000/Portfolio-bts/_next/static/chunks/node_modules_next_dist_0u_w_5s._.js:1945
[  491465ms] [ERROR] ./app/veille/page.tsx:3:1
Module not found: Can't resolve '@/components/portfolio/visual-preview'
  1 | import Link from "next/link";
  2 | import { ArrowUpRight } from "lucide-react";
> 3 | import { VisualPreview } from "@/components/portfolio/visual-preview";
    | ^^^^^^^^^^^^^^^^^^^^^^^^^^^^^^^^^^^^^^^^^^^^^^^^^^^^^^^^^^^^^^^^^^^^^^
  4 | import { Badge } from "@/components/ui/badge";
  5 | import { watchEntries } from "@/lib/data";
  6 |

Import map: aliased to relative './components/portfolio/visual-preview' inside of [project]/

https://nextjs.org/docs/messages/module-not-found @ http://127.0.0.1:3000/Portfolio-bts/_next/static/chunks/node_modules_next_dist_0u_w_5s._.js:1945
[  491527ms] [ERROR] ./app/projets/page.tsx:3:1
Module not found: Can't resolve '@/components/portfolio/visual-preview'
  1 | import Link from "next/link";
  2 | import { ArrowUpRight } from "lucide-react";
> 3 | import { VisualPreview } from "@/components/portfolio/visual-preview";
    | ^^^^^^^^^^^^^^^^^^^^^^^^^^^^^^^^^^^^^^^^^^^^^^^^^^^^^^^^^^^^^^^^^^^^^^
  4 | import { competencies, projects, getCategoryLabel } from "@/lib/data";
  5 | import { getProjectCategorySections } from "@/lib/view-models/projects";
  6 |

Import map: aliased to relative './components/portfolio/visual-preview' inside of [project]/

https://nextjs.org/docs/messages/module-not-found @ http://127.0.0.1:3000/Portfolio-bts/_next/static/chunks/node_modules_next_dist_0u_w_5s._.js:1945
[  491527ms] [ERROR] ./app/veille/page.tsx:3:1
Module not found: Can't resolve '@/components/portfolio/visual-preview'
  1 | import Link from "next/link";
  2 | import { ArrowUpRight } from "lucide-react";
> 3 | import { VisualPreview } from "@/components/portfolio/visual-preview";
    | ^^^^^^^^^^^^^^^^^^^^^^^^^^^^^^^^^^^^^^^^^^^^^^^^^^^^^^^^^^^^^^^^^^^^^^
  4 | import { Badge } from "@/components/ui/badge";
  5 | import { watchEntries } from "@/lib/data";
  6 |

Import map: aliased to relative './components/portfolio/visual-preview' inside of [project]/

https://nextjs.org/docs/messages/module-not-found @ http://127.0.0.1:3000/Portfolio-bts/_next/static/chunks/node_modules_next_dist_0u_w_5s._.js:1945
[  491589ms] [ERROR] ./app/projets/page.tsx:3:1
Module not found: Can't resolve '@/components/portfolio/visual-preview'
  1 | import Link from "next/link";
  2 | import { ArrowUpRight } from "lucide-react";
> 3 | import { VisualPreview } from "@/components/portfolio/visual-preview";
    | ^^^^^^^^^^^^^^^^^^^^^^^^^^^^^^^^^^^^^^^^^^^^^^^^^^^^^^^^^^^^^^^^^^^^^^
  4 | import { competencies, projects, getCategoryLabel } from "@/lib/data";
  5 | import { getProjectCategorySections } from "@/lib/view-models/projects";
  6 |

Import map: aliased to relative './components/portfolio/visual-preview' inside of [project]/

https://nextjs.org/docs/messages/module-not-found @ http://127.0.0.1:3000/Portfolio-bts/_next/static/chunks/node_modules_next_dist_0u_w_5s._.js:1945
[  491589ms] [ERROR] ./app/veille/page.tsx:3:1
Module not found: Can't resolve '@/components/portfolio/visual-preview'
  1 | import Link from "next/link";
  2 | import { ArrowUpRight } from "lucide-react";
> 3 | import { VisualPreview } from "@/components/portfolio/visual-preview";
    | ^^^^^^^^^^^^^^^^^^^^^^^^^^^^^^^^^^^^^^^^^^^^^^^^^^^^^^^^^^^^^^^^^^^^^^
  4 | import { Badge } from "@/components/ui/badge";
  5 | import { watchEntries } from "@/lib/data";
  6 |

Import map: aliased to relative './components/portfolio/visual-preview' inside of [project]/

https://nextjs.org/docs/messages/module-not-found @ http://127.0.0.1:3000/Portfolio-bts/_next/static/chunks/node_modules_next_dist_0u_w_5s._.js:1945
[  491651ms] [ERROR] ./app/projets/page.tsx:3:1
Module not found: Can't resolve '@/components/portfolio/visual-preview'
  1 | import Link from "next/link";
  2 | import { ArrowUpRight } from "lucide-react";
> 3 | import { VisualPreview } from "@/components/portfolio/visual-preview";
    | ^^^^^^^^^^^^^^^^^^^^^^^^^^^^^^^^^^^^^^^^^^^^^^^^^^^^^^^^^^^^^^^^^^^^^^
  4 | import { competencies, projects, getCategoryLabel } from "@/lib/data";
  5 | import { getProjectCategorySections } from "@/lib/view-models/projects";
  6 |

Import map: aliased to relative './components/portfolio/visual-preview' inside of [project]/

https://nextjs.org/docs/messages/module-not-found @ http://127.0.0.1:3000/Portfolio-bts/_next/static/chunks/node_modules_next_dist_0u_w_5s._.js:1945
[  491652ms] [ERROR] ./app/veille/page.tsx:3:1
Module not found: Can't resolve '@/components/portfolio/visual-preview'
  1 | import Link from "next/link";
  2 | import { ArrowUpRight } from "lucide-react";
> 3 | import { VisualPreview } from "@/components/portfolio/visual-preview";
    | ^^^^^^^^^^^^^^^^^^^^^^^^^^^^^^^^^^^^^^^^^^^^^^^^^^^^^^^^^^^^^^^^^^^^^^
  4 | import { Badge } from "@/components/ui/badge";
  5 | import { watchEntries } from "@/lib/data";
  6 |

Import map: aliased to relative './components/portfolio/visual-preview' inside of [project]/

https://nextjs.org/docs/messages/module-not-found @ http://127.0.0.1:3000/Portfolio-bts/_next/static/chunks/node_modules_next_dist_0u_w_5s._.js:1945
[  491715ms] [ERROR] ./app/projets/page.tsx:3:1
Module not found: Can't resolve '@/components/portfolio/visual-preview'
  1 | import Link from "next/link";
  2 | import { ArrowUpRight } from "lucide-react";
> 3 | import { VisualPreview } from "@/components/portfolio/visual-preview";
    | ^^^^^^^^^^^^^^^^^^^^^^^^^^^^^^^^^^^^^^^^^^^^^^^^^^^^^^^^^^^^^^^^^^^^^^
  4 | import { competencies, projects, getCategoryLabel } from "@/lib/data";
  5 | import { getProjectCategorySections } from "@/lib/view-models/projects";
  6 |

Import map: aliased to relative './components/portfolio/visual-preview' inside of [project]/

https://nextjs.org/docs/messages/module-not-found @ http://127.0.0.1:3000/Portfolio-bts/_next/static/chunks/node_modules_next_dist_0u_w_5s._.js:1945
[  491716ms] [ERROR] ./app/veille/page.tsx:3:1
Module not found: Can't resolve '@/components/portfolio/visual-preview'
  1 | import Link from "next/link";
  2 | import { ArrowUpRight } from "lucide-react";
> 3 | import { VisualPreview } from "@/components/portfolio/visual-preview";
    | ^^^^^^^^^^^^^^^^^^^^^^^^^^^^^^^^^^^^^^^^^^^^^^^^^^^^^^^^^^^^^^^^^^^^^^
  4 | import { Badge } from "@/components/ui/badge";
  5 | import { watchEntries } from "@/lib/data";
  6 |

Import map: aliased to relative './components/portfolio/visual-preview' inside of [project]/

https://nextjs.org/docs/messages/module-not-found @ http://127.0.0.1:3000/Portfolio-bts/_next/static/chunks/node_modules_next_dist_0u_w_5s._.js:1945
[  491778ms] [ERROR] ./app/projets/page.tsx:3:1
Module not found: Can't resolve '@/components/portfolio/visual-preview'
  1 | import Link from "next/link";
  2 | import { ArrowUpRight } from "lucide-react";
> 3 | import { VisualPreview } from "@/components/portfolio/visual-preview";
    | ^^^^^^^^^^^^^^^^^^^^^^^^^^^^^^^^^^^^^^^^^^^^^^^^^^^^^^^^^^^^^^^^^^^^^^
  4 | import { competencies, projects, getCategoryLabel } from "@/lib/data";
  5 | import { getProjectCategorySections } from "@/lib/view-models/projects";
  6 |

Import map: aliased to relative './components/portfolio/visual-preview' inside of [project]/

https://nextjs.org/docs/messages/module-not-found @ http://127.0.0.1:3000/Portfolio-bts/_next/static/chunks/node_modules_next_dist_0u_w_5s._.js:1945
[  491778ms] [ERROR] ./app/veille/page.tsx:3:1
Module not found: Can't resolve '@/components/portfolio/visual-preview'
  1 | import Link from "next/link";
  2 | import { ArrowUpRight } from "lucide-react";
> 3 | import { VisualPreview } from "@/components/portfolio/visual-preview";
    | ^^^^^^^^^^^^^^^^^^^^^^^^^^^^^^^^^^^^^^^^^^^^^^^^^^^^^^^^^^^^^^^^^^^^^^
  4 | import { Badge } from "@/components/ui/badge";
  5 | import { watchEntries } from "@/lib/data";
  6 |

Import map: aliased to relative './components/portfolio/visual-preview' inside of [project]/

https://nextjs.org/docs/messages/module-not-found @ http://127.0.0.1:3000/Portfolio-bts/_next/static/chunks/node_modules_next_dist_0u_w_5s._.js:1945
[  491841ms] [ERROR] ./app/projets/page.tsx:3:1
Module not found: Can't resolve '@/components/portfolio/visual-preview'
  1 | import Link from "next/link";
  2 | import { ArrowUpRight } from "lucide-react";
> 3 | import { VisualPreview } from "@/components/portfolio/visual-preview";
    | ^^^^^^^^^^^^^^^^^^^^^^^^^^^^^^^^^^^^^^^^^^^^^^^^^^^^^^^^^^^^^^^^^^^^^^
  4 | import { competencies, projects, getCategoryLabel } from "@/lib/data";
  5 | import { getProjectCategorySections } from "@/lib/view-models/projects";
  6 |

Import map: aliased to relative './components/portfolio/visual-preview' inside of [project]/

https://nextjs.org/docs/messages/module-not-found @ http://127.0.0.1:3000/Portfolio-bts/_next/static/chunks/node_modules_next_dist_0u_w_5s._.js:1945
[  491841ms] [ERROR] ./app/veille/page.tsx:3:1
Module not found: Can't resolve '@/components/portfolio/visual-preview'
  1 | import Link from "next/link";
  2 | import { ArrowUpRight } from "lucide-react";
> 3 | import { VisualPreview } from "@/components/portfolio/visual-preview";
    | ^^^^^^^^^^^^^^^^^^^^^^^^^^^^^^^^^^^^^^^^^^^^^^^^^^^^^^^^^^^^^^^^^^^^^^
  4 | import { Badge } from "@/components/ui/badge";
  5 | import { watchEntries } from "@/lib/data";
  6 |

Import map: aliased to relative './components/portfolio/visual-preview' inside of [project]/

https://nextjs.org/docs/messages/module-not-found @ http://127.0.0.1:3000/Portfolio-bts/_next/static/chunks/node_modules_next_dist_0u_w_5s._.js:1945
[  491903ms] [ERROR] ./app/projets/page.tsx:3:1
Module not found: Can't resolve '@/components/portfolio/visual-preview'
  1 | import Link from "next/link";
  2 | import { ArrowUpRight } from "lucide-react";
> 3 | import { VisualPreview } from "@/components/portfolio/visual-preview";
    | ^^^^^^^^^^^^^^^^^^^^^^^^^^^^^^^^^^^^^^^^^^^^^^^^^^^^^^^^^^^^^^^^^^^^^^
  4 | import { competencies, projects, getCategoryLabel } from "@/lib/data";
  5 | import { getProjectCategorySections } from "@/lib/view-models/projects";
  6 |

Import map: aliased to relative './components/portfolio/visual-preview' inside of [project]/

https://nextjs.org/docs/messages/module-not-found @ http://127.0.0.1:3000/Portfolio-bts/_next/static/chunks/node_modules_next_dist_0u_w_5s._.js:1945
[  491903ms] [ERROR] ./app/veille/page.tsx:3:1
Module not found: Can't resolve '@/components/portfolio/visual-preview'
  1 | import Link from "next/link";
  2 | import { ArrowUpRight } from "lucide-react";
> 3 | import { VisualPreview } from "@/components/portfolio/visual-preview";
    | ^^^^^^^^^^^^^^^^^^^^^^^^^^^^^^^^^^^^^^^^^^^^^^^^^^^^^^^^^^^^^^^^^^^^^^
  4 | import { Badge } from "@/components/ui/badge";
  5 | import { watchEntries } from "@/lib/data";
  6 |

Import map: aliased to relative './components/portfolio/visual-preview' inside of [project]/

https://nextjs.org/docs/messages/module-not-found @ http://127.0.0.1:3000/Portfolio-bts/_next/static/chunks/node_modules_next_dist_0u_w_5s._.js:1945
[  491966ms] [ERROR] ./app/projets/page.tsx:3:1
Module not found: Can't resolve '@/components/portfolio/visual-preview'
  1 | import Link from "next/link";
  2 | import { ArrowUpRight } from "lucide-react";
> 3 | import { VisualPreview } from "@/components/portfolio/visual-preview";
    | ^^^^^^^^^^^^^^^^^^^^^^^^^^^^^^^^^^^^^^^^^^^^^^^^^^^^^^^^^^^^^^^^^^^^^^
  4 | import { competencies, projects, getCategoryLabel } from "@/lib/data";
  5 | import { getProjectCategorySections } from "@/lib/view-models/projects";
  6 |

Import map: aliased to relative './components/portfolio/visual-preview' inside of [project]/

https://nextjs.org/docs/messages/module-not-found @ http://127.0.0.1:3000/Portfolio-bts/_next/static/chunks/node_modules_next_dist_0u_w_5s._.js:1945
[  491966ms] [ERROR] ./app/veille/page.tsx:3:1
Module not found: Can't resolve '@/components/portfolio/visual-preview'
  1 | import Link from "next/link";
  2 | import { ArrowUpRight } from "lucide-react";
> 3 | import { VisualPreview } from "@/components/portfolio/visual-preview";
    | ^^^^^^^^^^^^^^^^^^^^^^^^^^^^^^^^^^^^^^^^^^^^^^^^^^^^^^^^^^^^^^^^^^^^^^
  4 | import { Badge } from "@/components/ui/badge";
  5 | import { watchEntries } from "@/lib/data";
  6 |

Import map: aliased to relative './components/portfolio/visual-preview' inside of [project]/

https://nextjs.org/docs/messages/module-not-found @ http://127.0.0.1:3000/Portfolio-bts/_next/static/chunks/node_modules_next_dist_0u_w_5s._.js:1945
[  492029ms] [ERROR] ./app/projets/page.tsx:3:1
Module not found: Can't resolve '@/components/portfolio/visual-preview'
  1 | import Link from "next/link";
  2 | import { ArrowUpRight } from "lucide-react";
> 3 | import { VisualPreview } from "@/components/portfolio/visual-preview";
    | ^^^^^^^^^^^^^^^^^^^^^^^^^^^^^^^^^^^^^^^^^^^^^^^^^^^^^^^^^^^^^^^^^^^^^^
  4 | import { competencies, projects, getCategoryLabel } from "@/lib/data";
  5 | import { getProjectCategorySections } from "@/lib/view-models/projects";
  6 |

Import map: aliased to relative './components/portfolio/visual-preview' inside of [project]/

https://nextjs.org/docs/messages/module-not-found @ http://127.0.0.1:3000/Portfolio-bts/_next/static/chunks/node_modules_next_dist_0u_w_5s._.js:1945
[  492029ms] [ERROR] ./app/veille/page.tsx:3:1
Module not found: Can't resolve '@/components/portfolio/visual-preview'
  1 | import Link from "next/link";
  2 | import { ArrowUpRight } from "lucide-react";
> 3 | import { VisualPreview } from "@/components/portfolio/visual-preview";
    | ^^^^^^^^^^^^^^^^^^^^^^^^^^^^^^^^^^^^^^^^^^^^^^^^^^^^^^^^^^^^^^^^^^^^^^
  4 | import { Badge } from "@/components/ui/badge";
  5 | import { watchEntries } from "@/lib/data";
  6 |

Import map: aliased to relative './components/portfolio/visual-preview' inside of [project]/

https://nextjs.org/docs/messages/module-not-found @ http://127.0.0.1:3000/Portfolio-bts/_next/static/chunks/node_modules_next_dist_0u_w_5s._.js:1945
[  492092ms] [ERROR] ./app/projets/page.tsx:3:1
Module not found: Can't resolve '@/components/portfolio/visual-preview'
  1 | import Link from "next/link";
  2 | import { ArrowUpRight } from "lucide-react";
> 3 | import { VisualPreview } from "@/components/portfolio/visual-preview";
    | ^^^^^^^^^^^^^^^^^^^^^^^^^^^^^^^^^^^^^^^^^^^^^^^^^^^^^^^^^^^^^^^^^^^^^^
  4 | import { competencies, projects, getCategoryLabel } from "@/lib/data";
  5 | import { getProjectCategorySections } from "@/lib/view-models/projects";
  6 |

Import map: aliased to relative './components/portfolio/visual-preview' inside of [project]/

https://nextjs.org/docs/messages/module-not-found @ http://127.0.0.1:3000/Portfolio-bts/_next/static/chunks/node_modules_next_dist_0u_w_5s._.js:1945
[  492092ms] [ERROR] ./app/veille/page.tsx:3:1
Module not found: Can't resolve '@/components/portfolio/visual-preview'
  1 | import Link from "next/link";
  2 | import { ArrowUpRight } from "lucide-react";
> 3 | import { VisualPreview } from "@/components/portfolio/visual-preview";
    | ^^^^^^^^^^^^^^^^^^^^^^^^^^^^^^^^^^^^^^^^^^^^^^^^^^^^^^^^^^^^^^^^^^^^^^
  4 | import { Badge } from "@/components/ui/badge";
  5 | import { watchEntries } from "@/lib/data";
  6 |

Import map: aliased to relative './components/portfolio/visual-preview' inside of [project]/

https://nextjs.org/docs/messages/module-not-found @ http://127.0.0.1:3000/Portfolio-bts/_next/static/chunks/node_modules_next_dist_0u_w_5s._.js:1945
[  492154ms] [ERROR] ./app/projets/page.tsx:3:1
Module not found: Can't resolve '@/components/portfolio/visual-preview'
  1 | import Link from "next/link";
  2 | import { ArrowUpRight } from "lucide-react";
> 3 | import { VisualPreview } from "@/components/portfolio/visual-preview";
    | ^^^^^^^^^^^^^^^^^^^^^^^^^^^^^^^^^^^^^^^^^^^^^^^^^^^^^^^^^^^^^^^^^^^^^^
  4 | import { competencies, projects, getCategoryLabel } from "@/lib/data";
  5 | import { getProjectCategorySections } from "@/lib/view-models/projects";
  6 |

Import map: aliased to relative './components/portfolio/visual-preview' inside of [project]/

https://nextjs.org/docs/messages/module-not-found @ http://127.0.0.1:3000/Portfolio-bts/_next/static/chunks/node_modules_next_dist_0u_w_5s._.js:1945
[  492155ms] [ERROR] ./app/veille/page.tsx:3:1
Module not found: Can't resolve '@/components/portfolio/visual-preview'
  1 | import Link from "next/link";
  2 | import { ArrowUpRight } from "lucide-react";
> 3 | import { VisualPreview } from "@/components/portfolio/visual-preview";
    | ^^^^^^^^^^^^^^^^^^^^^^^^^^^^^^^^^^^^^^^^^^^^^^^^^^^^^^^^^^^^^^^^^^^^^^
  4 | import { Badge } from "@/components/ui/badge";
  5 | import { watchEntries } from "@/lib/data";
  6 |

Import map: aliased to relative './components/portfolio/visual-preview' inside of [project]/

https://nextjs.org/docs/messages/module-not-found @ http://127.0.0.1:3000/Portfolio-bts/_next/static/chunks/node_modules_next_dist_0u_w_5s._.js:1945
[  492217ms] [ERROR] ./app/projets/page.tsx:3:1
Module not found: Can't resolve '@/components/portfolio/visual-preview'
  1 | import Link from "next/link";
  2 | import { ArrowUpRight } from "lucide-react";
> 3 | import { VisualPreview } from "@/components/portfolio/visual-preview";
    | ^^^^^^^^^^^^^^^^^^^^^^^^^^^^^^^^^^^^^^^^^^^^^^^^^^^^^^^^^^^^^^^^^^^^^^
  4 | import { competencies, projects, getCategoryLabel } from "@/lib/data";
  5 | import { getProjectCategorySections } from "@/lib/view-models/projects";
  6 |

Import map: aliased to relative './components/portfolio/visual-preview' inside of [project]/

https://nextjs.org/docs/messages/module-not-found @ http://127.0.0.1:3000/Portfolio-bts/_next/static/chunks/node_modules_next_dist_0u_w_5s._.js:1945
[  492217ms] [ERROR] ./app/veille/page.tsx:3:1
Module not found: Can't resolve '@/components/portfolio/visual-preview'
  1 | import Link from "next/link";
  2 | import { ArrowUpRight } from "lucide-react";
> 3 | import { VisualPreview } from "@/components/portfolio/visual-preview";
    | ^^^^^^^^^^^^^^^^^^^^^^^^^^^^^^^^^^^^^^^^^^^^^^^^^^^^^^^^^^^^^^^^^^^^^^
  4 | import { Badge } from "@/components/ui/badge";
  5 | import { watchEntries } from "@/lib/data";
  6 |

Import map: aliased to relative './components/portfolio/visual-preview' inside of [project]/

https://nextjs.org/docs/messages/module-not-found @ http://127.0.0.1:3000/Portfolio-bts/_next/static/chunks/node_modules_next_dist_0u_w_5s._.js:1945
[  492279ms] [ERROR] ./app/projets/page.tsx:3:1
Module not found: Can't resolve '@/components/portfolio/visual-preview'
  1 | import Link from "next/link";
  2 | import { ArrowUpRight } from "lucide-react";
> 3 | import { VisualPreview } from "@/components/portfolio/visual-preview";
    | ^^^^^^^^^^^^^^^^^^^^^^^^^^^^^^^^^^^^^^^^^^^^^^^^^^^^^^^^^^^^^^^^^^^^^^
  4 | import { competencies, projects, getCategoryLabel } from "@/lib/data";
  5 | import { getProjectCategorySections } from "@/lib/view-models/projects";
  6 |

Import map: aliased to relative './components/portfolio/visual-preview' inside of [project]/

https://nextjs.org/docs/messages/module-not-found @ http://127.0.0.1:3000/Portfolio-bts/_next/static/chunks/node_modules_next_dist_0u_w_5s._.js:1945
[  492279ms] [ERROR] ./app/veille/page.tsx:3:1
Module not found: Can't resolve '@/components/portfolio/visual-preview'
  1 | import Link from "next/link";
  2 | import { ArrowUpRight } from "lucide-react";
> 3 | import { VisualPreview } from "@/components/portfolio/visual-preview";
    | ^^^^^^^^^^^^^^^^^^^^^^^^^^^^^^^^^^^^^^^^^^^^^^^^^^^^^^^^^^^^^^^^^^^^^^
  4 | import { Badge } from "@/components/ui/badge";
  5 | import { watchEntries } from "@/lib/data";
  6 |

Import map: aliased to relative './components/portfolio/visual-preview' inside of [project]/

https://nextjs.org/docs/messages/module-not-found @ http://127.0.0.1:3000/Portfolio-bts/_next/static/chunks/node_modules_next_dist_0u_w_5s._.js:1945
[  492341ms] [ERROR] ./app/projets/page.tsx:3:1
Module not found: Can't resolve '@/components/portfolio/visual-preview'
  1 | import Link from "next/link";
  2 | import { ArrowUpRight } from "lucide-react";
> 3 | import { VisualPreview } from "@/components/portfolio/visual-preview";
    | ^^^^^^^^^^^^^^^^^^^^^^^^^^^^^^^^^^^^^^^^^^^^^^^^^^^^^^^^^^^^^^^^^^^^^^
  4 | import { competencies, projects, getCategoryLabel } from "@/lib/data";
  5 | import { getProjectCategorySections } from "@/lib/view-models/projects";
  6 |

Import map: aliased to relative './components/portfolio/visual-preview' inside of [project]/

https://nextjs.org/docs/messages/module-not-found @ http://127.0.0.1:3000/Portfolio-bts/_next/static/chunks/node_modules_next_dist_0u_w_5s._.js:1945
[  492342ms] [ERROR] ./app/veille/page.tsx:3:1
Module not found: Can't resolve '@/components/portfolio/visual-preview'
  1 | import Link from "next/link";
  2 | import { ArrowUpRight } from "lucide-react";
> 3 | import { VisualPreview } from "@/components/portfolio/visual-preview";
    | ^^^^^^^^^^^^^^^^^^^^^^^^^^^^^^^^^^^^^^^^^^^^^^^^^^^^^^^^^^^^^^^^^^^^^^
  4 | import { Badge } from "@/components/ui/badge";
  5 | import { watchEntries } from "@/lib/data";
  6 |

Import map: aliased to relative './components/portfolio/visual-preview' inside of [project]/

https://nextjs.org/docs/messages/module-not-found @ http://127.0.0.1:3000/Portfolio-bts/_next/static/chunks/node_modules_next_dist_0u_w_5s._.js:1945
[  492404ms] [ERROR] ./app/projets/page.tsx:3:1
Module not found: Can't resolve '@/components/portfolio/visual-preview'
  1 | import Link from "next/link";
  2 | import { ArrowUpRight } from "lucide-react";
> 3 | import { VisualPreview } from "@/components/portfolio/visual-preview";
    | ^^^^^^^^^^^^^^^^^^^^^^^^^^^^^^^^^^^^^^^^^^^^^^^^^^^^^^^^^^^^^^^^^^^^^^
  4 | import { competencies, projects, getCategoryLabel } from "@/lib/data";
  5 | import { getProjectCategorySections } from "@/lib/view-models/projects";
  6 |

Import map: aliased to relative './components/portfolio/visual-preview' inside of [project]/

https://nextjs.org/docs/messages/module-not-found @ http://127.0.0.1:3000/Portfolio-bts/_next/static/chunks/node_modules_next_dist_0u_w_5s._.js:1945
[  492404ms] [ERROR] ./app/veille/page.tsx:3:1
Module not found: Can't resolve '@/components/portfolio/visual-preview'
  1 | import Link from "next/link";
  2 | import { ArrowUpRight } from "lucide-react";
> 3 | import { VisualPreview } from "@/components/portfolio/visual-preview";
    | ^^^^^^^^^^^^^^^^^^^^^^^^^^^^^^^^^^^^^^^^^^^^^^^^^^^^^^^^^^^^^^^^^^^^^^
  4 | import { Badge } from "@/components/ui/badge";
  5 | import { watchEntries } from "@/lib/data";
  6 |

Import map: aliased to relative './components/portfolio/visual-preview' inside of [project]/

https://nextjs.org/docs/messages/module-not-found @ http://127.0.0.1:3000/Portfolio-bts/_next/static/chunks/node_modules_next_dist_0u_w_5s._.js:1945
[  492466ms] [ERROR] ./app/projets/page.tsx:3:1
Module not found: Can't resolve '@/components/portfolio/visual-preview'
  1 | import Link from "next/link";
  2 | import { ArrowUpRight } from "lucide-react";
> 3 | import { VisualPreview } from "@/components/portfolio/visual-preview";
    | ^^^^^^^^^^^^^^^^^^^^^^^^^^^^^^^^^^^^^^^^^^^^^^^^^^^^^^^^^^^^^^^^^^^^^^
  4 | import { competencies, projects, getCategoryLabel } from "@/lib/data";
  5 | import { getProjectCategorySections } from "@/lib/view-models/projects";
  6 |

Import map: aliased to relative './components/portfolio/visual-preview' inside of [project]/

https://nextjs.org/docs/messages/module-not-found @ http://127.0.0.1:3000/Portfolio-bts/_next/static/chunks/node_modules_next_dist_0u_w_5s._.js:1945
[  492466ms] [ERROR] ./app/veille/page.tsx:3:1
Module not found: Can't resolve '@/components/portfolio/visual-preview'
  1 | import Link from "next/link";
  2 | import { ArrowUpRight } from "lucide-react";
> 3 | import { VisualPreview } from "@/components/portfolio/visual-preview";
    | ^^^^^^^^^^^^^^^^^^^^^^^^^^^^^^^^^^^^^^^^^^^^^^^^^^^^^^^^^^^^^^^^^^^^^^
  4 | import { Badge } from "@/components/ui/badge";
  5 | import { watchEntries } from "@/lib/data";
  6 |

Import map: aliased to relative './components/portfolio/visual-preview' inside of [project]/

https://nextjs.org/docs/messages/module-not-found @ http://127.0.0.1:3000/Portfolio-bts/_next/static/chunks/node_modules_next_dist_0u_w_5s._.js:1945
[  492528ms] [ERROR] ./app/projets/page.tsx:3:1
Module not found: Can't resolve '@/components/portfolio/visual-preview'
  1 | import Link from "next/link";
  2 | import { ArrowUpRight } from "lucide-react";
> 3 | import { VisualPreview } from "@/components/portfolio/visual-preview";
    | ^^^^^^^^^^^^^^^^^^^^^^^^^^^^^^^^^^^^^^^^^^^^^^^^^^^^^^^^^^^^^^^^^^^^^^
  4 | import { competencies, projects, getCategoryLabel } from "@/lib/data";
  5 | import { getProjectCategorySections } from "@/lib/view-models/projects";
  6 |

Import map: aliased to relative './components/portfolio/visual-preview' inside of [project]/

https://nextjs.org/docs/messages/module-not-found @ http://127.0.0.1:3000/Portfolio-bts/_next/static/chunks/node_modules_next_dist_0u_w_5s._.js:1945
[  492528ms] [ERROR] ./app/veille/page.tsx:3:1
Module not found: Can't resolve '@/components/portfolio/visual-preview'
  1 | import Link from "next/link";
  2 | import { ArrowUpRight } from "lucide-react";
> 3 | import { VisualPreview } from "@/components/portfolio/visual-preview";
    | ^^^^^^^^^^^^^^^^^^^^^^^^^^^^^^^^^^^^^^^^^^^^^^^^^^^^^^^^^^^^^^^^^^^^^^
  4 | import { Badge } from "@/components/ui/badge";
  5 | import { watchEntries } from "@/lib/data";
  6 |

Import map: aliased to relative './components/portfolio/visual-preview' inside of [project]/

https://nextjs.org/docs/messages/module-not-found @ http://127.0.0.1:3000/Portfolio-bts/_next/static/chunks/node_modules_next_dist_0u_w_5s._.js:1945
[  492590ms] [ERROR] ./app/projets/page.tsx:3:1
Module not found: Can't resolve '@/components/portfolio/visual-preview'
  1 | import Link from "next/link";
  2 | import { ArrowUpRight } from "lucide-react";
> 3 | import { VisualPreview } from "@/components/portfolio/visual-preview";
    | ^^^^^^^^^^^^^^^^^^^^^^^^^^^^^^^^^^^^^^^^^^^^^^^^^^^^^^^^^^^^^^^^^^^^^^
  4 | import { competencies, projects, getCategoryLabel } from "@/lib/data";
  5 | import { getProjectCategorySections } from "@/lib/view-models/projects";
  6 |

Import map: aliased to relative './components/portfolio/visual-preview' inside of [project]/

https://nextjs.org/docs/messages/module-not-found @ http://127.0.0.1:3000/Portfolio-bts/_next/static/chunks/node_modules_next_dist_0u_w_5s._.js:1945
[  492590ms] [ERROR] ./app/veille/page.tsx:3:1
Module not found: Can't resolve '@/components/portfolio/visual-preview'
  1 | import Link from "next/link";
  2 | import { ArrowUpRight } from "lucide-react";
> 3 | import { VisualPreview } from "@/components/portfolio/visual-preview";
    | ^^^^^^^^^^^^^^^^^^^^^^^^^^^^^^^^^^^^^^^^^^^^^^^^^^^^^^^^^^^^^^^^^^^^^^
  4 | import { Badge } from "@/components/ui/badge";
  5 | import { watchEntries } from "@/lib/data";
  6 |

Import map: aliased to relative './components/portfolio/visual-preview' inside of [project]/

https://nextjs.org/docs/messages/module-not-found @ http://127.0.0.1:3000/Portfolio-bts/_next/static/chunks/node_modules_next_dist_0u_w_5s._.js:1945
[  492654ms] [ERROR] ./app/projets/page.tsx:3:1
Module not found: Can't resolve '@/components/portfolio/visual-preview'
  1 | import Link from "next/link";
  2 | import { ArrowUpRight } from "lucide-react";
> 3 | import { VisualPreview } from "@/components/portfolio/visual-preview";
    | ^^^^^^^^^^^^^^^^^^^^^^^^^^^^^^^^^^^^^^^^^^^^^^^^^^^^^^^^^^^^^^^^^^^^^^
  4 | import { competencies, projects, getCategoryLabel } from "@/lib/data";
  5 | import { getProjectCategorySections } from "@/lib/view-models/projects";
  6 |

Import map: aliased to relative './components/portfolio/visual-preview' inside of [project]/

https://nextjs.org/docs/messages/module-not-found @ http://127.0.0.1:3000/Portfolio-bts/_next/static/chunks/node_modules_next_dist_0u_w_5s._.js:1945
[  492654ms] [ERROR] ./app/veille/page.tsx:3:1
Module not found: Can't resolve '@/components/portfolio/visual-preview'
  1 | import Link from "next/link";
  2 | import { ArrowUpRight } from "lucide-react";
> 3 | import { VisualPreview } from "@/components/portfolio/visual-preview";
    | ^^^^^^^^^^^^^^^^^^^^^^^^^^^^^^^^^^^^^^^^^^^^^^^^^^^^^^^^^^^^^^^^^^^^^^
  4 | import { Badge } from "@/components/ui/badge";
  5 | import { watchEntries } from "@/lib/data";
  6 |

Import map: aliased to relative './components/portfolio/visual-preview' inside of [project]/

https://nextjs.org/docs/messages/module-not-found @ http://127.0.0.1:3000/Portfolio-bts/_next/static/chunks/node_modules_next_dist_0u_w_5s._.js:1945
[  492716ms] [ERROR] ./app/projets/page.tsx:3:1
Module not found: Can't resolve '@/components/portfolio/visual-preview'
  1 | import Link from "next/link";
  2 | import { ArrowUpRight } from "lucide-react";
> 3 | import { VisualPreview } from "@/components/portfolio/visual-preview";
    | ^^^^^^^^^^^^^^^^^^^^^^^^^^^^^^^^^^^^^^^^^^^^^^^^^^^^^^^^^^^^^^^^^^^^^^
  4 | import { competencies, projects, getCategoryLabel } from "@/lib/data";
  5 | import { getProjectCategorySections } from "@/lib/view-models/projects";
  6 |

Import map: aliased to relative './components/portfolio/visual-preview' inside of [project]/

https://nextjs.org/docs/messages/module-not-found @ http://127.0.0.1:3000/Portfolio-bts/_next/static/chunks/node_modules_next_dist_0u_w_5s._.js:1945
[  492717ms] [ERROR] ./app/veille/page.tsx:3:1
Module not found: Can't resolve '@/components/portfolio/visual-preview'
  1 | import Link from "next/link";
  2 | import { ArrowUpRight } from "lucide-react";
> 3 | import { VisualPreview } from "@/components/portfolio/visual-preview";
    | ^^^^^^^^^^^^^^^^^^^^^^^^^^^^^^^^^^^^^^^^^^^^^^^^^^^^^^^^^^^^^^^^^^^^^^
  4 | import { Badge } from "@/components/ui/badge";
  5 | import { watchEntries } from "@/lib/data";
  6 |

Import map: aliased to relative './components/portfolio/visual-preview' inside of [project]/

https://nextjs.org/docs/messages/module-not-found @ http://127.0.0.1:3000/Portfolio-bts/_next/static/chunks/node_modules_next_dist_0u_w_5s._.js:1945
[  492778ms] [ERROR] ./app/projets/page.tsx:3:1
Module not found: Can't resolve '@/components/portfolio/visual-preview'
  1 | import Link from "next/link";
  2 | import { ArrowUpRight } from "lucide-react";
> 3 | import { VisualPreview } from "@/components/portfolio/visual-preview";
    | ^^^^^^^^^^^^^^^^^^^^^^^^^^^^^^^^^^^^^^^^^^^^^^^^^^^^^^^^^^^^^^^^^^^^^^
  4 | import { competencies, projects, getCategoryLabel } from "@/lib/data";
  5 | import { getProjectCategorySections } from "@/lib/view-models/projects";
  6 |

Import map: aliased to relative './components/portfolio/visual-preview' inside of [project]/

https://nextjs.org/docs/messages/module-not-found @ http://127.0.0.1:3000/Portfolio-bts/_next/static/chunks/node_modules_next_dist_0u_w_5s._.js:1945
[  492778ms] [ERROR] ./app/veille/page.tsx:3:1
Module not found: Can't resolve '@/components/portfolio/visual-preview'
  1 | import Link from "next/link";
  2 | import { ArrowUpRight } from "lucide-react";
> 3 | import { VisualPreview } from "@/components/portfolio/visual-preview";
    | ^^^^^^^^^^^^^^^^^^^^^^^^^^^^^^^^^^^^^^^^^^^^^^^^^^^^^^^^^^^^^^^^^^^^^^
  4 | import { Badge } from "@/components/ui/badge";
  5 | import { watchEntries } from "@/lib/data";
  6 |

Import map: aliased to relative './components/portfolio/visual-preview' inside of [project]/

https://nextjs.org/docs/messages/module-not-found @ http://127.0.0.1:3000/Portfolio-bts/_next/static/chunks/node_modules_next_dist_0u_w_5s._.js:1945
[  492841ms] [ERROR] ./app/projets/page.tsx:3:1
Module not found: Can't resolve '@/components/portfolio/visual-preview'
  1 | import Link from "next/link";
  2 | import { ArrowUpRight } from "lucide-react";
> 3 | import { VisualPreview } from "@/components/portfolio/visual-preview";
    | ^^^^^^^^^^^^^^^^^^^^^^^^^^^^^^^^^^^^^^^^^^^^^^^^^^^^^^^^^^^^^^^^^^^^^^
  4 | import { competencies, projects, getCategoryLabel } from "@/lib/data";
  5 | import { getProjectCategorySections } from "@/lib/view-models/projects";
  6 |

Import map: aliased to relative './components/portfolio/visual-preview' inside of [project]/

https://nextjs.org/docs/messages/module-not-found @ http://127.0.0.1:3000/Portfolio-bts/_next/static/chunks/node_modules_next_dist_0u_w_5s._.js:1945
[  492841ms] [ERROR] ./app/veille/page.tsx:3:1
Module not found: Can't resolve '@/components/portfolio/visual-preview'
  1 | import Link from "next/link";
  2 | import { ArrowUpRight } from "lucide-react";
> 3 | import { VisualPreview } from "@/components/portfolio/visual-preview";
    | ^^^^^^^^^^^^^^^^^^^^^^^^^^^^^^^^^^^^^^^^^^^^^^^^^^^^^^^^^^^^^^^^^^^^^^
  4 | import { Badge } from "@/components/ui/badge";
  5 | import { watchEntries } from "@/lib/data";
  6 |

Import map: aliased to relative './components/portfolio/visual-preview' inside of [project]/

https://nextjs.org/docs/messages/module-not-found @ http://127.0.0.1:3000/Portfolio-bts/_next/static/chunks/node_modules_next_dist_0u_w_5s._.js:1945
[  492903ms] [ERROR] ./app/projets/page.tsx:3:1
Module not found: Can't resolve '@/components/portfolio/visual-preview'
  1 | import Link from "next/link";
  2 | import { ArrowUpRight } from "lucide-react";
> 3 | import { VisualPreview } from "@/components/portfolio/visual-preview";
    | ^^^^^^^^^^^^^^^^^^^^^^^^^^^^^^^^^^^^^^^^^^^^^^^^^^^^^^^^^^^^^^^^^^^^^^
  4 | import { competencies, projects, getCategoryLabel } from "@/lib/data";
  5 | import { getProjectCategorySections } from "@/lib/view-models/projects";
  6 |

Import map: aliased to relative './components/portfolio/visual-preview' inside of [project]/

https://nextjs.org/docs/messages/module-not-found @ http://127.0.0.1:3000/Portfolio-bts/_next/static/chunks/node_modules_next_dist_0u_w_5s._.js:1945
[  492903ms] [ERROR] ./app/veille/page.tsx:3:1
Module not found: Can't resolve '@/components/portfolio/visual-preview'
  1 | import Link from "next/link";
  2 | import { ArrowUpRight } from "lucide-react";
> 3 | import { VisualPreview } from "@/components/portfolio/visual-preview";
    | ^^^^^^^^^^^^^^^^^^^^^^^^^^^^^^^^^^^^^^^^^^^^^^^^^^^^^^^^^^^^^^^^^^^^^^
  4 | import { Badge } from "@/components/ui/badge";
  5 | import { watchEntries } from "@/lib/data";
  6 |

Import map: aliased to relative './components/portfolio/visual-preview' inside of [project]/

https://nextjs.org/docs/messages/module-not-found @ http://127.0.0.1:3000/Portfolio-bts/_next/static/chunks/node_modules_next_dist_0u_w_5s._.js:1945
[  492965ms] [ERROR] ./app/projets/page.tsx:3:1
Module not found: Can't resolve '@/components/portfolio/visual-preview'
  1 | import Link from "next/link";
  2 | import { ArrowUpRight } from "lucide-react";
> 3 | import { VisualPreview } from "@/components/portfolio/visual-preview";
    | ^^^^^^^^^^^^^^^^^^^^^^^^^^^^^^^^^^^^^^^^^^^^^^^^^^^^^^^^^^^^^^^^^^^^^^
  4 | import { competencies, projects, getCategoryLabel } from "@/lib/data";
  5 | import { getProjectCategorySections } from "@/lib/view-models/projects";
  6 |

Import map: aliased to relative './components/portfolio/visual-preview' inside of [project]/

https://nextjs.org/docs/messages/module-not-found @ http://127.0.0.1:3000/Portfolio-bts/_next/static/chunks/node_modules_next_dist_0u_w_5s._.js:1945
[  492965ms] [ERROR] ./app/veille/page.tsx:3:1
Module not found: Can't resolve '@/components/portfolio/visual-preview'
  1 | import Link from "next/link";
  2 | import { ArrowUpRight } from "lucide-react";
> 3 | import { VisualPreview } from "@/components/portfolio/visual-preview";
    | ^^^^^^^^^^^^^^^^^^^^^^^^^^^^^^^^^^^^^^^^^^^^^^^^^^^^^^^^^^^^^^^^^^^^^^
  4 | import { Badge } from "@/components/ui/badge";
  5 | import { watchEntries } from "@/lib/data";
  6 |

Import map: aliased to relative './components/portfolio/visual-preview' inside of [project]/

https://nextjs.org/docs/messages/module-not-found @ http://127.0.0.1:3000/Portfolio-bts/_next/static/chunks/node_modules_next_dist_0u_w_5s._.js:1945
[  493026ms] [ERROR] ./app/projets/page.tsx:3:1
Module not found: Can't resolve '@/components/portfolio/visual-preview'
  1 | import Link from "next/link";
  2 | import { ArrowUpRight } from "lucide-react";
> 3 | import { VisualPreview } from "@/components/portfolio/visual-preview";
    | ^^^^^^^^^^^^^^^^^^^^^^^^^^^^^^^^^^^^^^^^^^^^^^^^^^^^^^^^^^^^^^^^^^^^^^
  4 | import { competencies, projects, getCategoryLabel } from "@/lib/data";
  5 | import { getProjectCategorySections } from "@/lib/view-models/projects";
  6 |

Import map: aliased to relative './components/portfolio/visual-preview' inside of [project]/

https://nextjs.org/docs/messages/module-not-found @ http://127.0.0.1:3000/Portfolio-bts/_next/static/chunks/node_modules_next_dist_0u_w_5s._.js:1945
[  493027ms] [ERROR] ./app/veille/page.tsx:3:1
Module not found: Can't resolve '@/components/portfolio/visual-preview'
  1 | import Link from "next/link";
  2 | import { ArrowUpRight } from "lucide-react";
> 3 | import { VisualPreview } from "@/components/portfolio/visual-preview";
    | ^^^^^^^^^^^^^^^^^^^^^^^^^^^^^^^^^^^^^^^^^^^^^^^^^^^^^^^^^^^^^^^^^^^^^^
  4 | import { Badge } from "@/components/ui/badge";
  5 | import { watchEntries } from "@/lib/data";
  6 |

Import map: aliased to relative './components/portfolio/visual-preview' inside of [project]/

https://nextjs.org/docs/messages/module-not-found @ http://127.0.0.1:3000/Portfolio-bts/_next/static/chunks/node_modules_next_dist_0u_w_5s._.js:1945
[  493088ms] [ERROR] ./app/projets/page.tsx:3:1
Module not found: Can't resolve '@/components/portfolio/visual-preview'
  1 | import Link from "next/link";
  2 | import { ArrowUpRight } from "lucide-react";
> 3 | import { VisualPreview } from "@/components/portfolio/visual-preview";
    | ^^^^^^^^^^^^^^^^^^^^^^^^^^^^^^^^^^^^^^^^^^^^^^^^^^^^^^^^^^^^^^^^^^^^^^
  4 | import { competencies, projects, getCategoryLabel } from "@/lib/data";
  5 | import { getProjectCategorySections } from "@/lib/view-models/projects";
  6 |

Import map: aliased to relative './components/portfolio/visual-preview' inside of [project]/

https://nextjs.org/docs/messages/module-not-found @ http://127.0.0.1:3000/Portfolio-bts/_next/static/chunks/node_modules_next_dist_0u_w_5s._.js:1945
[  493089ms] [ERROR] ./app/veille/page.tsx:3:1
Module not found: Can't resolve '@/components/portfolio/visual-preview'
  1 | import Link from "next/link";
  2 | import { ArrowUpRight } from "lucide-react";
> 3 | import { VisualPreview } from "@/components/portfolio/visual-preview";
    | ^^^^^^^^^^^^^^^^^^^^^^^^^^^^^^^^^^^^^^^^^^^^^^^^^^^^^^^^^^^^^^^^^^^^^^
  4 | import { Badge } from "@/components/ui/badge";
  5 | import { watchEntries } from "@/lib/data";
  6 |

Import map: aliased to relative './components/portfolio/visual-preview' inside of [project]/

https://nextjs.org/docs/messages/module-not-found @ http://127.0.0.1:3000/Portfolio-bts/_next/static/chunks/node_modules_next_dist_0u_w_5s._.js:1945
[  493158ms] [ERROR] ./app/projets/page.tsx:3:1
Module not found: Can't resolve '@/components/portfolio/visual-preview'
  1 | import Link from "next/link";
  2 | import { ArrowUpRight } from "lucide-react";
> 3 | import { VisualPreview } from "@/components/portfolio/visual-preview";
    | ^^^^^^^^^^^^^^^^^^^^^^^^^^^^^^^^^^^^^^^^^^^^^^^^^^^^^^^^^^^^^^^^^^^^^^
  4 | import { competencies, projects, getCategoryLabel } from "@/lib/data";
  5 | import { getProjectCategorySections } from "@/lib/view-models/projects";
  6 |

Import map: aliased to relative './components/portfolio/visual-preview' inside of [project]/

https://nextjs.org/docs/messages/module-not-found @ http://127.0.0.1:3000/Portfolio-bts/_next/static/chunks/node_modules_next_dist_0u_w_5s._.js:1945
[  493159ms] [ERROR] ./app/veille/page.tsx:3:1
Module not found: Can't resolve '@/components/portfolio/visual-preview'
  1 | import Link from "next/link";
  2 | import { ArrowUpRight } from "lucide-react";
> 3 | import { VisualPreview } from "@/components/portfolio/visual-preview";
    | ^^^^^^^^^^^^^^^^^^^^^^^^^^^^^^^^^^^^^^^^^^^^^^^^^^^^^^^^^^^^^^^^^^^^^^
  4 | import { Badge } from "@/components/ui/badge";
  5 | import { watchEntries } from "@/lib/data";
  6 |

Import map: aliased to relative './components/portfolio/visual-preview' inside of [project]/

https://nextjs.org/docs/messages/module-not-found @ http://127.0.0.1:3000/Portfolio-bts/_next/static/chunks/node_modules_next_dist_0u_w_5s._.js:1945
[  493212ms] [ERROR] ./app/projets/page.tsx:3:1
Module not found: Can't resolve '@/components/portfolio/visual-preview'
  1 | import Link from "next/link";
  2 | import { ArrowUpRight } from "lucide-react";
> 3 | import { VisualPreview } from "@/components/portfolio/visual-preview";
    | ^^^^^^^^^^^^^^^^^^^^^^^^^^^^^^^^^^^^^^^^^^^^^^^^^^^^^^^^^^^^^^^^^^^^^^
  4 | import { competencies, projects, getCategoryLabel } from "@/lib/data";
  5 | import { getProjectCategorySections } from "@/lib/view-models/projects";
  6 |

Import map: aliased to relative './components/portfolio/visual-preview' inside of [project]/

https://nextjs.org/docs/messages/module-not-found @ http://127.0.0.1:3000/Portfolio-bts/_next/static/chunks/node_modules_next_dist_0u_w_5s._.js:1945
[  493212ms] [ERROR] ./app/veille/page.tsx:3:1
Module not found: Can't resolve '@/components/portfolio/visual-preview'
  1 | import Link from "next/link";
  2 | import { ArrowUpRight } from "lucide-react";
> 3 | import { VisualPreview } from "@/components/portfolio/visual-preview";
    | ^^^^^^^^^^^^^^^^^^^^^^^^^^^^^^^^^^^^^^^^^^^^^^^^^^^^^^^^^^^^^^^^^^^^^^
  4 | import { Badge } from "@/components/ui/badge";
  5 | import { watchEntries } from "@/lib/data";
  6 |

Import map: aliased to relative './components/portfolio/visual-preview' inside of [project]/

https://nextjs.org/docs/messages/module-not-found @ http://127.0.0.1:3000/Portfolio-bts/_next/static/chunks/node_modules_next_dist_0u_w_5s._.js:1945
[  493275ms] [ERROR] ./app/projets/page.tsx:3:1
Module not found: Can't resolve '@/components/portfolio/visual-preview'
  1 | import Link from "next/link";
  2 | import { ArrowUpRight } from "lucide-react";
> 3 | import { VisualPreview } from "@/components/portfolio/visual-preview";
    | ^^^^^^^^^^^^^^^^^^^^^^^^^^^^^^^^^^^^^^^^^^^^^^^^^^^^^^^^^^^^^^^^^^^^^^
  4 | import { competencies, projects, getCategoryLabel } from "@/lib/data";
  5 | import { getProjectCategorySections } from "@/lib/view-models/projects";
  6 |

Import map: aliased to relative './components/portfolio/visual-preview' inside of [project]/

https://nextjs.org/docs/messages/module-not-found @ http://127.0.0.1:3000/Portfolio-bts/_next/static/chunks/node_modules_next_dist_0u_w_5s._.js:1945
[  493276ms] [ERROR] ./app/veille/page.tsx:3:1
Module not found: Can't resolve '@/components/portfolio/visual-preview'
  1 | import Link from "next/link";
  2 | import { ArrowUpRight } from "lucide-react";
> 3 | import { VisualPreview } from "@/components/portfolio/visual-preview";
    | ^^^^^^^^^^^^^^^^^^^^^^^^^^^^^^^^^^^^^^^^^^^^^^^^^^^^^^^^^^^^^^^^^^^^^^
  4 | import { Badge } from "@/components/ui/badge";
  5 | import { watchEntries } from "@/lib/data";
  6 |

Import map: aliased to relative './components/portfolio/visual-preview' inside of [project]/

https://nextjs.org/docs/messages/module-not-found @ http://127.0.0.1:3000/Portfolio-bts/_next/static/chunks/node_modules_next_dist_0u_w_5s._.js:1945
[  493337ms] [ERROR] ./app/projets/page.tsx:3:1
Module not found: Can't resolve '@/components/portfolio/visual-preview'
  1 | import Link from "next/link";
  2 | import { ArrowUpRight } from "lucide-react";
> 3 | import { VisualPreview } from "@/components/portfolio/visual-preview";
    | ^^^^^^^^^^^^^^^^^^^^^^^^^^^^^^^^^^^^^^^^^^^^^^^^^^^^^^^^^^^^^^^^^^^^^^
  4 | import { competencies, projects, getCategoryLabel } from "@/lib/data";
  5 | import { getProjectCategorySections } from "@/lib/view-models/projects";
  6 |

Import map: aliased to relative './components/portfolio/visual-preview' inside of [project]/

https://nextjs.org/docs/messages/module-not-found @ http://127.0.0.1:3000/Portfolio-bts/_next/static/chunks/node_modules_next_dist_0u_w_5s._.js:1945
[  493337ms] [ERROR] ./app/veille/page.tsx:3:1
Module not found: Can't resolve '@/components/portfolio/visual-preview'
  1 | import Link from "next/link";
  2 | import { ArrowUpRight } from "lucide-react";
> 3 | import { VisualPreview } from "@/components/portfolio/visual-preview";
    | ^^^^^^^^^^^^^^^^^^^^^^^^^^^^^^^^^^^^^^^^^^^^^^^^^^^^^^^^^^^^^^^^^^^^^^
  4 | import { Badge } from "@/components/ui/badge";
  5 | import { watchEntries } from "@/lib/data";
  6 |

Import map: aliased to relative './components/portfolio/visual-preview' inside of [project]/

https://nextjs.org/docs/messages/module-not-found @ http://127.0.0.1:3000/Portfolio-bts/_next/static/chunks/node_modules_next_dist_0u_w_5s._.js:1945
[  493399ms] [ERROR] ./app/projets/page.tsx:3:1
Module not found: Can't resolve '@/components/portfolio/visual-preview'
  1 | import Link from "next/link";
  2 | import { ArrowUpRight } from "lucide-react";
> 3 | import { VisualPreview } from "@/components/portfolio/visual-preview";
    | ^^^^^^^^^^^^^^^^^^^^^^^^^^^^^^^^^^^^^^^^^^^^^^^^^^^^^^^^^^^^^^^^^^^^^^
  4 | import { competencies, projects, getCategoryLabel } from "@/lib/data";
  5 | import { getProjectCategorySections } from "@/lib/view-models/projects";
  6 |

Import map: aliased to relative './components/portfolio/visual-preview' inside of [project]/

https://nextjs.org/docs/messages/module-not-found @ http://127.0.0.1:3000/Portfolio-bts/_next/static/chunks/node_modules_next_dist_0u_w_5s._.js:1945
[  493399ms] [ERROR] ./app/veille/page.tsx:3:1
Module not found: Can't resolve '@/components/portfolio/visual-preview'
  1 | import Link from "next/link";
  2 | import { ArrowUpRight } from "lucide-react";
> 3 | import { VisualPreview } from "@/components/portfolio/visual-preview";
    | ^^^^^^^^^^^^^^^^^^^^^^^^^^^^^^^^^^^^^^^^^^^^^^^^^^^^^^^^^^^^^^^^^^^^^^
  4 | import { Badge } from "@/components/ui/badge";
  5 | import { watchEntries } from "@/lib/data";
  6 |

Import map: aliased to relative './components/portfolio/visual-preview' inside of [project]/

https://nextjs.org/docs/messages/module-not-found @ http://127.0.0.1:3000/Portfolio-bts/_next/static/chunks/node_modules_next_dist_0u_w_5s._.js:1945
[  493460ms] [ERROR] ./app/projets/page.tsx:3:1
Module not found: Can't resolve '@/components/portfolio/visual-preview'
  1 | import Link from "next/link";
  2 | import { ArrowUpRight } from "lucide-react";
> 3 | import { VisualPreview } from "@/components/portfolio/visual-preview";
    | ^^^^^^^^^^^^^^^^^^^^^^^^^^^^^^^^^^^^^^^^^^^^^^^^^^^^^^^^^^^^^^^^^^^^^^
  4 | import { competencies, projects, getCategoryLabel } from "@/lib/data";
  5 | import { getProjectCategorySections } from "@/lib/view-models/projects";
  6 |

Import map: aliased to relative './components/portfolio/visual-preview' inside of [project]/

https://nextjs.org/docs/messages/module-not-found @ http://127.0.0.1:3000/Portfolio-bts/_next/static/chunks/node_modules_next_dist_0u_w_5s._.js:1945
[  493460ms] [ERROR] ./app/veille/page.tsx:3:1
Module not found: Can't resolve '@/components/portfolio/visual-preview'
  1 | import Link from "next/link";
  2 | import { ArrowUpRight } from "lucide-react";
> 3 | import { VisualPreview } from "@/components/portfolio/visual-preview";
    | ^^^^^^^^^^^^^^^^^^^^^^^^^^^^^^^^^^^^^^^^^^^^^^^^^^^^^^^^^^^^^^^^^^^^^^
  4 | import { Badge } from "@/components/ui/badge";
  5 | import { watchEntries } from "@/lib/data";
  6 |

Import map: aliased to relative './components/portfolio/visual-preview' inside of [project]/

https://nextjs.org/docs/messages/module-not-found @ http://127.0.0.1:3000/Portfolio-bts/_next/static/chunks/node_modules_next_dist_0u_w_5s._.js:1945
[  493522ms] [ERROR] ./app/projets/page.tsx:3:1
Module not found: Can't resolve '@/components/portfolio/visual-preview'
  1 | import Link from "next/link";
  2 | import { ArrowUpRight } from "lucide-react";
> 3 | import { VisualPreview } from "@/components/portfolio/visual-preview";
    | ^^^^^^^^^^^^^^^^^^^^^^^^^^^^^^^^^^^^^^^^^^^^^^^^^^^^^^^^^^^^^^^^^^^^^^
  4 | import { competencies, projects, getCategoryLabel } from "@/lib/data";
  5 | import { getProjectCategorySections } from "@/lib/view-models/projects";
  6 |

Import map: aliased to relative './components/portfolio/visual-preview' inside of [project]/

https://nextjs.org/docs/messages/module-not-found @ http://127.0.0.1:3000/Portfolio-bts/_next/static/chunks/node_modules_next_dist_0u_w_5s._.js:1945
[  493522ms] [ERROR] ./app/veille/page.tsx:3:1
Module not found: Can't resolve '@/components/portfolio/visual-preview'
  1 | import Link from "next/link";
  2 | import { ArrowUpRight } from "lucide-react";
> 3 | import { VisualPreview } from "@/components/portfolio/visual-preview";
    | ^^^^^^^^^^^^^^^^^^^^^^^^^^^^^^^^^^^^^^^^^^^^^^^^^^^^^^^^^^^^^^^^^^^^^^
  4 | import { Badge } from "@/components/ui/badge";
  5 | import { watchEntries } from "@/lib/data";
  6 |

Import map: aliased to relative './components/portfolio/visual-preview' inside of [project]/

https://nextjs.org/docs/messages/module-not-found @ http://127.0.0.1:3000/Portfolio-bts/_next/static/chunks/node_modules_next_dist_0u_w_5s._.js:1945
[  493660ms] [ERROR] ./app/projets/page.tsx:3:1
Module not found: Can't resolve '@/components/portfolio/visual-preview'
  1 | import Link from "next/link";
  2 | import { ArrowUpRight } from "lucide-react";
> 3 | import { VisualPreview } from "@/components/portfolio/visual-preview";
    | ^^^^^^^^^^^^^^^^^^^^^^^^^^^^^^^^^^^^^^^^^^^^^^^^^^^^^^^^^^^^^^^^^^^^^^
  4 | import { competencies, projects, getCategoryLabel } from "@/lib/data";
  5 | import { getProjectCategorySections } from "@/lib/view-models/projects";
  6 |

Import map: aliased to relative './components/portfolio/visual-preview' inside of [project]/

https://nextjs.org/docs/messages/module-not-found @ http://127.0.0.1:3000/Portfolio-bts/_next/static/chunks/node_modules_next_dist_0u_w_5s._.js:1945
[  493660ms] [ERROR] ./app/veille/page.tsx:3:1
Module not found: Can't resolve '@/components/portfolio/visual-preview'
  1 | import Link from "next/link";
  2 | import { ArrowUpRight } from "lucide-react";
> 3 | import { VisualPreview } from "@/components/portfolio/visual-preview";
    | ^^^^^^^^^^^^^^^^^^^^^^^^^^^^^^^^^^^^^^^^^^^^^^^^^^^^^^^^^^^^^^^^^^^^^^
  4 | import { Badge } from "@/components/ui/badge";
  5 | import { watchEntries } from "@/lib/data";
  6 |

Import map: aliased to relative './components/portfolio/visual-preview' inside of [project]/

https://nextjs.org/docs/messages/module-not-found @ http://127.0.0.1:3000/Portfolio-bts/_next/static/chunks/node_modules_next_dist_0u_w_5s._.js:1945
[  493692ms] [LOG] [Fast Refresh] rebuilding @ http://127.0.0.1:3000/Portfolio-bts/_next/static/chunks/node_modules_next_dist_0u_w_5s._.js:1226
[  493755ms] [ERROR] ./app/projets/page.tsx:3:1
Module not found: Can't resolve '@/components/portfolio/visual-preview'
  1 | import Link from "next/link";
  2 | import { ArrowUpRight } from "lucide-react";
> 3 | import { VisualPreview } from "@/components/portfolio/visual-preview";
    | ^^^^^^^^^^^^^^^^^^^^^^^^^^^^^^^^^^^^^^^^^^^^^^^^^^^^^^^^^^^^^^^^^^^^^^
  4 | import { competencies, projects, getCategoryLabel } from "@/lib/data";
  5 | import { getProjectCategorySections } from "@/lib/view-models/projects";
  6 |

Import map: aliased to relative './components/portfolio/visual-preview' inside of [project]/

https://nextjs.org/docs/messages/module-not-found @ http://127.0.0.1:3000/Portfolio-bts/_next/static/chunks/node_modules_next_dist_0u_w_5s._.js:1945
[  493756ms] [ERROR] ./app/veille/page.tsx:3:1
Module not found: Can't resolve '@/components/portfolio/visual-preview'
  1 | import Link from "next/link";
  2 | import { ArrowUpRight } from "lucide-react";
> 3 | import { VisualPreview } from "@/components/portfolio/visual-preview";
    | ^^^^^^^^^^^^^^^^^^^^^^^^^^^^^^^^^^^^^^^^^^^^^^^^^^^^^^^^^^^^^^^^^^^^^^
  4 | import { Badge } from "@/components/ui/badge";
  5 | import { watchEntries } from "@/lib/data";
  6 |

Import map: aliased to relative './components/portfolio/visual-preview' inside of [project]/

https://nextjs.org/docs/messages/module-not-found @ http://127.0.0.1:3000/Portfolio-bts/_next/static/chunks/node_modules_next_dist_0u_w_5s._.js:1945
[  493816ms] [ERROR] ./app/projets/page.tsx:3:1
Module not found: Can't resolve '@/components/portfolio/visual-preview'
  1 | import Link from "next/link";
  2 | import { ArrowUpRight } from "lucide-react";
> 3 | import { VisualPreview } from "@/components/portfolio/visual-preview";
    | ^^^^^^^^^^^^^^^^^^^^^^^^^^^^^^^^^^^^^^^^^^^^^^^^^^^^^^^^^^^^^^^^^^^^^^
  4 | import { competencies, projects, getCategoryLabel } from "@/lib/data";
  5 | import { getProjectCategorySections } from "@/lib/view-models/projects";
  6 |

Import map: aliased to relative './components/portfolio/visual-preview' inside of [project]/

https://nextjs.org/docs/messages/module-not-found @ http://127.0.0.1:3000/Portfolio-bts/_next/static/chunks/node_modules_next_dist_0u_w_5s._.js:1945
[  493816ms] [ERROR] ./app/veille/page.tsx:3:1
Module not found: Can't resolve '@/components/portfolio/visual-preview'
  1 | import Link from "next/link";
  2 | import { ArrowUpRight } from "lucide-react";
> 3 | import { VisualPreview } from "@/components/portfolio/visual-preview";
    | ^^^^^^^^^^^^^^^^^^^^^^^^^^^^^^^^^^^^^^^^^^^^^^^^^^^^^^^^^^^^^^^^^^^^^^
  4 | import { Badge } from "@/components/ui/badge";
  5 | import { watchEntries } from "@/lib/data";
  6 |

Import map: aliased to relative './components/portfolio/visual-preview' inside of [project]/

https://nextjs.org/docs/messages/module-not-found @ http://127.0.0.1:3000/Portfolio-bts/_next/static/chunks/node_modules_next_dist_0u_w_5s._.js:1945
[  493898ms] [ERROR] ./app/projets/page.tsx:3:1
Module not found: Can't resolve '@/components/portfolio/visual-preview'
  1 | import Link from "next/link";
  2 | import { ArrowUpRight } from "lucide-react";
> 3 | import { VisualPreview } from "@/components/portfolio/visual-preview";
    | ^^^^^^^^^^^^^^^^^^^^^^^^^^^^^^^^^^^^^^^^^^^^^^^^^^^^^^^^^^^^^^^^^^^^^^
  4 | import { competencies, projects, getCategoryLabel } from "@/lib/data";
  5 | import { getProjectCategorySections } from "@/lib/view-models/projects";
  6 |

Import map: aliased to relative './components/portfolio/visual-preview' inside of [project]/

https://nextjs.org/docs/messages/module-not-found @ http://127.0.0.1:3000/Portfolio-bts/_next/static/chunks/node_modules_next_dist_0u_w_5s._.js:1945
[  493899ms] [ERROR] ./app/veille/page.tsx:3:1
Module not found: Can't resolve '@/components/portfolio/visual-preview'
  1 | import Link from "next/link";
  2 | import { ArrowUpRight } from "lucide-react";
> 3 | import { VisualPreview } from "@/components/portfolio/visual-preview";
    | ^^^^^^^^^^^^^^^^^^^^^^^^^^^^^^^^^^^^^^^^^^^^^^^^^^^^^^^^^^^^^^^^^^^^^^
  4 | import { Badge } from "@/components/ui/badge";
  5 | import { watchEntries } from "@/lib/data";
  6 |

Import map: aliased to relative './components/portfolio/visual-preview' inside of [project]/

https://nextjs.org/docs/messages/module-not-found @ http://127.0.0.1:3000/Portfolio-bts/_next/static/chunks/node_modules_next_dist_0u_w_5s._.js:1945
[  493940ms] [LOG] [Fast Refresh] rebuilding @ http://127.0.0.1:3000/Portfolio-bts/_next/static/chunks/node_modules_next_dist_0u_w_5s._.js:1226
[  494003ms] [ERROR] ./app/projets/page.tsx:3:1
Module not found: Can't resolve '@/components/portfolio/visual-preview'
  1 | import Link from "next/link";
  2 | import { ArrowUpRight } from "lucide-react";
> 3 | import { VisualPreview } from "@/components/portfolio/visual-preview";
    | ^^^^^^^^^^^^^^^^^^^^^^^^^^^^^^^^^^^^^^^^^^^^^^^^^^^^^^^^^^^^^^^^^^^^^^
  4 | import { competencies, projects, getCategoryLabel } from "@/lib/data";
  5 | import { getProjectCategorySections } from "@/lib/view-models/projects";
  6 |

Import map: aliased to relative './components/portfolio/visual-preview' inside of [project]/

https://nextjs.org/docs/messages/module-not-found @ http://127.0.0.1:3000/Portfolio-bts/_next/static/chunks/node_modules_next_dist_0u_w_5s._.js:1945
[  494003ms] [ERROR] ./app/veille/page.tsx:3:1
Module not found: Can't resolve '@/components/portfolio/visual-preview'
  1 | import Link from "next/link";
  2 | import { ArrowUpRight } from "lucide-react";
> 3 | import { VisualPreview } from "@/components/portfolio/visual-preview";
    | ^^^^^^^^^^^^^^^^^^^^^^^^^^^^^^^^^^^^^^^^^^^^^^^^^^^^^^^^^^^^^^^^^^^^^^
  4 | import { Badge } from "@/components/ui/badge";
  5 | import { watchEntries } from "@/lib/data";
  6 |

Import map: aliased to relative './components/portfolio/visual-preview' inside of [project]/

https://nextjs.org/docs/messages/module-not-found @ http://127.0.0.1:3000/Portfolio-bts/_next/static/chunks/node_modules_next_dist_0u_w_5s._.js:1945
[  494065ms] [ERROR] ./app/projets/page.tsx:3:1
Module not found: Can't resolve '@/components/portfolio/visual-preview'
  1 | import Link from "next/link";
  2 | import { ArrowUpRight } from "lucide-react";
> 3 | import { VisualPreview } from "@/components/portfolio/visual-preview";
    | ^^^^^^^^^^^^^^^^^^^^^^^^^^^^^^^^^^^^^^^^^^^^^^^^^^^^^^^^^^^^^^^^^^^^^^
  4 | import { competencies, projects, getCategoryLabel } from "@/lib/data";
  5 | import { getProjectCategorySections } from "@/lib/view-models/projects";
  6 |

Import map: aliased to relative './components/portfolio/visual-preview' inside of [project]/

https://nextjs.org/docs/messages/module-not-found @ http://127.0.0.1:3000/Portfolio-bts/_next/static/chunks/node_modules_next_dist_0u_w_5s._.js:1945
[  494065ms] [ERROR] ./app/veille/page.tsx:3:1
Module not found: Can't resolve '@/components/portfolio/visual-preview'
  1 | import Link from "next/link";
  2 | import { ArrowUpRight } from "lucide-react";
> 3 | import { VisualPreview } from "@/components/portfolio/visual-preview";
    | ^^^^^^^^^^^^^^^^^^^^^^^^^^^^^^^^^^^^^^^^^^^^^^^^^^^^^^^^^^^^^^^^^^^^^^
  4 | import { Badge } from "@/components/ui/badge";
  5 | import { watchEntries } from "@/lib/data";
  6 |

Import map: aliased to relative './components/portfolio/visual-preview' inside of [project]/

https://nextjs.org/docs/messages/module-not-found @ http://127.0.0.1:3000/Portfolio-bts/_next/static/chunks/node_modules_next_dist_0u_w_5s._.js:1945
[  494125ms] [ERROR] ./app/projets/page.tsx:3:1
Module not found: Can't resolve '@/components/portfolio/visual-preview'
  1 | import Link from "next/link";
  2 | import { ArrowUpRight } from "lucide-react";
> 3 | import { VisualPreview } from "@/components/portfolio/visual-preview";
    | ^^^^^^^^^^^^^^^^^^^^^^^^^^^^^^^^^^^^^^^^^^^^^^^^^^^^^^^^^^^^^^^^^^^^^^
  4 | import { competencies, projects, getCategoryLabel } from "@/lib/data";
  5 | import { getProjectCategorySections } from "@/lib/view-models/projects";
  6 |

Import map: aliased to relative './components/portfolio/visual-preview' inside of [project]/

https://nextjs.org/docs/messages/module-not-found @ http://127.0.0.1:3000/Portfolio-bts/_next/static/chunks/node_modules_next_dist_0u_w_5s._.js:1945
[  494125ms] [ERROR] ./app/veille/page.tsx:3:1
Module not found: Can't resolve '@/components/portfolio/visual-preview'
  1 | import Link from "next/link";
  2 | import { ArrowUpRight } from "lucide-react";
> 3 | import { VisualPreview } from "@/components/portfolio/visual-preview";
    | ^^^^^^^^^^^^^^^^^^^^^^^^^^^^^^^^^^^^^^^^^^^^^^^^^^^^^^^^^^^^^^^^^^^^^^
  4 | import { Badge } from "@/components/ui/badge";
  5 | import { watchEntries } from "@/lib/data";
  6 |

Import map: aliased to relative './components/portfolio/visual-preview' inside of [project]/

https://nextjs.org/docs/messages/module-not-found @ http://127.0.0.1:3000/Portfolio-bts/_next/static/chunks/node_modules_next_dist_0u_w_5s._.js:1945
[  494188ms] [ERROR] ./app/projets/page.tsx:3:1
Module not found: Can't resolve '@/components/portfolio/visual-preview'
  1 | import Link from "next/link";
  2 | import { ArrowUpRight } from "lucide-react";
> 3 | import { VisualPreview } from "@/components/portfolio/visual-preview";
    | ^^^^^^^^^^^^^^^^^^^^^^^^^^^^^^^^^^^^^^^^^^^^^^^^^^^^^^^^^^^^^^^^^^^^^^
  4 | import { competencies, projects, getCategoryLabel } from "@/lib/data";
  5 | import { getProjectCategorySections } from "@/lib/view-models/projects";
  6 |

Import map: aliased to relative './components/portfolio/visual-preview' inside of [project]/

https://nextjs.org/docs/messages/module-not-found @ http://127.0.0.1:3000/Portfolio-bts/_next/static/chunks/node_modules_next_dist_0u_w_5s._.js:1945
[  494188ms] [ERROR] ./app/veille/page.tsx:3:1
Module not found: Can't resolve '@/components/portfolio/visual-preview'
  1 | import Link from "next/link";
  2 | import { ArrowUpRight } from "lucide-react";
> 3 | import { VisualPreview } from "@/components/portfolio/visual-preview";
    | ^^^^^^^^^^^^^^^^^^^^^^^^^^^^^^^^^^^^^^^^^^^^^^^^^^^^^^^^^^^^^^^^^^^^^^
  4 | import { Badge } from "@/components/ui/badge";
  5 | import { watchEntries } from "@/lib/data";
  6 |

Import map: aliased to relative './components/portfolio/visual-preview' inside of [project]/

https://nextjs.org/docs/messages/module-not-found @ http://127.0.0.1:3000/Portfolio-bts/_next/static/chunks/node_modules_next_dist_0u_w_5s._.js:1945
[  494251ms] [ERROR] ./app/projets/page.tsx:3:1
Module not found: Can't resolve '@/components/portfolio/visual-preview'
  1 | import Link from "next/link";
  2 | import { ArrowUpRight } from "lucide-react";
> 3 | import { VisualPreview } from "@/components/portfolio/visual-preview";
    | ^^^^^^^^^^^^^^^^^^^^^^^^^^^^^^^^^^^^^^^^^^^^^^^^^^^^^^^^^^^^^^^^^^^^^^
  4 | import { competencies, projects, getCategoryLabel } from "@/lib/data";
  5 | import { getProjectCategorySections } from "@/lib/view-models/projects";
  6 |

Import map: aliased to relative './components/portfolio/visual-preview' inside of [project]/

https://nextjs.org/docs/messages/module-not-found @ http://127.0.0.1:3000/Portfolio-bts/_next/static/chunks/node_modules_next_dist_0u_w_5s._.js:1945
[  494251ms] [ERROR] ./app/veille/page.tsx:3:1
Module not found: Can't resolve '@/components/portfolio/visual-preview'
  1 | import Link from "next/link";
  2 | import { ArrowUpRight } from "lucide-react";
> 3 | import { VisualPreview } from "@/components/portfolio/visual-preview";
    | ^^^^^^^^^^^^^^^^^^^^^^^^^^^^^^^^^^^^^^^^^^^^^^^^^^^^^^^^^^^^^^^^^^^^^^
  4 | import { Badge } from "@/components/ui/badge";
  5 | import { watchEntries } from "@/lib/data";
  6 |

Import map: aliased to relative './components/portfolio/visual-preview' inside of [project]/

https://nextjs.org/docs/messages/module-not-found @ http://127.0.0.1:3000/Portfolio-bts/_next/static/chunks/node_modules_next_dist_0u_w_5s._.js:1945
[  494313ms] [ERROR] ./app/projets/page.tsx:3:1
Module not found: Can't resolve '@/components/portfolio/visual-preview'
  1 | import Link from "next/link";
  2 | import { ArrowUpRight } from "lucide-react";
> 3 | import { VisualPreview } from "@/components/portfolio/visual-preview";
    | ^^^^^^^^^^^^^^^^^^^^^^^^^^^^^^^^^^^^^^^^^^^^^^^^^^^^^^^^^^^^^^^^^^^^^^
  4 | import { competencies, projects, getCategoryLabel } from "@/lib/data";
  5 | import { getProjectCategorySections } from "@/lib/view-models/projects";
  6 |

Import map: aliased to relative './components/portfolio/visual-preview' inside of [project]/

https://nextjs.org/docs/messages/module-not-found @ http://127.0.0.1:3000/Portfolio-bts/_next/static/chunks/node_modules_next_dist_0u_w_5s._.js:1945
[  494314ms] [ERROR] ./app/veille/page.tsx:3:1
Module not found: Can't resolve '@/components/portfolio/visual-preview'
  1 | import Link from "next/link";
  2 | import { ArrowUpRight } from "lucide-react";
> 3 | import { VisualPreview } from "@/components/portfolio/visual-preview";
    | ^^^^^^^^^^^^^^^^^^^^^^^^^^^^^^^^^^^^^^^^^^^^^^^^^^^^^^^^^^^^^^^^^^^^^^
  4 | import { Badge } from "@/components/ui/badge";
  5 | import { watchEntries } from "@/lib/data";
  6 |

Import map: aliased to relative './components/portfolio/visual-preview' inside of [project]/

https://nextjs.org/docs/messages/module-not-found @ http://127.0.0.1:3000/Portfolio-bts/_next/static/chunks/node_modules_next_dist_0u_w_5s._.js:1945
[  494376ms] [ERROR] ./app/projets/page.tsx:3:1
Module not found: Can't resolve '@/components/portfolio/visual-preview'
  1 | import Link from "next/link";
  2 | import { ArrowUpRight } from "lucide-react";
> 3 | import { VisualPreview } from "@/components/portfolio/visual-preview";
    | ^^^^^^^^^^^^^^^^^^^^^^^^^^^^^^^^^^^^^^^^^^^^^^^^^^^^^^^^^^^^^^^^^^^^^^
  4 | import { competencies, projects, getCategoryLabel } from "@/lib/data";
  5 | import { getProjectCategorySections } from "@/lib/view-models/projects";
  6 |

Import map: aliased to relative './components/portfolio/visual-preview' inside of [project]/

https://nextjs.org/docs/messages/module-not-found @ http://127.0.0.1:3000/Portfolio-bts/_next/static/chunks/node_modules_next_dist_0u_w_5s._.js:1945
[  494376ms] [ERROR] ./app/veille/page.tsx:3:1
Module not found: Can't resolve '@/components/portfolio/visual-preview'
  1 | import Link from "next/link";
  2 | import { ArrowUpRight } from "lucide-react";
> 3 | import { VisualPreview } from "@/components/portfolio/visual-preview";
    | ^^^^^^^^^^^^^^^^^^^^^^^^^^^^^^^^^^^^^^^^^^^^^^^^^^^^^^^^^^^^^^^^^^^^^^
  4 | import { Badge } from "@/components/ui/badge";
  5 | import { watchEntries } from "@/lib/data";
  6 |

Import map: aliased to relative './components/portfolio/visual-preview' inside of [project]/

https://nextjs.org/docs/messages/module-not-found @ http://127.0.0.1:3000/Portfolio-bts/_next/static/chunks/node_modules_next_dist_0u_w_5s._.js:1945
[  494438ms] [ERROR] ./app/projets/page.tsx:3:1
Module not found: Can't resolve '@/components/portfolio/visual-preview'
  1 | import Link from "next/link";
  2 | import { ArrowUpRight } from "lucide-react";
> 3 | import { VisualPreview } from "@/components/portfolio/visual-preview";
    | ^^^^^^^^^^^^^^^^^^^^^^^^^^^^^^^^^^^^^^^^^^^^^^^^^^^^^^^^^^^^^^^^^^^^^^
  4 | import { competencies, projects, getCategoryLabel } from "@/lib/data";
  5 | import { getProjectCategorySections } from "@/lib/view-models/projects";
  6 |

Import map: aliased to relative './components/portfolio/visual-preview' inside of [project]/

https://nextjs.org/docs/messages/module-not-found @ http://127.0.0.1:3000/Portfolio-bts/_next/static/chunks/node_modules_next_dist_0u_w_5s._.js:1945
[  494438ms] [ERROR] ./app/veille/page.tsx:3:1
Module not found: Can't resolve '@/components/portfolio/visual-preview'
  1 | import Link from "next/link";
  2 | import { ArrowUpRight } from "lucide-react";
> 3 | import { VisualPreview } from "@/components/portfolio/visual-preview";
    | ^^^^^^^^^^^^^^^^^^^^^^^^^^^^^^^^^^^^^^^^^^^^^^^^^^^^^^^^^^^^^^^^^^^^^^
  4 | import { Badge } from "@/components/ui/badge";
  5 | import { watchEntries } from "@/lib/data";
  6 |

Import map: aliased to relative './components/portfolio/visual-preview' inside of [project]/

https://nextjs.org/docs/messages/module-not-found @ http://127.0.0.1:3000/Portfolio-bts/_next/static/chunks/node_modules_next_dist_0u_w_5s._.js:1945
[  494499ms] [ERROR] ./app/projets/page.tsx:3:1
Module not found: Can't resolve '@/components/portfolio/visual-preview'
  1 | import Link from "next/link";
  2 | import { ArrowUpRight } from "lucide-react";
> 3 | import { VisualPreview } from "@/components/portfolio/visual-preview";
    | ^^^^^^^^^^^^^^^^^^^^^^^^^^^^^^^^^^^^^^^^^^^^^^^^^^^^^^^^^^^^^^^^^^^^^^
  4 | import { competencies, projects, getCategoryLabel } from "@/lib/data";
  5 | import { getProjectCategorySections } from "@/lib/view-models/projects";
  6 |

Import map: aliased to relative './components/portfolio/visual-preview' inside of [project]/

https://nextjs.org/docs/messages/module-not-found @ http://127.0.0.1:3000/Portfolio-bts/_next/static/chunks/node_modules_next_dist_0u_w_5s._.js:1945
[  494499ms] [ERROR] ./app/veille/page.tsx:3:1
Module not found: Can't resolve '@/components/portfolio/visual-preview'
  1 | import Link from "next/link";
  2 | import { ArrowUpRight } from "lucide-react";
> 3 | import { VisualPreview } from "@/components/portfolio/visual-preview";
    | ^^^^^^^^^^^^^^^^^^^^^^^^^^^^^^^^^^^^^^^^^^^^^^^^^^^^^^^^^^^^^^^^^^^^^^
  4 | import { Badge } from "@/components/ui/badge";
  5 | import { watchEntries } from "@/lib/data";
  6 |

Import map: aliased to relative './components/portfolio/visual-preview' inside of [project]/

https://nextjs.org/docs/messages/module-not-found @ http://127.0.0.1:3000/Portfolio-bts/_next/static/chunks/node_modules_next_dist_0u_w_5s._.js:1945
[  494562ms] [ERROR] ./app/projets/page.tsx:3:1
Module not found: Can't resolve '@/components/portfolio/visual-preview'
  1 | import Link from "next/link";
  2 | import { ArrowUpRight } from "lucide-react";
> 3 | import { VisualPreview } from "@/components/portfolio/visual-preview";
    | ^^^^^^^^^^^^^^^^^^^^^^^^^^^^^^^^^^^^^^^^^^^^^^^^^^^^^^^^^^^^^^^^^^^^^^
  4 | import { competencies, projects, getCategoryLabel } from "@/lib/data";
  5 | import { getProjectCategorySections } from "@/lib/view-models/projects";
  6 |

Import map: aliased to relative './components/portfolio/visual-preview' inside of [project]/

https://nextjs.org/docs/messages/module-not-found @ http://127.0.0.1:3000/Portfolio-bts/_next/static/chunks/node_modules_next_dist_0u_w_5s._.js:1945
[  494562ms] [ERROR] ./app/veille/page.tsx:3:1
Module not found: Can't resolve '@/components/portfolio/visual-preview'
  1 | import Link from "next/link";
  2 | import { ArrowUpRight } from "lucide-react";
> 3 | import { VisualPreview } from "@/components/portfolio/visual-preview";
    | ^^^^^^^^^^^^^^^^^^^^^^^^^^^^^^^^^^^^^^^^^^^^^^^^^^^^^^^^^^^^^^^^^^^^^^
  4 | import { Badge } from "@/components/ui/badge";
  5 | import { watchEntries } from "@/lib/data";
  6 |

Import map: aliased to relative './components/portfolio/visual-preview' inside of [project]/

https://nextjs.org/docs/messages/module-not-found @ http://127.0.0.1:3000/Portfolio-bts/_next/static/chunks/node_modules_next_dist_0u_w_5s._.js:1945
[  494623ms] [ERROR] ./app/projets/page.tsx:3:1
Module not found: Can't resolve '@/components/portfolio/visual-preview'
  1 | import Link from "next/link";
  2 | import { ArrowUpRight } from "lucide-react";
> 3 | import { VisualPreview } from "@/components/portfolio/visual-preview";
    | ^^^^^^^^^^^^^^^^^^^^^^^^^^^^^^^^^^^^^^^^^^^^^^^^^^^^^^^^^^^^^^^^^^^^^^
  4 | import { competencies, projects, getCategoryLabel } from "@/lib/data";
  5 | import { getProjectCategorySections } from "@/lib/view-models/projects";
  6 |

Import map: aliased to relative './components/portfolio/visual-preview' inside of [project]/

https://nextjs.org/docs/messages/module-not-found @ http://127.0.0.1:3000/Portfolio-bts/_next/static/chunks/node_modules_next_dist_0u_w_5s._.js:1945
[  494624ms] [ERROR] ./app/veille/page.tsx:3:1
Module not found: Can't resolve '@/components/portfolio/visual-preview'
  1 | import Link from "next/link";
  2 | import { ArrowUpRight } from "lucide-react";
> 3 | import { VisualPreview } from "@/components/portfolio/visual-preview";
    | ^^^^^^^^^^^^^^^^^^^^^^^^^^^^^^^^^^^^^^^^^^^^^^^^^^^^^^^^^^^^^^^^^^^^^^
  4 | import { Badge } from "@/components/ui/badge";
  5 | import { watchEntries } from "@/lib/data";
  6 |

Import map: aliased to relative './components/portfolio/visual-preview' inside of [project]/

https://nextjs.org/docs/messages/module-not-found @ http://127.0.0.1:3000/Portfolio-bts/_next/static/chunks/node_modules_next_dist_0u_w_5s._.js:1945
[  494686ms] [ERROR] ./app/projets/page.tsx:3:1
Module not found: Can't resolve '@/components/portfolio/visual-preview'
  1 | import Link from "next/link";
  2 | import { ArrowUpRight } from "lucide-react";
> 3 | import { VisualPreview } from "@/components/portfolio/visual-preview";
    | ^^^^^^^^^^^^^^^^^^^^^^^^^^^^^^^^^^^^^^^^^^^^^^^^^^^^^^^^^^^^^^^^^^^^^^
  4 | import { competencies, projects, getCategoryLabel } from "@/lib/data";
  5 | import { getProjectCategorySections } from "@/lib/view-models/projects";
  6 |

Import map: aliased to relative './components/portfolio/visual-preview' inside of [project]/

https://nextjs.org/docs/messages/module-not-found @ http://127.0.0.1:3000/Portfolio-bts/_next/static/chunks/node_modules_next_dist_0u_w_5s._.js:1945
[  494686ms] [ERROR] ./app/veille/page.tsx:3:1
Module not found: Can't resolve '@/components/portfolio/visual-preview'
  1 | import Link from "next/link";
  2 | import { ArrowUpRight } from "lucide-react";
> 3 | import { VisualPreview } from "@/components/portfolio/visual-preview";
    | ^^^^^^^^^^^^^^^^^^^^^^^^^^^^^^^^^^^^^^^^^^^^^^^^^^^^^^^^^^^^^^^^^^^^^^
  4 | import { Badge } from "@/components/ui/badge";
  5 | import { watchEntries } from "@/lib/data";
  6 |

Import map: aliased to relative './components/portfolio/visual-preview' inside of [project]/

https://nextjs.org/docs/messages/module-not-found @ http://127.0.0.1:3000/Portfolio-bts/_next/static/chunks/node_modules_next_dist_0u_w_5s._.js:1945
[  494748ms] [ERROR] ./app/projets/page.tsx:3:1
Module not found: Can't resolve '@/components/portfolio/visual-preview'
  1 | import Link from "next/link";
  2 | import { ArrowUpRight } from "lucide-react";
> 3 | import { VisualPreview } from "@/components/portfolio/visual-preview";
    | ^^^^^^^^^^^^^^^^^^^^^^^^^^^^^^^^^^^^^^^^^^^^^^^^^^^^^^^^^^^^^^^^^^^^^^
  4 | import { competencies, projects, getCategoryLabel } from "@/lib/data";
  5 | import { getProjectCategorySections } from "@/lib/view-models/projects";
  6 |

Import map: aliased to relative './components/portfolio/visual-preview' inside of [project]/

https://nextjs.org/docs/messages/module-not-found @ http://127.0.0.1:3000/Portfolio-bts/_next/static/chunks/node_modules_next_dist_0u_w_5s._.js:1945
[  494748ms] [ERROR] ./app/veille/page.tsx:3:1
Module not found: Can't resolve '@/components/portfolio/visual-preview'
  1 | import Link from "next/link";
  2 | import { ArrowUpRight } from "lucide-react";
> 3 | import { VisualPreview } from "@/components/portfolio/visual-preview";
    | ^^^^^^^^^^^^^^^^^^^^^^^^^^^^^^^^^^^^^^^^^^^^^^^^^^^^^^^^^^^^^^^^^^^^^^
  4 | import { Badge } from "@/components/ui/badge";
  5 | import { watchEntries } from "@/lib/data";
  6 |

Import map: aliased to relative './components/portfolio/visual-preview' inside of [project]/

https://nextjs.org/docs/messages/module-not-found @ http://127.0.0.1:3000/Portfolio-bts/_next/static/chunks/node_modules_next_dist_0u_w_5s._.js:1945
[  494809ms] [ERROR] ./app/projets/page.tsx:3:1
Module not found: Can't resolve '@/components/portfolio/visual-preview'
  1 | import Link from "next/link";
  2 | import { ArrowUpRight } from "lucide-react";
> 3 | import { VisualPreview } from "@/components/portfolio/visual-preview";
    | ^^^^^^^^^^^^^^^^^^^^^^^^^^^^^^^^^^^^^^^^^^^^^^^^^^^^^^^^^^^^^^^^^^^^^^
  4 | import { competencies, projects, getCategoryLabel } from "@/lib/data";
  5 | import { getProjectCategorySections } from "@/lib/view-models/projects";
  6 |

Import map: aliased to relative './components/portfolio/visual-preview' inside of [project]/

https://nextjs.org/docs/messages/module-not-found @ http://127.0.0.1:3000/Portfolio-bts/_next/static/chunks/node_modules_next_dist_0u_w_5s._.js:1945
[  494810ms] [ERROR] ./app/veille/page.tsx:3:1
Module not found: Can't resolve '@/components/portfolio/visual-preview'
  1 | import Link from "next/link";
  2 | import { ArrowUpRight } from "lucide-react";
> 3 | import { VisualPreview } from "@/components/portfolio/visual-preview";
    | ^^^^^^^^^^^^^^^^^^^^^^^^^^^^^^^^^^^^^^^^^^^^^^^^^^^^^^^^^^^^^^^^^^^^^^
  4 | import { Badge } from "@/components/ui/badge";
  5 | import { watchEntries } from "@/lib/data";
  6 |

Import map: aliased to relative './components/portfolio/visual-preview' inside of [project]/

https://nextjs.org/docs/messages/module-not-found @ http://127.0.0.1:3000/Portfolio-bts/_next/static/chunks/node_modules_next_dist_0u_w_5s._.js:1945
[  494873ms] [ERROR] ./app/projets/page.tsx:3:1
Module not found: Can't resolve '@/components/portfolio/visual-preview'
  1 | import Link from "next/link";
  2 | import { ArrowUpRight } from "lucide-react";
> 3 | import { VisualPreview } from "@/components/portfolio/visual-preview";
    | ^^^^^^^^^^^^^^^^^^^^^^^^^^^^^^^^^^^^^^^^^^^^^^^^^^^^^^^^^^^^^^^^^^^^^^
  4 | import { competencies, projects, getCategoryLabel } from "@/lib/data";
  5 | import { getProjectCategorySections } from "@/lib/view-models/projects";
  6 |

Import map: aliased to relative './components/portfolio/visual-preview' inside of [project]/

https://nextjs.org/docs/messages/module-not-found @ http://127.0.0.1:3000/Portfolio-bts/_next/static/chunks/node_modules_next_dist_0u_w_5s._.js:1945
[  494873ms] [ERROR] ./app/veille/page.tsx:3:1
Module not found: Can't resolve '@/components/portfolio/visual-preview'
  1 | import Link from "next/link";
  2 | import { ArrowUpRight } from "lucide-react";
> 3 | import { VisualPreview } from "@/components/portfolio/visual-preview";
    | ^^^^^^^^^^^^^^^^^^^^^^^^^^^^^^^^^^^^^^^^^^^^^^^^^^^^^^^^^^^^^^^^^^^^^^
  4 | import { Badge } from "@/components/ui/badge";
  5 | import { watchEntries } from "@/lib/data";
  6 |

Import map: aliased to relative './components/portfolio/visual-preview' inside of [project]/

https://nextjs.org/docs/messages/module-not-found @ http://127.0.0.1:3000/Portfolio-bts/_next/static/chunks/node_modules_next_dist_0u_w_5s._.js:1945
[  494934ms] [ERROR] ./app/projets/page.tsx:3:1
Module not found: Can't resolve '@/components/portfolio/visual-preview'
  1 | import Link from "next/link";
  2 | import { ArrowUpRight } from "lucide-react";
> 3 | import { VisualPreview } from "@/components/portfolio/visual-preview";
    | ^^^^^^^^^^^^^^^^^^^^^^^^^^^^^^^^^^^^^^^^^^^^^^^^^^^^^^^^^^^^^^^^^^^^^^
  4 | import { competencies, projects, getCategoryLabel } from "@/lib/data";
  5 | import { getProjectCategorySections } from "@/lib/view-models/projects";
  6 |

Import map: aliased to relative './components/portfolio/visual-preview' inside of [project]/

https://nextjs.org/docs/messages/module-not-found @ http://127.0.0.1:3000/Portfolio-bts/_next/static/chunks/node_modules_next_dist_0u_w_5s._.js:1945
[  494934ms] [ERROR] ./app/veille/page.tsx:3:1
Module not found: Can't resolve '@/components/portfolio/visual-preview'
  1 | import Link from "next/link";
  2 | import { ArrowUpRight } from "lucide-react";
> 3 | import { VisualPreview } from "@/components/portfolio/visual-preview";
    | ^^^^^^^^^^^^^^^^^^^^^^^^^^^^^^^^^^^^^^^^^^^^^^^^^^^^^^^^^^^^^^^^^^^^^^
  4 | import { Badge } from "@/components/ui/badge";
  5 | import { watchEntries } from "@/lib/data";
  6 |

Import map: aliased to relative './components/portfolio/visual-preview' inside of [project]/

https://nextjs.org/docs/messages/module-not-found @ http://127.0.0.1:3000/Portfolio-bts/_next/static/chunks/node_modules_next_dist_0u_w_5s._.js:1945
[  494996ms] [ERROR] ./app/projets/page.tsx:3:1
Module not found: Can't resolve '@/components/portfolio/visual-preview'
  1 | import Link from "next/link";
  2 | import { ArrowUpRight } from "lucide-react";
> 3 | import { VisualPreview } from "@/components/portfolio/visual-preview";
    | ^^^^^^^^^^^^^^^^^^^^^^^^^^^^^^^^^^^^^^^^^^^^^^^^^^^^^^^^^^^^^^^^^^^^^^
  4 | import { competencies, projects, getCategoryLabel } from "@/lib/data";
  5 | import { getProjectCategorySections } from "@/lib/view-models/projects";
  6 |

Import map: aliased to relative './components/portfolio/visual-preview' inside of [project]/

https://nextjs.org/docs/messages/module-not-found @ http://127.0.0.1:3000/Portfolio-bts/_next/static/chunks/node_modules_next_dist_0u_w_5s._.js:1945
[  494996ms] [ERROR] ./app/veille/page.tsx:3:1
Module not found: Can't resolve '@/components/portfolio/visual-preview'
  1 | import Link from "next/link";
  2 | import { ArrowUpRight } from "lucide-react";
> 3 | import { VisualPreview } from "@/components/portfolio/visual-preview";
    | ^^^^^^^^^^^^^^^^^^^^^^^^^^^^^^^^^^^^^^^^^^^^^^^^^^^^^^^^^^^^^^^^^^^^^^
  4 | import { Badge } from "@/components/ui/badge";
  5 | import { watchEntries } from "@/lib/data";
  6 |

Import map: aliased to relative './components/portfolio/visual-preview' inside of [project]/

https://nextjs.org/docs/messages/module-not-found @ http://127.0.0.1:3000/Portfolio-bts/_next/static/chunks/node_modules_next_dist_0u_w_5s._.js:1945
[  495058ms] [ERROR] ./app/projets/page.tsx:3:1
Module not found: Can't resolve '@/components/portfolio/visual-preview'
  1 | import Link from "next/link";
  2 | import { ArrowUpRight } from "lucide-react";
> 3 | import { VisualPreview } from "@/components/portfolio/visual-preview";
    | ^^^^^^^^^^^^^^^^^^^^^^^^^^^^^^^^^^^^^^^^^^^^^^^^^^^^^^^^^^^^^^^^^^^^^^
  4 | import { competencies, projects, getCategoryLabel } from "@/lib/data";
  5 | import { getProjectCategorySections } from "@/lib/view-models/projects";
  6 |

Import map: aliased to relative './components/portfolio/visual-preview' inside of [project]/

https://nextjs.org/docs/messages/module-not-found @ http://127.0.0.1:3000/Portfolio-bts/_next/static/chunks/node_modules_next_dist_0u_w_5s._.js:1945
[  495058ms] [ERROR] ./app/veille/page.tsx:3:1
Module not found: Can't resolve '@/components/portfolio/visual-preview'
  1 | import Link from "next/link";
  2 | import { ArrowUpRight } from "lucide-react";
> 3 | import { VisualPreview } from "@/components/portfolio/visual-preview";
    | ^^^^^^^^^^^^^^^^^^^^^^^^^^^^^^^^^^^^^^^^^^^^^^^^^^^^^^^^^^^^^^^^^^^^^^
  4 | import { Badge } from "@/components/ui/badge";
  5 | import { watchEntries } from "@/lib/data";
  6 |

Import map: aliased to relative './components/portfolio/visual-preview' inside of [project]/

https://nextjs.org/docs/messages/module-not-found @ http://127.0.0.1:3000/Portfolio-bts/_next/static/chunks/node_modules_next_dist_0u_w_5s._.js:1945
[  495121ms] [ERROR] ./app/projets/page.tsx:3:1
Module not found: Can't resolve '@/components/portfolio/visual-preview'
  1 | import Link from "next/link";
  2 | import { ArrowUpRight } from "lucide-react";
> 3 | import { VisualPreview } from "@/components/portfolio/visual-preview";
    | ^^^^^^^^^^^^^^^^^^^^^^^^^^^^^^^^^^^^^^^^^^^^^^^^^^^^^^^^^^^^^^^^^^^^^^
  4 | import { competencies, projects, getCategoryLabel } from "@/lib/data";
  5 | import { getProjectCategorySections } from "@/lib/view-models/projects";
  6 |

Import map: aliased to relative './components/portfolio/visual-preview' inside of [project]/

https://nextjs.org/docs/messages/module-not-found @ http://127.0.0.1:3000/Portfolio-bts/_next/static/chunks/node_modules_next_dist_0u_w_5s._.js:1945
[  495121ms] [ERROR] ./app/veille/page.tsx:3:1
Module not found: Can't resolve '@/components/portfolio/visual-preview'
  1 | import Link from "next/link";
  2 | import { ArrowUpRight } from "lucide-react";
> 3 | import { VisualPreview } from "@/components/portfolio/visual-preview";
    | ^^^^^^^^^^^^^^^^^^^^^^^^^^^^^^^^^^^^^^^^^^^^^^^^^^^^^^^^^^^^^^^^^^^^^^
  4 | import { Badge } from "@/components/ui/badge";
  5 | import { watchEntries } from "@/lib/data";
  6 |

Import map: aliased to relative './components/portfolio/visual-preview' inside of [project]/

https://nextjs.org/docs/messages/module-not-found @ http://127.0.0.1:3000/Portfolio-bts/_next/static/chunks/node_modules_next_dist_0u_w_5s._.js:1945
[  495183ms] [ERROR] ./app/projets/page.tsx:3:1
Module not found: Can't resolve '@/components/portfolio/visual-preview'
  1 | import Link from "next/link";
  2 | import { ArrowUpRight } from "lucide-react";
> 3 | import { VisualPreview } from "@/components/portfolio/visual-preview";
    | ^^^^^^^^^^^^^^^^^^^^^^^^^^^^^^^^^^^^^^^^^^^^^^^^^^^^^^^^^^^^^^^^^^^^^^
  4 | import { competencies, projects, getCategoryLabel } from "@/lib/data";
  5 | import { getProjectCategorySections } from "@/lib/view-models/projects";
  6 |

Import map: aliased to relative './components/portfolio/visual-preview' inside of [project]/

https://nextjs.org/docs/messages/module-not-found @ http://127.0.0.1:3000/Portfolio-bts/_next/static/chunks/node_modules_next_dist_0u_w_5s._.js:1945
[  495183ms] [ERROR] ./app/veille/page.tsx:3:1
Module not found: Can't resolve '@/components/portfolio/visual-preview'
  1 | import Link from "next/link";
  2 | import { ArrowUpRight } from "lucide-react";
> 3 | import { VisualPreview } from "@/components/portfolio/visual-preview";
    | ^^^^^^^^^^^^^^^^^^^^^^^^^^^^^^^^^^^^^^^^^^^^^^^^^^^^^^^^^^^^^^^^^^^^^^
  4 | import { Badge } from "@/components/ui/badge";
  5 | import { watchEntries } from "@/lib/data";
  6 |

Import map: aliased to relative './components/portfolio/visual-preview' inside of [project]/

https://nextjs.org/docs/messages/module-not-found @ http://127.0.0.1:3000/Portfolio-bts/_next/static/chunks/node_modules_next_dist_0u_w_5s._.js:1945
[  495244ms] [ERROR] ./app/projets/page.tsx:3:1
Module not found: Can't resolve '@/components/portfolio/visual-preview'
  1 | import Link from "next/link";
  2 | import { ArrowUpRight } from "lucide-react";
> 3 | import { VisualPreview } from "@/components/portfolio/visual-preview";
    | ^^^^^^^^^^^^^^^^^^^^^^^^^^^^^^^^^^^^^^^^^^^^^^^^^^^^^^^^^^^^^^^^^^^^^^
  4 | import { competencies, projects, getCategoryLabel } from "@/lib/data";
  5 | import { getProjectCategorySections } from "@/lib/view-models/projects";
  6 |

Import map: aliased to relative './components/portfolio/visual-preview' inside of [project]/

https://nextjs.org/docs/messages/module-not-found @ http://127.0.0.1:3000/Portfolio-bts/_next/static/chunks/node_modules_next_dist_0u_w_5s._.js:1945
[  495244ms] [ERROR] ./app/veille/page.tsx:3:1
Module not found: Can't resolve '@/components/portfolio/visual-preview'
  1 | import Link from "next/link";
  2 | import { ArrowUpRight } from "lucide-react";
> 3 | import { VisualPreview } from "@/components/portfolio/visual-preview";
    | ^^^^^^^^^^^^^^^^^^^^^^^^^^^^^^^^^^^^^^^^^^^^^^^^^^^^^^^^^^^^^^^^^^^^^^
  4 | import { Badge } from "@/components/ui/badge";
  5 | import { watchEntries } from "@/lib/data";
  6 |

Import map: aliased to relative './components/portfolio/visual-preview' inside of [project]/

https://nextjs.org/docs/messages/module-not-found @ http://127.0.0.1:3000/Portfolio-bts/_next/static/chunks/node_modules_next_dist_0u_w_5s._.js:1945
[  495305ms] [ERROR] ./app/projets/page.tsx:3:1
Module not found: Can't resolve '@/components/portfolio/visual-preview'
  1 | import Link from "next/link";
  2 | import { ArrowUpRight } from "lucide-react";
> 3 | import { VisualPreview } from "@/components/portfolio/visual-preview";
    | ^^^^^^^^^^^^^^^^^^^^^^^^^^^^^^^^^^^^^^^^^^^^^^^^^^^^^^^^^^^^^^^^^^^^^^
  4 | import { competencies, projects, getCategoryLabel } from "@/lib/data";
  5 | import { getProjectCategorySections } from "@/lib/view-models/projects";
  6 |

Import map: aliased to relative './components/portfolio/visual-preview' inside of [project]/

https://nextjs.org/docs/messages/module-not-found @ http://127.0.0.1:3000/Portfolio-bts/_next/static/chunks/node_modules_next_dist_0u_w_5s._.js:1945
[  495305ms] [ERROR] ./app/veille/page.tsx:3:1
Module not found: Can't resolve '@/components/portfolio/visual-preview'
  1 | import Link from "next/link";
  2 | import { ArrowUpRight } from "lucide-react";
> 3 | import { VisualPreview } from "@/components/portfolio/visual-preview";
    | ^^^^^^^^^^^^^^^^^^^^^^^^^^^^^^^^^^^^^^^^^^^^^^^^^^^^^^^^^^^^^^^^^^^^^^
  4 | import { Badge } from "@/components/ui/badge";
  5 | import { watchEntries } from "@/lib/data";
  6 |

Import map: aliased to relative './components/portfolio/visual-preview' inside of [project]/

https://nextjs.org/docs/messages/module-not-found @ http://127.0.0.1:3000/Portfolio-bts/_next/static/chunks/node_modules_next_dist_0u_w_5s._.js:1945
[  495367ms] [ERROR] ./app/projets/page.tsx:3:1
Module not found: Can't resolve '@/components/portfolio/visual-preview'
  1 | import Link from "next/link";
  2 | import { ArrowUpRight } from "lucide-react";
> 3 | import { VisualPreview } from "@/components/portfolio/visual-preview";
    | ^^^^^^^^^^^^^^^^^^^^^^^^^^^^^^^^^^^^^^^^^^^^^^^^^^^^^^^^^^^^^^^^^^^^^^
  4 | import { competencies, projects, getCategoryLabel } from "@/lib/data";
  5 | import { getProjectCategorySections } from "@/lib/view-models/projects";
  6 |

Import map: aliased to relative './components/portfolio/visual-preview' inside of [project]/

https://nextjs.org/docs/messages/module-not-found @ http://127.0.0.1:3000/Portfolio-bts/_next/static/chunks/node_modules_next_dist_0u_w_5s._.js:1945
[  495368ms] [ERROR] ./app/veille/page.tsx:3:1
Module not found: Can't resolve '@/components/portfolio/visual-preview'
  1 | import Link from "next/link";
  2 | import { ArrowUpRight } from "lucide-react";
> 3 | import { VisualPreview } from "@/components/portfolio/visual-preview";
    | ^^^^^^^^^^^^^^^^^^^^^^^^^^^^^^^^^^^^^^^^^^^^^^^^^^^^^^^^^^^^^^^^^^^^^^
  4 | import { Badge } from "@/components/ui/badge";
  5 | import { watchEntries } from "@/lib/data";
  6 |

Import map: aliased to relative './components/portfolio/visual-preview' inside of [project]/

https://nextjs.org/docs/messages/module-not-found @ http://127.0.0.1:3000/Portfolio-bts/_next/static/chunks/node_modules_next_dist_0u_w_5s._.js:1945
[  495430ms] [ERROR] ./app/projets/page.tsx:3:1
Module not found: Can't resolve '@/components/portfolio/visual-preview'
  1 | import Link from "next/link";
  2 | import { ArrowUpRight } from "lucide-react";
> 3 | import { VisualPreview } from "@/components/portfolio/visual-preview";
    | ^^^^^^^^^^^^^^^^^^^^^^^^^^^^^^^^^^^^^^^^^^^^^^^^^^^^^^^^^^^^^^^^^^^^^^
  4 | import { competencies, projects, getCategoryLabel } from "@/lib/data";
  5 | import { getProjectCategorySections } from "@/lib/view-models/projects";
  6 |

Import map: aliased to relative './components/portfolio/visual-preview' inside of [project]/

https://nextjs.org/docs/messages/module-not-found @ http://127.0.0.1:3000/Portfolio-bts/_next/static/chunks/node_modules_next_dist_0u_w_5s._.js:1945
[  495430ms] [ERROR] ./app/veille/page.tsx:3:1
Module not found: Can't resolve '@/components/portfolio/visual-preview'
  1 | import Link from "next/link";
  2 | import { ArrowUpRight } from "lucide-react";
> 3 | import { VisualPreview } from "@/components/portfolio/visual-preview";
    | ^^^^^^^^^^^^^^^^^^^^^^^^^^^^^^^^^^^^^^^^^^^^^^^^^^^^^^^^^^^^^^^^^^^^^^
  4 | import { Badge } from "@/components/ui/badge";
  5 | import { watchEntries } from "@/lib/data";
  6 |

Import map: aliased to relative './components/portfolio/visual-preview' inside of [project]/

https://nextjs.org/docs/messages/module-not-found @ http://127.0.0.1:3000/Portfolio-bts/_next/static/chunks/node_modules_next_dist_0u_w_5s._.js:1945
[  495492ms] [ERROR] ./app/projets/page.tsx:3:1
Module not found: Can't resolve '@/components/portfolio/visual-preview'
  1 | import Link from "next/link";
  2 | import { ArrowUpRight } from "lucide-react";
> 3 | import { VisualPreview } from "@/components/portfolio/visual-preview";
    | ^^^^^^^^^^^^^^^^^^^^^^^^^^^^^^^^^^^^^^^^^^^^^^^^^^^^^^^^^^^^^^^^^^^^^^
  4 | import { competencies, projects, getCategoryLabel } from "@/lib/data";
  5 | import { getProjectCategorySections } from "@/lib/view-models/projects";
  6 |

Import map: aliased to relative './components/portfolio/visual-preview' inside of [project]/

https://nextjs.org/docs/messages/module-not-found @ http://127.0.0.1:3000/Portfolio-bts/_next/static/chunks/node_modules_next_dist_0u_w_5s._.js:1945
[  495493ms] [ERROR] ./app/veille/page.tsx:3:1
Module not found: Can't resolve '@/components/portfolio/visual-preview'
  1 | import Link from "next/link";
  2 | import { ArrowUpRight } from "lucide-react";
> 3 | import { VisualPreview } from "@/components/portfolio/visual-preview";
    | ^^^^^^^^^^^^^^^^^^^^^^^^^^^^^^^^^^^^^^^^^^^^^^^^^^^^^^^^^^^^^^^^^^^^^^
  4 | import { Badge } from "@/components/ui/badge";
  5 | import { watchEntries } from "@/lib/data";
  6 |

Import map: aliased to relative './components/portfolio/visual-preview' inside of [project]/

https://nextjs.org/docs/messages/module-not-found @ http://127.0.0.1:3000/Portfolio-bts/_next/static/chunks/node_modules_next_dist_0u_w_5s._.js:1945
[  495556ms] [ERROR] ./app/projets/page.tsx:3:1
Module not found: Can't resolve '@/components/portfolio/visual-preview'
  1 | import Link from "next/link";
  2 | import { ArrowUpRight } from "lucide-react";
> 3 | import { VisualPreview } from "@/components/portfolio/visual-preview";
    | ^^^^^^^^^^^^^^^^^^^^^^^^^^^^^^^^^^^^^^^^^^^^^^^^^^^^^^^^^^^^^^^^^^^^^^
  4 | import { competencies, projects, getCategoryLabel } from "@/lib/data";
  5 | import { getProjectCategorySections } from "@/lib/view-models/projects";
  6 |

Import map: aliased to relative './components/portfolio/visual-preview' inside of [project]/

https://nextjs.org/docs/messages/module-not-found @ http://127.0.0.1:3000/Portfolio-bts/_next/static/chunks/node_modules_next_dist_0u_w_5s._.js:1945
[  495556ms] [ERROR] ./app/veille/page.tsx:3:1
Module not found: Can't resolve '@/components/portfolio/visual-preview'
  1 | import Link from "next/link";
  2 | import { ArrowUpRight } from "lucide-react";
> 3 | import { VisualPreview } from "@/components/portfolio/visual-preview";
    | ^^^^^^^^^^^^^^^^^^^^^^^^^^^^^^^^^^^^^^^^^^^^^^^^^^^^^^^^^^^^^^^^^^^^^^
  4 | import { Badge } from "@/components/ui/badge";
  5 | import { watchEntries } from "@/lib/data";
  6 |

Import map: aliased to relative './components/portfolio/visual-preview' inside of [project]/

https://nextjs.org/docs/messages/module-not-found @ http://127.0.0.1:3000/Portfolio-bts/_next/static/chunks/node_modules_next_dist_0u_w_5s._.js:1945
[  495616ms] [ERROR] ./app/projets/page.tsx:3:1
Module not found: Can't resolve '@/components/portfolio/visual-preview'
  1 | import Link from "next/link";
  2 | import { ArrowUpRight } from "lucide-react";
> 3 | import { VisualPreview } from "@/components/portfolio/visual-preview";
    | ^^^^^^^^^^^^^^^^^^^^^^^^^^^^^^^^^^^^^^^^^^^^^^^^^^^^^^^^^^^^^^^^^^^^^^
  4 | import { competencies, projects, getCategoryLabel } from "@/lib/data";
  5 | import { getProjectCategorySections } from "@/lib/view-models/projects";
  6 |

Import map: aliased to relative './components/portfolio/visual-preview' inside of [project]/

https://nextjs.org/docs/messages/module-not-found @ http://127.0.0.1:3000/Portfolio-bts/_next/static/chunks/node_modules_next_dist_0u_w_5s._.js:1945
[  495616ms] [ERROR] ./app/veille/page.tsx:3:1
Module not found: Can't resolve '@/components/portfolio/visual-preview'
  1 | import Link from "next/link";
  2 | import { ArrowUpRight } from "lucide-react";
> 3 | import { VisualPreview } from "@/components/portfolio/visual-preview";
    | ^^^^^^^^^^^^^^^^^^^^^^^^^^^^^^^^^^^^^^^^^^^^^^^^^^^^^^^^^^^^^^^^^^^^^^
  4 | import { Badge } from "@/components/ui/badge";
  5 | import { watchEntries } from "@/lib/data";
  6 |

Import map: aliased to relative './components/portfolio/visual-preview' inside of [project]/

https://nextjs.org/docs/messages/module-not-found @ http://127.0.0.1:3000/Portfolio-bts/_next/static/chunks/node_modules_next_dist_0u_w_5s._.js:1945
[  495678ms] [ERROR] ./app/projets/page.tsx:3:1
Module not found: Can't resolve '@/components/portfolio/visual-preview'
  1 | import Link from "next/link";
  2 | import { ArrowUpRight } from "lucide-react";
> 3 | import { VisualPreview } from "@/components/portfolio/visual-preview";
    | ^^^^^^^^^^^^^^^^^^^^^^^^^^^^^^^^^^^^^^^^^^^^^^^^^^^^^^^^^^^^^^^^^^^^^^
  4 | import { competencies, projects, getCategoryLabel } from "@/lib/data";
  5 | import { getProjectCategorySections } from "@/lib/view-models/projects";
  6 |

Import map: aliased to relative './components/portfolio/visual-preview' inside of [project]/

https://nextjs.org/docs/messages/module-not-found @ http://127.0.0.1:3000/Portfolio-bts/_next/static/chunks/node_modules_next_dist_0u_w_5s._.js:1945
[  495678ms] [ERROR] ./app/veille/page.tsx:3:1
Module not found: Can't resolve '@/components/portfolio/visual-preview'
  1 | import Link from "next/link";
  2 | import { ArrowUpRight } from "lucide-react";
> 3 | import { VisualPreview } from "@/components/portfolio/visual-preview";
    | ^^^^^^^^^^^^^^^^^^^^^^^^^^^^^^^^^^^^^^^^^^^^^^^^^^^^^^^^^^^^^^^^^^^^^^
  4 | import { Badge } from "@/components/ui/badge";
  5 | import { watchEntries } from "@/lib/data";
  6 |

Import map: aliased to relative './components/portfolio/visual-preview' inside of [project]/

https://nextjs.org/docs/messages/module-not-found @ http://127.0.0.1:3000/Portfolio-bts/_next/static/chunks/node_modules_next_dist_0u_w_5s._.js:1945
[  495741ms] [ERROR] ./app/projets/page.tsx:3:1
Module not found: Can't resolve '@/components/portfolio/visual-preview'
  1 | import Link from "next/link";
  2 | import { ArrowUpRight } from "lucide-react";
> 3 | import { VisualPreview } from "@/components/portfolio/visual-preview";
    | ^^^^^^^^^^^^^^^^^^^^^^^^^^^^^^^^^^^^^^^^^^^^^^^^^^^^^^^^^^^^^^^^^^^^^^
  4 | import { competencies, projects, getCategoryLabel } from "@/lib/data";
  5 | import { getProjectCategorySections } from "@/lib/view-models/projects";
  6 |

Import map: aliased to relative './components/portfolio/visual-preview' inside of [project]/

https://nextjs.org/docs/messages/module-not-found @ http://127.0.0.1:3000/Portfolio-bts/_next/static/chunks/node_modules_next_dist_0u_w_5s._.js:1945
[  495742ms] [ERROR] ./app/veille/page.tsx:3:1
Module not found: Can't resolve '@/components/portfolio/visual-preview'
  1 | import Link from "next/link";
  2 | import { ArrowUpRight } from "lucide-react";
> 3 | import { VisualPreview } from "@/components/portfolio/visual-preview";
    | ^^^^^^^^^^^^^^^^^^^^^^^^^^^^^^^^^^^^^^^^^^^^^^^^^^^^^^^^^^^^^^^^^^^^^^
  4 | import { Badge } from "@/components/ui/badge";
  5 | import { watchEntries } from "@/lib/data";
  6 |

Import map: aliased to relative './components/portfolio/visual-preview' inside of [project]/

https://nextjs.org/docs/messages/module-not-found @ http://127.0.0.1:3000/Portfolio-bts/_next/static/chunks/node_modules_next_dist_0u_w_5s._.js:1945
[  495803ms] [ERROR] ./app/projets/page.tsx:3:1
Module not found: Can't resolve '@/components/portfolio/visual-preview'
  1 | import Link from "next/link";
  2 | import { ArrowUpRight } from "lucide-react";
> 3 | import { VisualPreview } from "@/components/portfolio/visual-preview";
    | ^^^^^^^^^^^^^^^^^^^^^^^^^^^^^^^^^^^^^^^^^^^^^^^^^^^^^^^^^^^^^^^^^^^^^^
  4 | import { competencies, projects, getCategoryLabel } from "@/lib/data";
  5 | import { getProjectCategorySections } from "@/lib/view-models/projects";
  6 |

Import map: aliased to relative './components/portfolio/visual-preview' inside of [project]/

https://nextjs.org/docs/messages/module-not-found @ http://127.0.0.1:3000/Portfolio-bts/_next/static/chunks/node_modules_next_dist_0u_w_5s._.js:1945
[  495804ms] [ERROR] ./app/veille/page.tsx:3:1
Module not found: Can't resolve '@/components/portfolio/visual-preview'
  1 | import Link from "next/link";
  2 | import { ArrowUpRight } from "lucide-react";
> 3 | import { VisualPreview } from "@/components/portfolio/visual-preview";
    | ^^^^^^^^^^^^^^^^^^^^^^^^^^^^^^^^^^^^^^^^^^^^^^^^^^^^^^^^^^^^^^^^^^^^^^
  4 | import { Badge } from "@/components/ui/badge";
  5 | import { watchEntries } from "@/lib/data";
  6 |

Import map: aliased to relative './components/portfolio/visual-preview' inside of [project]/

https://nextjs.org/docs/messages/module-not-found @ http://127.0.0.1:3000/Portfolio-bts/_next/static/chunks/node_modules_next_dist_0u_w_5s._.js:1945
[  495866ms] [ERROR] ./app/projets/page.tsx:3:1
Module not found: Can't resolve '@/components/portfolio/visual-preview'
  1 | import Link from "next/link";
  2 | import { ArrowUpRight } from "lucide-react";
> 3 | import { VisualPreview } from "@/components/portfolio/visual-preview";
    | ^^^^^^^^^^^^^^^^^^^^^^^^^^^^^^^^^^^^^^^^^^^^^^^^^^^^^^^^^^^^^^^^^^^^^^
  4 | import { competencies, projects, getCategoryLabel } from "@/lib/data";
  5 | import { getProjectCategorySections } from "@/lib/view-models/projects";
  6 |

Import map: aliased to relative './components/portfolio/visual-preview' inside of [project]/

https://nextjs.org/docs/messages/module-not-found @ http://127.0.0.1:3000/Portfolio-bts/_next/static/chunks/node_modules_next_dist_0u_w_5s._.js:1945
[  495866ms] [ERROR] ./app/veille/page.tsx:3:1
Module not found: Can't resolve '@/components/portfolio/visual-preview'
  1 | import Link from "next/link";
  2 | import { ArrowUpRight } from "lucide-react";
> 3 | import { VisualPreview } from "@/components/portfolio/visual-preview";
    | ^^^^^^^^^^^^^^^^^^^^^^^^^^^^^^^^^^^^^^^^^^^^^^^^^^^^^^^^^^^^^^^^^^^^^^
  4 | import { Badge } from "@/components/ui/badge";
  5 | import { watchEntries } from "@/lib/data";
  6 |

Import map: aliased to relative './components/portfolio/visual-preview' inside of [project]/

https://nextjs.org/docs/messages/module-not-found @ http://127.0.0.1:3000/Portfolio-bts/_next/static/chunks/node_modules_next_dist_0u_w_5s._.js:1945
[  495927ms] [ERROR] ./app/projets/page.tsx:3:1
Module not found: Can't resolve '@/components/portfolio/visual-preview'
  1 | import Link from "next/link";
  2 | import { ArrowUpRight } from "lucide-react";
> 3 | import { VisualPreview } from "@/components/portfolio/visual-preview";
    | ^^^^^^^^^^^^^^^^^^^^^^^^^^^^^^^^^^^^^^^^^^^^^^^^^^^^^^^^^^^^^^^^^^^^^^
  4 | import { competencies, projects, getCategoryLabel } from "@/lib/data";
  5 | import { getProjectCategorySections } from "@/lib/view-models/projects";
  6 |

Import map: aliased to relative './components/portfolio/visual-preview' inside of [project]/

https://nextjs.org/docs/messages/module-not-found @ http://127.0.0.1:3000/Portfolio-bts/_next/static/chunks/node_modules_next_dist_0u_w_5s._.js:1945
[  495927ms] [ERROR] ./app/veille/page.tsx:3:1
Module not found: Can't resolve '@/components/portfolio/visual-preview'
  1 | import Link from "next/link";
  2 | import { ArrowUpRight } from "lucide-react";
> 3 | import { VisualPreview } from "@/components/portfolio/visual-preview";
    | ^^^^^^^^^^^^^^^^^^^^^^^^^^^^^^^^^^^^^^^^^^^^^^^^^^^^^^^^^^^^^^^^^^^^^^
  4 | import { Badge } from "@/components/ui/badge";
  5 | import { watchEntries } from "@/lib/data";
  6 |

Import map: aliased to relative './components/portfolio/visual-preview' inside of [project]/

https://nextjs.org/docs/messages/module-not-found @ http://127.0.0.1:3000/Portfolio-bts/_next/static/chunks/node_modules_next_dist_0u_w_5s._.js:1945
[  495990ms] [ERROR] ./app/projets/page.tsx:3:1
Module not found: Can't resolve '@/components/portfolio/visual-preview'
  1 | import Link from "next/link";
  2 | import { ArrowUpRight } from "lucide-react";
> 3 | import { VisualPreview } from "@/components/portfolio/visual-preview";
    | ^^^^^^^^^^^^^^^^^^^^^^^^^^^^^^^^^^^^^^^^^^^^^^^^^^^^^^^^^^^^^^^^^^^^^^
  4 | import { competencies, projects, getCategoryLabel } from "@/lib/data";
  5 | import { getProjectCategorySections } from "@/lib/view-models/projects";
  6 |

Import map: aliased to relative './components/portfolio/visual-preview' inside of [project]/

https://nextjs.org/docs/messages/module-not-found @ http://127.0.0.1:3000/Portfolio-bts/_next/static/chunks/node_modules_next_dist_0u_w_5s._.js:1945
[  495990ms] [ERROR] ./app/veille/page.tsx:3:1
Module not found: Can't resolve '@/components/portfolio/visual-preview'
  1 | import Link from "next/link";
  2 | import { ArrowUpRight } from "lucide-react";
> 3 | import { VisualPreview } from "@/components/portfolio/visual-preview";
    | ^^^^^^^^^^^^^^^^^^^^^^^^^^^^^^^^^^^^^^^^^^^^^^^^^^^^^^^^^^^^^^^^^^^^^^
  4 | import { Badge } from "@/components/ui/badge";
  5 | import { watchEntries } from "@/lib/data";
  6 |

Import map: aliased to relative './components/portfolio/visual-preview' inside of [project]/

https://nextjs.org/docs/messages/module-not-found @ http://127.0.0.1:3000/Portfolio-bts/_next/static/chunks/node_modules_next_dist_0u_w_5s._.js:1945
[  496052ms] [ERROR] ./app/projets/page.tsx:3:1
Module not found: Can't resolve '@/components/portfolio/visual-preview'
  1 | import Link from "next/link";
  2 | import { ArrowUpRight } from "lucide-react";
> 3 | import { VisualPreview } from "@/components/portfolio/visual-preview";
    | ^^^^^^^^^^^^^^^^^^^^^^^^^^^^^^^^^^^^^^^^^^^^^^^^^^^^^^^^^^^^^^^^^^^^^^
  4 | import { competencies, projects, getCategoryLabel } from "@/lib/data";
  5 | import { getProjectCategorySections } from "@/lib/view-models/projects";
  6 |

Import map: aliased to relative './components/portfolio/visual-preview' inside of [project]/

https://nextjs.org/docs/messages/module-not-found @ http://127.0.0.1:3000/Portfolio-bts/_next/static/chunks/node_modules_next_dist_0u_w_5s._.js:1945
[  496053ms] [ERROR] ./app/veille/page.tsx:3:1
Module not found: Can't resolve '@/components/portfolio/visual-preview'
  1 | import Link from "next/link";
  2 | import { ArrowUpRight } from "lucide-react";
> 3 | import { VisualPreview } from "@/components/portfolio/visual-preview";
    | ^^^^^^^^^^^^^^^^^^^^^^^^^^^^^^^^^^^^^^^^^^^^^^^^^^^^^^^^^^^^^^^^^^^^^^
  4 | import { Badge } from "@/components/ui/badge";
  5 | import { watchEntries } from "@/lib/data";
  6 |

Import map: aliased to relative './components/portfolio/visual-preview' inside of [project]/

https://nextjs.org/docs/messages/module-not-found @ http://127.0.0.1:3000/Portfolio-bts/_next/static/chunks/node_modules_next_dist_0u_w_5s._.js:1945
[  496115ms] [ERROR] ./app/projets/page.tsx:3:1
Module not found: Can't resolve '@/components/portfolio/visual-preview'
  1 | import Link from "next/link";
  2 | import { ArrowUpRight } from "lucide-react";
> 3 | import { VisualPreview } from "@/components/portfolio/visual-preview";
    | ^^^^^^^^^^^^^^^^^^^^^^^^^^^^^^^^^^^^^^^^^^^^^^^^^^^^^^^^^^^^^^^^^^^^^^
  4 | import { competencies, projects, getCategoryLabel } from "@/lib/data";
  5 | import { getProjectCategorySections } from "@/lib/view-models/projects";
  6 |

Import map: aliased to relative './components/portfolio/visual-preview' inside of [project]/

https://nextjs.org/docs/messages/module-not-found @ http://127.0.0.1:3000/Portfolio-bts/_next/static/chunks/node_modules_next_dist_0u_w_5s._.js:1945
[  496115ms] [ERROR] ./app/veille/page.tsx:3:1
Module not found: Can't resolve '@/components/portfolio/visual-preview'
  1 | import Link from "next/link";
  2 | import { ArrowUpRight } from "lucide-react";
> 3 | import { VisualPreview } from "@/components/portfolio/visual-preview";
    | ^^^^^^^^^^^^^^^^^^^^^^^^^^^^^^^^^^^^^^^^^^^^^^^^^^^^^^^^^^^^^^^^^^^^^^
  4 | import { Badge } from "@/components/ui/badge";
  5 | import { watchEntries } from "@/lib/data";
  6 |

Import map: aliased to relative './components/portfolio/visual-preview' inside of [project]/

https://nextjs.org/docs/messages/module-not-found @ http://127.0.0.1:3000/Portfolio-bts/_next/static/chunks/node_modules_next_dist_0u_w_5s._.js:1945
[  496176ms] [ERROR] ./app/projets/page.tsx:3:1
Module not found: Can't resolve '@/components/portfolio/visual-preview'
  1 | import Link from "next/link";
  2 | import { ArrowUpRight } from "lucide-react";
> 3 | import { VisualPreview } from "@/components/portfolio/visual-preview";
    | ^^^^^^^^^^^^^^^^^^^^^^^^^^^^^^^^^^^^^^^^^^^^^^^^^^^^^^^^^^^^^^^^^^^^^^
  4 | import { competencies, projects, getCategoryLabel } from "@/lib/data";
  5 | import { getProjectCategorySections } from "@/lib/view-models/projects";
  6 |

Import map: aliased to relative './components/portfolio/visual-preview' inside of [project]/

https://nextjs.org/docs/messages/module-not-found @ http://127.0.0.1:3000/Portfolio-bts/_next/static/chunks/node_modules_next_dist_0u_w_5s._.js:1945
[  496176ms] [ERROR] ./app/veille/page.tsx:3:1
Module not found: Can't resolve '@/components/portfolio/visual-preview'
  1 | import Link from "next/link";
  2 | import { ArrowUpRight } from "lucide-react";
> 3 | import { VisualPreview } from "@/components/portfolio/visual-preview";
    | ^^^^^^^^^^^^^^^^^^^^^^^^^^^^^^^^^^^^^^^^^^^^^^^^^^^^^^^^^^^^^^^^^^^^^^
  4 | import { Badge } from "@/components/ui/badge";
  5 | import { watchEntries } from "@/lib/data";
  6 |

Import map: aliased to relative './components/portfolio/visual-preview' inside of [project]/

https://nextjs.org/docs/messages/module-not-found @ http://127.0.0.1:3000/Portfolio-bts/_next/static/chunks/node_modules_next_dist_0u_w_5s._.js:1945
[  496239ms] [ERROR] ./app/projets/page.tsx:3:1
Module not found: Can't resolve '@/components/portfolio/visual-preview'
  1 | import Link from "next/link";
  2 | import { ArrowUpRight } from "lucide-react";
> 3 | import { VisualPreview } from "@/components/portfolio/visual-preview";
    | ^^^^^^^^^^^^^^^^^^^^^^^^^^^^^^^^^^^^^^^^^^^^^^^^^^^^^^^^^^^^^^^^^^^^^^
  4 | import { competencies, projects, getCategoryLabel } from "@/lib/data";
  5 | import { getProjectCategorySections } from "@/lib/view-models/projects";
  6 |

Import map: aliased to relative './components/portfolio/visual-preview' inside of [project]/

https://nextjs.org/docs/messages/module-not-found @ http://127.0.0.1:3000/Portfolio-bts/_next/static/chunks/node_modules_next_dist_0u_w_5s._.js:1945
[  496239ms] [ERROR] ./app/veille/page.tsx:3:1
Module not found: Can't resolve '@/components/portfolio/visual-preview'
  1 | import Link from "next/link";
  2 | import { ArrowUpRight } from "lucide-react";
> 3 | import { VisualPreview } from "@/components/portfolio/visual-preview";
    | ^^^^^^^^^^^^^^^^^^^^^^^^^^^^^^^^^^^^^^^^^^^^^^^^^^^^^^^^^^^^^^^^^^^^^^
  4 | import { Badge } from "@/components/ui/badge";
  5 | import { watchEntries } from "@/lib/data";
  6 |

Import map: aliased to relative './components/portfolio/visual-preview' inside of [project]/

https://nextjs.org/docs/messages/module-not-found @ http://127.0.0.1:3000/Portfolio-bts/_next/static/chunks/node_modules_next_dist_0u_w_5s._.js:1945
[  496301ms] [ERROR] ./app/projets/page.tsx:3:1
Module not found: Can't resolve '@/components/portfolio/visual-preview'
  1 | import Link from "next/link";
  2 | import { ArrowUpRight } from "lucide-react";
> 3 | import { VisualPreview } from "@/components/portfolio/visual-preview";
    | ^^^^^^^^^^^^^^^^^^^^^^^^^^^^^^^^^^^^^^^^^^^^^^^^^^^^^^^^^^^^^^^^^^^^^^
  4 | import { competencies, projects, getCategoryLabel } from "@/lib/data";
  5 | import { getProjectCategorySections } from "@/lib/view-models/projects";
  6 |

Import map: aliased to relative './components/portfolio/visual-preview' inside of [project]/

https://nextjs.org/docs/messages/module-not-found @ http://127.0.0.1:3000/Portfolio-bts/_next/static/chunks/node_modules_next_dist_0u_w_5s._.js:1945
[  496302ms] [ERROR] ./app/veille/page.tsx:3:1
Module not found: Can't resolve '@/components/portfolio/visual-preview'
  1 | import Link from "next/link";
  2 | import { ArrowUpRight } from "lucide-react";
> 3 | import { VisualPreview } from "@/components/portfolio/visual-preview";
    | ^^^^^^^^^^^^^^^^^^^^^^^^^^^^^^^^^^^^^^^^^^^^^^^^^^^^^^^^^^^^^^^^^^^^^^
  4 | import { Badge } from "@/components/ui/badge";
  5 | import { watchEntries } from "@/lib/data";
  6 |

Import map: aliased to relative './components/portfolio/visual-preview' inside of [project]/

https://nextjs.org/docs/messages/module-not-found @ http://127.0.0.1:3000/Portfolio-bts/_next/static/chunks/node_modules_next_dist_0u_w_5s._.js:1945
[  496364ms] [ERROR] ./app/projets/page.tsx:3:1
Module not found: Can't resolve '@/components/portfolio/visual-preview'
  1 | import Link from "next/link";
  2 | import { ArrowUpRight } from "lucide-react";
> 3 | import { VisualPreview } from "@/components/portfolio/visual-preview";
    | ^^^^^^^^^^^^^^^^^^^^^^^^^^^^^^^^^^^^^^^^^^^^^^^^^^^^^^^^^^^^^^^^^^^^^^
  4 | import { competencies, projects, getCategoryLabel } from "@/lib/data";
  5 | import { getProjectCategorySections } from "@/lib/view-models/projects";
  6 |

Import map: aliased to relative './components/portfolio/visual-preview' inside of [project]/

https://nextjs.org/docs/messages/module-not-found @ http://127.0.0.1:3000/Portfolio-bts/_next/static/chunks/node_modules_next_dist_0u_w_5s._.js:1945
[  496364ms] [ERROR] ./app/veille/page.tsx:3:1
Module not found: Can't resolve '@/components/portfolio/visual-preview'
  1 | import Link from "next/link";
  2 | import { ArrowUpRight } from "lucide-react";
> 3 | import { VisualPreview } from "@/components/portfolio/visual-preview";
    | ^^^^^^^^^^^^^^^^^^^^^^^^^^^^^^^^^^^^^^^^^^^^^^^^^^^^^^^^^^^^^^^^^^^^^^
  4 | import { Badge } from "@/components/ui/badge";
  5 | import { watchEntries } from "@/lib/data";
  6 |

Import map: aliased to relative './components/portfolio/visual-preview' inside of [project]/

https://nextjs.org/docs/messages/module-not-found @ http://127.0.0.1:3000/Portfolio-bts/_next/static/chunks/node_modules_next_dist_0u_w_5s._.js:1945
[  496426ms] [ERROR] ./app/projets/page.tsx:3:1
Module not found: Can't resolve '@/components/portfolio/visual-preview'
  1 | import Link from "next/link";
  2 | import { ArrowUpRight } from "lucide-react";
> 3 | import { VisualPreview } from "@/components/portfolio/visual-preview";
    | ^^^^^^^^^^^^^^^^^^^^^^^^^^^^^^^^^^^^^^^^^^^^^^^^^^^^^^^^^^^^^^^^^^^^^^
  4 | import { competencies, projects, getCategoryLabel } from "@/lib/data";
  5 | import { getProjectCategorySections } from "@/lib/view-models/projects";
  6 |

Import map: aliased to relative './components/portfolio/visual-preview' inside of [project]/

https://nextjs.org/docs/messages/module-not-found @ http://127.0.0.1:3000/Portfolio-bts/_next/static/chunks/node_modules_next_dist_0u_w_5s._.js:1945
[  496426ms] [ERROR] ./app/veille/page.tsx:3:1
Module not found: Can't resolve '@/components/portfolio/visual-preview'
  1 | import Link from "next/link";
  2 | import { ArrowUpRight } from "lucide-react";
> 3 | import { VisualPreview } from "@/components/portfolio/visual-preview";
    | ^^^^^^^^^^^^^^^^^^^^^^^^^^^^^^^^^^^^^^^^^^^^^^^^^^^^^^^^^^^^^^^^^^^^^^
  4 | import { Badge } from "@/components/ui/badge";
  5 | import { watchEntries } from "@/lib/data";
  6 |

Import map: aliased to relative './components/portfolio/visual-preview' inside of [project]/

https://nextjs.org/docs/messages/module-not-found @ http://127.0.0.1:3000/Portfolio-bts/_next/static/chunks/node_modules_next_dist_0u_w_5s._.js:1945
[  496488ms] [ERROR] ./app/projets/page.tsx:3:1
Module not found: Can't resolve '@/components/portfolio/visual-preview'
  1 | import Link from "next/link";
  2 | import { ArrowUpRight } from "lucide-react";
> 3 | import { VisualPreview } from "@/components/portfolio/visual-preview";
    | ^^^^^^^^^^^^^^^^^^^^^^^^^^^^^^^^^^^^^^^^^^^^^^^^^^^^^^^^^^^^^^^^^^^^^^
  4 | import { competencies, projects, getCategoryLabel } from "@/lib/data";
  5 | import { getProjectCategorySections } from "@/lib/view-models/projects";
  6 |

Import map: aliased to relative './components/portfolio/visual-preview' inside of [project]/

https://nextjs.org/docs/messages/module-not-found @ http://127.0.0.1:3000/Portfolio-bts/_next/static/chunks/node_modules_next_dist_0u_w_5s._.js:1945
[  496489ms] [ERROR] ./app/veille/page.tsx:3:1
Module not found: Can't resolve '@/components/portfolio/visual-preview'
  1 | import Link from "next/link";
  2 | import { ArrowUpRight } from "lucide-react";
> 3 | import { VisualPreview } from "@/components/portfolio/visual-preview";
    | ^^^^^^^^^^^^^^^^^^^^^^^^^^^^^^^^^^^^^^^^^^^^^^^^^^^^^^^^^^^^^^^^^^^^^^
  4 | import { Badge } from "@/components/ui/badge";
  5 | import { watchEntries } from "@/lib/data";
  6 |

Import map: aliased to relative './components/portfolio/visual-preview' inside of [project]/

https://nextjs.org/docs/messages/module-not-found @ http://127.0.0.1:3000/Portfolio-bts/_next/static/chunks/node_modules_next_dist_0u_w_5s._.js:1945
[  496551ms] [ERROR] ./app/projets/page.tsx:3:1
Module not found: Can't resolve '@/components/portfolio/visual-preview'
  1 | import Link from "next/link";
  2 | import { ArrowUpRight } from "lucide-react";
> 3 | import { VisualPreview } from "@/components/portfolio/visual-preview";
    | ^^^^^^^^^^^^^^^^^^^^^^^^^^^^^^^^^^^^^^^^^^^^^^^^^^^^^^^^^^^^^^^^^^^^^^
  4 | import { competencies, projects, getCategoryLabel } from "@/lib/data";
  5 | import { getProjectCategorySections } from "@/lib/view-models/projects";
  6 |

Import map: aliased to relative './components/portfolio/visual-preview' inside of [project]/

https://nextjs.org/docs/messages/module-not-found @ http://127.0.0.1:3000/Portfolio-bts/_next/static/chunks/node_modules_next_dist_0u_w_5s._.js:1945
[  496551ms] [ERROR] ./app/veille/page.tsx:3:1
Module not found: Can't resolve '@/components/portfolio/visual-preview'
  1 | import Link from "next/link";
  2 | import { ArrowUpRight } from "lucide-react";
> 3 | import { VisualPreview } from "@/components/portfolio/visual-preview";
    | ^^^^^^^^^^^^^^^^^^^^^^^^^^^^^^^^^^^^^^^^^^^^^^^^^^^^^^^^^^^^^^^^^^^^^^
  4 | import { Badge } from "@/components/ui/badge";
  5 | import { watchEntries } from "@/lib/data";
  6 |

Import map: aliased to relative './components/portfolio/visual-preview' inside of [project]/

https://nextjs.org/docs/messages/module-not-found @ http://127.0.0.1:3000/Portfolio-bts/_next/static/chunks/node_modules_next_dist_0u_w_5s._.js:1945
[  496614ms] [ERROR] ./app/projets/page.tsx:3:1
Module not found: Can't resolve '@/components/portfolio/visual-preview'
  1 | import Link from "next/link";
  2 | import { ArrowUpRight } from "lucide-react";
> 3 | import { VisualPreview } from "@/components/portfolio/visual-preview";
    | ^^^^^^^^^^^^^^^^^^^^^^^^^^^^^^^^^^^^^^^^^^^^^^^^^^^^^^^^^^^^^^^^^^^^^^
  4 | import { competencies, projects, getCategoryLabel } from "@/lib/data";
  5 | import { getProjectCategorySections } from "@/lib/view-models/projects";
  6 |

Import map: aliased to relative './components/portfolio/visual-preview' inside of [project]/

https://nextjs.org/docs/messages/module-not-found @ http://127.0.0.1:3000/Portfolio-bts/_next/static/chunks/node_modules_next_dist_0u_w_5s._.js:1945
[  496614ms] [ERROR] ./app/veille/page.tsx:3:1
Module not found: Can't resolve '@/components/portfolio/visual-preview'
  1 | import Link from "next/link";
  2 | import { ArrowUpRight } from "lucide-react";
> 3 | import { VisualPreview } from "@/components/portfolio/visual-preview";
    | ^^^^^^^^^^^^^^^^^^^^^^^^^^^^^^^^^^^^^^^^^^^^^^^^^^^^^^^^^^^^^^^^^^^^^^
  4 | import { Badge } from "@/components/ui/badge";
  5 | import { watchEntries } from "@/lib/data";
  6 |

Import map: aliased to relative './components/portfolio/visual-preview' inside of [project]/

https://nextjs.org/docs/messages/module-not-found @ http://127.0.0.1:3000/Portfolio-bts/_next/static/chunks/node_modules_next_dist_0u_w_5s._.js:1945
[  496677ms] [ERROR] ./app/projets/page.tsx:3:1
Module not found: Can't resolve '@/components/portfolio/visual-preview'
  1 | import Link from "next/link";
  2 | import { ArrowUpRight } from "lucide-react";
> 3 | import { VisualPreview } from "@/components/portfolio/visual-preview";
    | ^^^^^^^^^^^^^^^^^^^^^^^^^^^^^^^^^^^^^^^^^^^^^^^^^^^^^^^^^^^^^^^^^^^^^^
  4 | import { competencies, projects, getCategoryLabel } from "@/lib/data";
  5 | import { getProjectCategorySections } from "@/lib/view-models/projects";
  6 |

Import map: aliased to relative './components/portfolio/visual-preview' inside of [project]/

https://nextjs.org/docs/messages/module-not-found @ http://127.0.0.1:3000/Portfolio-bts/_next/static/chunks/node_modules_next_dist_0u_w_5s._.js:1945
[  496677ms] [ERROR] ./app/veille/page.tsx:3:1
Module not found: Can't resolve '@/components/portfolio/visual-preview'
  1 | import Link from "next/link";
  2 | import { ArrowUpRight } from "lucide-react";
> 3 | import { VisualPreview } from "@/components/portfolio/visual-preview";
    | ^^^^^^^^^^^^^^^^^^^^^^^^^^^^^^^^^^^^^^^^^^^^^^^^^^^^^^^^^^^^^^^^^^^^^^
  4 | import { Badge } from "@/components/ui/badge";
  5 | import { watchEntries } from "@/lib/data";
  6 |

Import map: aliased to relative './components/portfolio/visual-preview' inside of [project]/

https://nextjs.org/docs/messages/module-not-found @ http://127.0.0.1:3000/Portfolio-bts/_next/static/chunks/node_modules_next_dist_0u_w_5s._.js:1945
[  496739ms] [ERROR] ./app/projets/page.tsx:3:1
Module not found: Can't resolve '@/components/portfolio/visual-preview'
  1 | import Link from "next/link";
  2 | import { ArrowUpRight } from "lucide-react";
> 3 | import { VisualPreview } from "@/components/portfolio/visual-preview";
    | ^^^^^^^^^^^^^^^^^^^^^^^^^^^^^^^^^^^^^^^^^^^^^^^^^^^^^^^^^^^^^^^^^^^^^^
  4 | import { competencies, projects, getCategoryLabel } from "@/lib/data";
  5 | import { getProjectCategorySections } from "@/lib/view-models/projects";
  6 |

Import map: aliased to relative './components/portfolio/visual-preview' inside of [project]/

https://nextjs.org/docs/messages/module-not-found @ http://127.0.0.1:3000/Portfolio-bts/_next/static/chunks/node_modules_next_dist_0u_w_5s._.js:1945
[  496740ms] [ERROR] ./app/veille/page.tsx:3:1
Module not found: Can't resolve '@/components/portfolio/visual-preview'
  1 | import Link from "next/link";
  2 | import { ArrowUpRight } from "lucide-react";
> 3 | import { VisualPreview } from "@/components/portfolio/visual-preview";
    | ^^^^^^^^^^^^^^^^^^^^^^^^^^^^^^^^^^^^^^^^^^^^^^^^^^^^^^^^^^^^^^^^^^^^^^
  4 | import { Badge } from "@/components/ui/badge";
  5 | import { watchEntries } from "@/lib/data";
  6 |

Import map: aliased to relative './components/portfolio/visual-preview' inside of [project]/

https://nextjs.org/docs/messages/module-not-found @ http://127.0.0.1:3000/Portfolio-bts/_next/static/chunks/node_modules_next_dist_0u_w_5s._.js:1945
[  496802ms] [ERROR] ./app/projets/page.tsx:3:1
Module not found: Can't resolve '@/components/portfolio/visual-preview'
  1 | import Link from "next/link";
  2 | import { ArrowUpRight } from "lucide-react";
> 3 | import { VisualPreview } from "@/components/portfolio/visual-preview";
    | ^^^^^^^^^^^^^^^^^^^^^^^^^^^^^^^^^^^^^^^^^^^^^^^^^^^^^^^^^^^^^^^^^^^^^^
  4 | import { competencies, projects, getCategoryLabel } from "@/lib/data";
  5 | import { getProjectCategorySections } from "@/lib/view-models/projects";
  6 |

Import map: aliased to relative './components/portfolio/visual-preview' inside of [project]/

https://nextjs.org/docs/messages/module-not-found @ http://127.0.0.1:3000/Portfolio-bts/_next/static/chunks/node_modules_next_dist_0u_w_5s._.js:1945
[  496802ms] [ERROR] ./app/veille/page.tsx:3:1
Module not found: Can't resolve '@/components/portfolio/visual-preview'
  1 | import Link from "next/link";
  2 | import { ArrowUpRight } from "lucide-react";
> 3 | import { VisualPreview } from "@/components/portfolio/visual-preview";
    | ^^^^^^^^^^^^^^^^^^^^^^^^^^^^^^^^^^^^^^^^^^^^^^^^^^^^^^^^^^^^^^^^^^^^^^
  4 | import { Badge } from "@/components/ui/badge";
  5 | import { watchEntries } from "@/lib/data";
  6 |

Import map: aliased to relative './components/portfolio/visual-preview' inside of [project]/

https://nextjs.org/docs/messages/module-not-found @ http://127.0.0.1:3000/Portfolio-bts/_next/static/chunks/node_modules_next_dist_0u_w_5s._.js:1945
[  496864ms] [ERROR] ./app/projets/page.tsx:3:1
Module not found: Can't resolve '@/components/portfolio/visual-preview'
  1 | import Link from "next/link";
  2 | import { ArrowUpRight } from "lucide-react";
> 3 | import { VisualPreview } from "@/components/portfolio/visual-preview";
    | ^^^^^^^^^^^^^^^^^^^^^^^^^^^^^^^^^^^^^^^^^^^^^^^^^^^^^^^^^^^^^^^^^^^^^^
  4 | import { competencies, projects, getCategoryLabel } from "@/lib/data";
  5 | import { getProjectCategorySections } from "@/lib/view-models/projects";
  6 |

Import map: aliased to relative './components/portfolio/visual-preview' inside of [project]/

https://nextjs.org/docs/messages/module-not-found @ http://127.0.0.1:3000/Portfolio-bts/_next/static/chunks/node_modules_next_dist_0u_w_5s._.js:1945
[  496864ms] [ERROR] ./app/veille/page.tsx:3:1
Module not found: Can't resolve '@/components/portfolio/visual-preview'
  1 | import Link from "next/link";
  2 | import { ArrowUpRight } from "lucide-react";
> 3 | import { VisualPreview } from "@/components/portfolio/visual-preview";
    | ^^^^^^^^^^^^^^^^^^^^^^^^^^^^^^^^^^^^^^^^^^^^^^^^^^^^^^^^^^^^^^^^^^^^^^
  4 | import { Badge } from "@/components/ui/badge";
  5 | import { watchEntries } from "@/lib/data";
  6 |

Import map: aliased to relative './components/portfolio/visual-preview' inside of [project]/

https://nextjs.org/docs/messages/module-not-found @ http://127.0.0.1:3000/Portfolio-bts/_next/static/chunks/node_modules_next_dist_0u_w_5s._.js:1945
[  496926ms] [ERROR] ./app/projets/page.tsx:3:1
Module not found: Can't resolve '@/components/portfolio/visual-preview'
  1 | import Link from "next/link";
  2 | import { ArrowUpRight } from "lucide-react";
> 3 | import { VisualPreview } from "@/components/portfolio/visual-preview";
    | ^^^^^^^^^^^^^^^^^^^^^^^^^^^^^^^^^^^^^^^^^^^^^^^^^^^^^^^^^^^^^^^^^^^^^^
  4 | import { competencies, projects, getCategoryLabel } from "@/lib/data";
  5 | import { getProjectCategorySections } from "@/lib/view-models/projects";
  6 |

Import map: aliased to relative './components/portfolio/visual-preview' inside of [project]/

https://nextjs.org/docs/messages/module-not-found @ http://127.0.0.1:3000/Portfolio-bts/_next/static/chunks/node_modules_next_dist_0u_w_5s._.js:1945
[  496926ms] [ERROR] ./app/veille/page.tsx:3:1
Module not found: Can't resolve '@/components/portfolio/visual-preview'
  1 | import Link from "next/link";
  2 | import { ArrowUpRight } from "lucide-react";
> 3 | import { VisualPreview } from "@/components/portfolio/visual-preview";
    | ^^^^^^^^^^^^^^^^^^^^^^^^^^^^^^^^^^^^^^^^^^^^^^^^^^^^^^^^^^^^^^^^^^^^^^
  4 | import { Badge } from "@/components/ui/badge";
  5 | import { watchEntries } from "@/lib/data";
  6 |

Import map: aliased to relative './components/portfolio/visual-preview' inside of [project]/

https://nextjs.org/docs/messages/module-not-found @ http://127.0.0.1:3000/Portfolio-bts/_next/static/chunks/node_modules_next_dist_0u_w_5s._.js:1945
[  496989ms] [ERROR] ./app/projets/page.tsx:3:1
Module not found: Can't resolve '@/components/portfolio/visual-preview'
  1 | import Link from "next/link";
  2 | import { ArrowUpRight } from "lucide-react";
> 3 | import { VisualPreview } from "@/components/portfolio/visual-preview";
    | ^^^^^^^^^^^^^^^^^^^^^^^^^^^^^^^^^^^^^^^^^^^^^^^^^^^^^^^^^^^^^^^^^^^^^^
  4 | import { competencies, projects, getCategoryLabel } from "@/lib/data";
  5 | import { getProjectCategorySections } from "@/lib/view-models/projects";
  6 |

Import map: aliased to relative './components/portfolio/visual-preview' inside of [project]/

https://nextjs.org/docs/messages/module-not-found @ http://127.0.0.1:3000/Portfolio-bts/_next/static/chunks/node_modules_next_dist_0u_w_5s._.js:1945
[  496989ms] [ERROR] ./app/veille/page.tsx:3:1
Module not found: Can't resolve '@/components/portfolio/visual-preview'
  1 | import Link from "next/link";
  2 | import { ArrowUpRight } from "lucide-react";
> 3 | import { VisualPreview } from "@/components/portfolio/visual-preview";
    | ^^^^^^^^^^^^^^^^^^^^^^^^^^^^^^^^^^^^^^^^^^^^^^^^^^^^^^^^^^^^^^^^^^^^^^
  4 | import { Badge } from "@/components/ui/badge";
  5 | import { watchEntries } from "@/lib/data";
  6 |

Import map: aliased to relative './components/portfolio/visual-preview' inside of [project]/

https://nextjs.org/docs/messages/module-not-found @ http://127.0.0.1:3000/Portfolio-bts/_next/static/chunks/node_modules_next_dist_0u_w_5s._.js:1945
[  497051ms] [ERROR] ./app/projets/page.tsx:3:1
Module not found: Can't resolve '@/components/portfolio/visual-preview'
  1 | import Link from "next/link";
  2 | import { ArrowUpRight } from "lucide-react";
> 3 | import { VisualPreview } from "@/components/portfolio/visual-preview";
    | ^^^^^^^^^^^^^^^^^^^^^^^^^^^^^^^^^^^^^^^^^^^^^^^^^^^^^^^^^^^^^^^^^^^^^^
  4 | import { competencies, projects, getCategoryLabel } from "@/lib/data";
  5 | import { getProjectCategorySections } from "@/lib/view-models/projects";
  6 |

Import map: aliased to relative './components/portfolio/visual-preview' inside of [project]/

https://nextjs.org/docs/messages/module-not-found @ http://127.0.0.1:3000/Portfolio-bts/_next/static/chunks/node_modules_next_dist_0u_w_5s._.js:1945
[  497052ms] [ERROR] ./app/veille/page.tsx:3:1
Module not found: Can't resolve '@/components/portfolio/visual-preview'
  1 | import Link from "next/link";
  2 | import { ArrowUpRight } from "lucide-react";
> 3 | import { VisualPreview } from "@/components/portfolio/visual-preview";
    | ^^^^^^^^^^^^^^^^^^^^^^^^^^^^^^^^^^^^^^^^^^^^^^^^^^^^^^^^^^^^^^^^^^^^^^
  4 | import { Badge } from "@/components/ui/badge";
  5 | import { watchEntries } from "@/lib/data";
  6 |

Import map: aliased to relative './components/portfolio/visual-preview' inside of [project]/

https://nextjs.org/docs/messages/module-not-found @ http://127.0.0.1:3000/Portfolio-bts/_next/static/chunks/node_modules_next_dist_0u_w_5s._.js:1945
[  497115ms] [ERROR] ./app/projets/page.tsx:3:1
Module not found: Can't resolve '@/components/portfolio/visual-preview'
  1 | import Link from "next/link";
  2 | import { ArrowUpRight } from "lucide-react";
> 3 | import { VisualPreview } from "@/components/portfolio/visual-preview";
    | ^^^^^^^^^^^^^^^^^^^^^^^^^^^^^^^^^^^^^^^^^^^^^^^^^^^^^^^^^^^^^^^^^^^^^^
  4 | import { competencies, projects, getCategoryLabel } from "@/lib/data";
  5 | import { getProjectCategorySections } from "@/lib/view-models/projects";
  6 |

Import map: aliased to relative './components/portfolio/visual-preview' inside of [project]/

https://nextjs.org/docs/messages/module-not-found @ http://127.0.0.1:3000/Portfolio-bts/_next/static/chunks/node_modules_next_dist_0u_w_5s._.js:1945
[  497115ms] [ERROR] ./app/veille/page.tsx:3:1
Module not found: Can't resolve '@/components/portfolio/visual-preview'
  1 | import Link from "next/link";
  2 | import { ArrowUpRight } from "lucide-react";
> 3 | import { VisualPreview } from "@/components/portfolio/visual-preview";
    | ^^^^^^^^^^^^^^^^^^^^^^^^^^^^^^^^^^^^^^^^^^^^^^^^^^^^^^^^^^^^^^^^^^^^^^
  4 | import { Badge } from "@/components/ui/badge";
  5 | import { watchEntries } from "@/lib/data";
  6 |

Import map: aliased to relative './components/portfolio/visual-preview' inside of [project]/

https://nextjs.org/docs/messages/module-not-found @ http://127.0.0.1:3000/Portfolio-bts/_next/static/chunks/node_modules_next_dist_0u_w_5s._.js:1945
[  497177ms] [ERROR] ./app/projets/page.tsx:3:1
Module not found: Can't resolve '@/components/portfolio/visual-preview'
  1 | import Link from "next/link";
  2 | import { ArrowUpRight } from "lucide-react";
> 3 | import { VisualPreview } from "@/components/portfolio/visual-preview";
    | ^^^^^^^^^^^^^^^^^^^^^^^^^^^^^^^^^^^^^^^^^^^^^^^^^^^^^^^^^^^^^^^^^^^^^^
  4 | import { competencies, projects, getCategoryLabel } from "@/lib/data";
  5 | import { getProjectCategorySections } from "@/lib/view-models/projects";
  6 |

Import map: aliased to relative './components/portfolio/visual-preview' inside of [project]/

https://nextjs.org/docs/messages/module-not-found @ http://127.0.0.1:3000/Portfolio-bts/_next/static/chunks/node_modules_next_dist_0u_w_5s._.js:1945
[  497177ms] [ERROR] ./app/veille/page.tsx:3:1
Module not found: Can't resolve '@/components/portfolio/visual-preview'
  1 | import Link from "next/link";
  2 | import { ArrowUpRight } from "lucide-react";
> 3 | import { VisualPreview } from "@/components/portfolio/visual-preview";
    | ^^^^^^^^^^^^^^^^^^^^^^^^^^^^^^^^^^^^^^^^^^^^^^^^^^^^^^^^^^^^^^^^^^^^^^
  4 | import { Badge } from "@/components/ui/badge";
  5 | import { watchEntries } from "@/lib/data";
  6 |

Import map: aliased to relative './components/portfolio/visual-preview' inside of [project]/

https://nextjs.org/docs/messages/module-not-found @ http://127.0.0.1:3000/Portfolio-bts/_next/static/chunks/node_modules_next_dist_0u_w_5s._.js:1945
[  497239ms] [ERROR] ./app/projets/page.tsx:3:1
Module not found: Can't resolve '@/components/portfolio/visual-preview'
  1 | import Link from "next/link";
  2 | import { ArrowUpRight } from "lucide-react";
> 3 | import { VisualPreview } from "@/components/portfolio/visual-preview";
    | ^^^^^^^^^^^^^^^^^^^^^^^^^^^^^^^^^^^^^^^^^^^^^^^^^^^^^^^^^^^^^^^^^^^^^^
  4 | import { competencies, projects, getCategoryLabel } from "@/lib/data";
  5 | import { getProjectCategorySections } from "@/lib/view-models/projects";
  6 |

Import map: aliased to relative './components/portfolio/visual-preview' inside of [project]/

https://nextjs.org/docs/messages/module-not-found @ http://127.0.0.1:3000/Portfolio-bts/_next/static/chunks/node_modules_next_dist_0u_w_5s._.js:1945
[  497239ms] [ERROR] ./app/veille/page.tsx:3:1
Module not found: Can't resolve '@/components/portfolio/visual-preview'
  1 | import Link from "next/link";
  2 | import { ArrowUpRight } from "lucide-react";
> 3 | import { VisualPreview } from "@/components/portfolio/visual-preview";
    | ^^^^^^^^^^^^^^^^^^^^^^^^^^^^^^^^^^^^^^^^^^^^^^^^^^^^^^^^^^^^^^^^^^^^^^
  4 | import { Badge } from "@/components/ui/badge";
  5 | import { watchEntries } from "@/lib/data";
  6 |

Import map: aliased to relative './components/portfolio/visual-preview' inside of [project]/

https://nextjs.org/docs/messages/module-not-found @ http://127.0.0.1:3000/Portfolio-bts/_next/static/chunks/node_modules_next_dist_0u_w_5s._.js:1945
[  497300ms] [ERROR] ./app/projets/page.tsx:3:1
Module not found: Can't resolve '@/components/portfolio/visual-preview'
  1 | import Link from "next/link";
  2 | import { ArrowUpRight } from "lucide-react";
> 3 | import { VisualPreview } from "@/components/portfolio/visual-preview";
    | ^^^^^^^^^^^^^^^^^^^^^^^^^^^^^^^^^^^^^^^^^^^^^^^^^^^^^^^^^^^^^^^^^^^^^^
  4 | import { competencies, projects, getCategoryLabel } from "@/lib/data";
  5 | import { getProjectCategorySections } from "@/lib/view-models/projects";
  6 |

Import map: aliased to relative './components/portfolio/visual-preview' inside of [project]/

https://nextjs.org/docs/messages/module-not-found @ http://127.0.0.1:3000/Portfolio-bts/_next/static/chunks/node_modules_next_dist_0u_w_5s._.js:1945
[  497300ms] [ERROR] ./app/veille/page.tsx:3:1
Module not found: Can't resolve '@/components/portfolio/visual-preview'
  1 | import Link from "next/link";
  2 | import { ArrowUpRight } from "lucide-react";
> 3 | import { VisualPreview } from "@/components/portfolio/visual-preview";
    | ^^^^^^^^^^^^^^^^^^^^^^^^^^^^^^^^^^^^^^^^^^^^^^^^^^^^^^^^^^^^^^^^^^^^^^
  4 | import { Badge } from "@/components/ui/badge";
  5 | import { watchEntries } from "@/lib/data";
  6 |

Import map: aliased to relative './components/portfolio/visual-preview' inside of [project]/

https://nextjs.org/docs/messages/module-not-found @ http://127.0.0.1:3000/Portfolio-bts/_next/static/chunks/node_modules_next_dist_0u_w_5s._.js:1945
[  497363ms] [ERROR] ./app/projets/page.tsx:3:1
Module not found: Can't resolve '@/components/portfolio/visual-preview'
  1 | import Link from "next/link";
  2 | import { ArrowUpRight } from "lucide-react";
> 3 | import { VisualPreview } from "@/components/portfolio/visual-preview";
    | ^^^^^^^^^^^^^^^^^^^^^^^^^^^^^^^^^^^^^^^^^^^^^^^^^^^^^^^^^^^^^^^^^^^^^^
  4 | import { competencies, projects, getCategoryLabel } from "@/lib/data";
  5 | import { getProjectCategorySections } from "@/lib/view-models/projects";
  6 |

Import map: aliased to relative './components/portfolio/visual-preview' inside of [project]/

https://nextjs.org/docs/messages/module-not-found @ http://127.0.0.1:3000/Portfolio-bts/_next/static/chunks/node_modules_next_dist_0u_w_5s._.js:1945
[  497363ms] [ERROR] ./app/veille/page.tsx:3:1
Module not found: Can't resolve '@/components/portfolio/visual-preview'
  1 | import Link from "next/link";
  2 | import { ArrowUpRight } from "lucide-react";
> 3 | import { VisualPreview } from "@/components/portfolio/visual-preview";
    | ^^^^^^^^^^^^^^^^^^^^^^^^^^^^^^^^^^^^^^^^^^^^^^^^^^^^^^^^^^^^^^^^^^^^^^
  4 | import { Badge } from "@/components/ui/badge";
  5 | import { watchEntries } from "@/lib/data";
  6 |

Import map: aliased to relative './components/portfolio/visual-preview' inside of [project]/

https://nextjs.org/docs/messages/module-not-found @ http://127.0.0.1:3000/Portfolio-bts/_next/static/chunks/node_modules_next_dist_0u_w_5s._.js:1945
[  497426ms] [ERROR] ./app/projets/page.tsx:3:1
Module not found: Can't resolve '@/components/portfolio/visual-preview'
  1 | import Link from "next/link";
  2 | import { ArrowUpRight } from "lucide-react";
> 3 | import { VisualPreview } from "@/components/portfolio/visual-preview";
    | ^^^^^^^^^^^^^^^^^^^^^^^^^^^^^^^^^^^^^^^^^^^^^^^^^^^^^^^^^^^^^^^^^^^^^^
  4 | import { competencies, projects, getCategoryLabel } from "@/lib/data";
  5 | import { getProjectCategorySections } from "@/lib/view-models/projects";
  6 |

Import map: aliased to relative './components/portfolio/visual-preview' inside of [project]/

https://nextjs.org/docs/messages/module-not-found @ http://127.0.0.1:3000/Portfolio-bts/_next/static/chunks/node_modules_next_dist_0u_w_5s._.js:1945
[  497426ms] [ERROR] ./app/veille/page.tsx:3:1
Module not found: Can't resolve '@/components/portfolio/visual-preview'
  1 | import Link from "next/link";
  2 | import { ArrowUpRight } from "lucide-react";
> 3 | import { VisualPreview } from "@/components/portfolio/visual-preview";
    | ^^^^^^^^^^^^^^^^^^^^^^^^^^^^^^^^^^^^^^^^^^^^^^^^^^^^^^^^^^^^^^^^^^^^^^
  4 | import { Badge } from "@/components/ui/badge";
  5 | import { watchEntries } from "@/lib/data";
  6 |

Import map: aliased to relative './components/portfolio/visual-preview' inside of [project]/

https://nextjs.org/docs/messages/module-not-found @ http://127.0.0.1:3000/Portfolio-bts/_next/static/chunks/node_modules_next_dist_0u_w_5s._.js:1945
[  497488ms] [ERROR] ./app/projets/page.tsx:3:1
Module not found: Can't resolve '@/components/portfolio/visual-preview'
  1 | import Link from "next/link";
  2 | import { ArrowUpRight } from "lucide-react";
> 3 | import { VisualPreview } from "@/components/portfolio/visual-preview";
    | ^^^^^^^^^^^^^^^^^^^^^^^^^^^^^^^^^^^^^^^^^^^^^^^^^^^^^^^^^^^^^^^^^^^^^^
  4 | import { competencies, projects, getCategoryLabel } from "@/lib/data";
  5 | import { getProjectCategorySections } from "@/lib/view-models/projects";
  6 |

Import map: aliased to relative './components/portfolio/visual-preview' inside of [project]/

https://nextjs.org/docs/messages/module-not-found @ http://127.0.0.1:3000/Portfolio-bts/_next/static/chunks/node_modules_next_dist_0u_w_5s._.js:1945
[  497488ms] [ERROR] ./app/veille/page.tsx:3:1
Module not found: Can't resolve '@/components/portfolio/visual-preview'
  1 | import Link from "next/link";
  2 | import { ArrowUpRight } from "lucide-react";
> 3 | import { VisualPreview } from "@/components/portfolio/visual-preview";
    | ^^^^^^^^^^^^^^^^^^^^^^^^^^^^^^^^^^^^^^^^^^^^^^^^^^^^^^^^^^^^^^^^^^^^^^
  4 | import { Badge } from "@/components/ui/badge";
  5 | import { watchEntries } from "@/lib/data";
  6 |

Import map: aliased to relative './components/portfolio/visual-preview' inside of [project]/

https://nextjs.org/docs/messages/module-not-found @ http://127.0.0.1:3000/Portfolio-bts/_next/static/chunks/node_modules_next_dist_0u_w_5s._.js:1945
[  497550ms] [ERROR] ./app/projets/page.tsx:3:1
Module not found: Can't resolve '@/components/portfolio/visual-preview'
  1 | import Link from "next/link";
  2 | import { ArrowUpRight } from "lucide-react";
> 3 | import { VisualPreview } from "@/components/portfolio/visual-preview";
    | ^^^^^^^^^^^^^^^^^^^^^^^^^^^^^^^^^^^^^^^^^^^^^^^^^^^^^^^^^^^^^^^^^^^^^^
  4 | import { competencies, projects, getCategoryLabel } from "@/lib/data";
  5 | import { getProjectCategorySections } from "@/lib/view-models/projects";
  6 |

Import map: aliased to relative './components/portfolio/visual-preview' inside of [project]/

https://nextjs.org/docs/messages/module-not-found @ http://127.0.0.1:3000/Portfolio-bts/_next/static/chunks/node_modules_next_dist_0u_w_5s._.js:1945
[  497550ms] [ERROR] ./app/veille/page.tsx:3:1
Module not found: Can't resolve '@/components/portfolio/visual-preview'
  1 | import Link from "next/link";
  2 | import { ArrowUpRight } from "lucide-react";
> 3 | import { VisualPreview } from "@/components/portfolio/visual-preview";
    | ^^^^^^^^^^^^^^^^^^^^^^^^^^^^^^^^^^^^^^^^^^^^^^^^^^^^^^^^^^^^^^^^^^^^^^
  4 | import { Badge } from "@/components/ui/badge";
  5 | import { watchEntries } from "@/lib/data";
  6 |

Import map: aliased to relative './components/portfolio/visual-preview' inside of [project]/

https://nextjs.org/docs/messages/module-not-found @ http://127.0.0.1:3000/Portfolio-bts/_next/static/chunks/node_modules_next_dist_0u_w_5s._.js:1945
[  497613ms] [ERROR] ./app/projets/page.tsx:3:1
Module not found: Can't resolve '@/components/portfolio/visual-preview'
  1 | import Link from "next/link";
  2 | import { ArrowUpRight } from "lucide-react";
> 3 | import { VisualPreview } from "@/components/portfolio/visual-preview";
    | ^^^^^^^^^^^^^^^^^^^^^^^^^^^^^^^^^^^^^^^^^^^^^^^^^^^^^^^^^^^^^^^^^^^^^^
  4 | import { competencies, projects, getCategoryLabel } from "@/lib/data";
  5 | import { getProjectCategorySections } from "@/lib/view-models/projects";
  6 |

Import map: aliased to relative './components/portfolio/visual-preview' inside of [project]/

https://nextjs.org/docs/messages/module-not-found @ http://127.0.0.1:3000/Portfolio-bts/_next/static/chunks/node_modules_next_dist_0u_w_5s._.js:1945
[  497613ms] [ERROR] ./app/veille/page.tsx:3:1
Module not found: Can't resolve '@/components/portfolio/visual-preview'
  1 | import Link from "next/link";
  2 | import { ArrowUpRight } from "lucide-react";
> 3 | import { VisualPreview } from "@/components/portfolio/visual-preview";
    | ^^^^^^^^^^^^^^^^^^^^^^^^^^^^^^^^^^^^^^^^^^^^^^^^^^^^^^^^^^^^^^^^^^^^^^
  4 | import { Badge } from "@/components/ui/badge";
  5 | import { watchEntries } from "@/lib/data";
  6 |

Import map: aliased to relative './components/portfolio/visual-preview' inside of [project]/

https://nextjs.org/docs/messages/module-not-found @ http://127.0.0.1:3000/Portfolio-bts/_next/static/chunks/node_modules_next_dist_0u_w_5s._.js:1945
[  497675ms] [ERROR] ./app/projets/page.tsx:3:1
Module not found: Can't resolve '@/components/portfolio/visual-preview'
  1 | import Link from "next/link";
  2 | import { ArrowUpRight } from "lucide-react";
> 3 | import { VisualPreview } from "@/components/portfolio/visual-preview";
    | ^^^^^^^^^^^^^^^^^^^^^^^^^^^^^^^^^^^^^^^^^^^^^^^^^^^^^^^^^^^^^^^^^^^^^^
  4 | import { competencies, projects, getCategoryLabel } from "@/lib/data";
  5 | import { getProjectCategorySections } from "@/lib/view-models/projects";
  6 |

Import map: aliased to relative './components/portfolio/visual-preview' inside of [project]/

https://nextjs.org/docs/messages/module-not-found @ http://127.0.0.1:3000/Portfolio-bts/_next/static/chunks/node_modules_next_dist_0u_w_5s._.js:1945
[  497676ms] [ERROR] ./app/veille/page.tsx:3:1
Module not found: Can't resolve '@/components/portfolio/visual-preview'
  1 | import Link from "next/link";
  2 | import { ArrowUpRight } from "lucide-react";
> 3 | import { VisualPreview } from "@/components/portfolio/visual-preview";
    | ^^^^^^^^^^^^^^^^^^^^^^^^^^^^^^^^^^^^^^^^^^^^^^^^^^^^^^^^^^^^^^^^^^^^^^
  4 | import { Badge } from "@/components/ui/badge";
  5 | import { watchEntries } from "@/lib/data";
  6 |

Import map: aliased to relative './components/portfolio/visual-preview' inside of [project]/

https://nextjs.org/docs/messages/module-not-found @ http://127.0.0.1:3000/Portfolio-bts/_next/static/chunks/node_modules_next_dist_0u_w_5s._.js:1945
[  497738ms] [ERROR] ./app/projets/page.tsx:3:1
Module not found: Can't resolve '@/components/portfolio/visual-preview'
  1 | import Link from "next/link";
  2 | import { ArrowUpRight } from "lucide-react";
> 3 | import { VisualPreview } from "@/components/portfolio/visual-preview";
    | ^^^^^^^^^^^^^^^^^^^^^^^^^^^^^^^^^^^^^^^^^^^^^^^^^^^^^^^^^^^^^^^^^^^^^^
  4 | import { competencies, projects, getCategoryLabel } from "@/lib/data";
  5 | import { getProjectCategorySections } from "@/lib/view-models/projects";
  6 |

Import map: aliased to relative './components/portfolio/visual-preview' inside of [project]/

https://nextjs.org/docs/messages/module-not-found @ http://127.0.0.1:3000/Portfolio-bts/_next/static/chunks/node_modules_next_dist_0u_w_5s._.js:1945
[  497738ms] [ERROR] ./app/veille/page.tsx:3:1
Module not found: Can't resolve '@/components/portfolio/visual-preview'
  1 | import Link from "next/link";
  2 | import { ArrowUpRight } from "lucide-react";
> 3 | import { VisualPreview } from "@/components/portfolio/visual-preview";
    | ^^^^^^^^^^^^^^^^^^^^^^^^^^^^^^^^^^^^^^^^^^^^^^^^^^^^^^^^^^^^^^^^^^^^^^
  4 | import { Badge } from "@/components/ui/badge";
  5 | import { watchEntries } from "@/lib/data";
  6 |

Import map: aliased to relative './components/portfolio/visual-preview' inside of [project]/

https://nextjs.org/docs/messages/module-not-found @ http://127.0.0.1:3000/Portfolio-bts/_next/static/chunks/node_modules_next_dist_0u_w_5s._.js:1945
[  497800ms] [ERROR] ./app/projets/page.tsx:3:1
Module not found: Can't resolve '@/components/portfolio/visual-preview'
  1 | import Link from "next/link";
  2 | import { ArrowUpRight } from "lucide-react";
> 3 | import { VisualPreview } from "@/components/portfolio/visual-preview";
    | ^^^^^^^^^^^^^^^^^^^^^^^^^^^^^^^^^^^^^^^^^^^^^^^^^^^^^^^^^^^^^^^^^^^^^^
  4 | import { competencies, projects, getCategoryLabel } from "@/lib/data";
  5 | import { getProjectCategorySections } from "@/lib/view-models/projects";
  6 |

Import map: aliased to relative './components/portfolio/visual-preview' inside of [project]/

https://nextjs.org/docs/messages/module-not-found @ http://127.0.0.1:3000/Portfolio-bts/_next/static/chunks/node_modules_next_dist_0u_w_5s._.js:1945
[  497800ms] [ERROR] ./app/veille/page.tsx:3:1
Module not found: Can't resolve '@/components/portfolio/visual-preview'
  1 | import Link from "next/link";
  2 | import { ArrowUpRight } from "lucide-react";
> 3 | import { VisualPreview } from "@/components/portfolio/visual-preview";
    | ^^^^^^^^^^^^^^^^^^^^^^^^^^^^^^^^^^^^^^^^^^^^^^^^^^^^^^^^^^^^^^^^^^^^^^
  4 | import { Badge } from "@/components/ui/badge";
  5 | import { watchEntries } from "@/lib/data";
  6 |

Import map: aliased to relative './components/portfolio/visual-preview' inside of [project]/

https://nextjs.org/docs/messages/module-not-found @ http://127.0.0.1:3000/Portfolio-bts/_next/static/chunks/node_modules_next_dist_0u_w_5s._.js:1945
[  497862ms] [ERROR] ./app/projets/page.tsx:3:1
Module not found: Can't resolve '@/components/portfolio/visual-preview'
  1 | import Link from "next/link";
  2 | import { ArrowUpRight } from "lucide-react";
> 3 | import { VisualPreview } from "@/components/portfolio/visual-preview";
    | ^^^^^^^^^^^^^^^^^^^^^^^^^^^^^^^^^^^^^^^^^^^^^^^^^^^^^^^^^^^^^^^^^^^^^^
  4 | import { competencies, projects, getCategoryLabel } from "@/lib/data";
  5 | import { getProjectCategorySections } from "@/lib/view-models/projects";
  6 |

Import map: aliased to relative './components/portfolio/visual-preview' inside of [project]/

https://nextjs.org/docs/messages/module-not-found @ http://127.0.0.1:3000/Portfolio-bts/_next/static/chunks/node_modules_next_dist_0u_w_5s._.js:1945
[  497863ms] [ERROR] ./app/veille/page.tsx:3:1
Module not found: Can't resolve '@/components/portfolio/visual-preview'
  1 | import Link from "next/link";
  2 | import { ArrowUpRight } from "lucide-react";
> 3 | import { VisualPreview } from "@/components/portfolio/visual-preview";
    | ^^^^^^^^^^^^^^^^^^^^^^^^^^^^^^^^^^^^^^^^^^^^^^^^^^^^^^^^^^^^^^^^^^^^^^
  4 | import { Badge } from "@/components/ui/badge";
  5 | import { watchEntries } from "@/lib/data";
  6 |

Import map: aliased to relative './components/portfolio/visual-preview' inside of [project]/

https://nextjs.org/docs/messages/module-not-found @ http://127.0.0.1:3000/Portfolio-bts/_next/static/chunks/node_modules_next_dist_0u_w_5s._.js:1945
[  497924ms] [ERROR] ./app/projets/page.tsx:3:1
Module not found: Can't resolve '@/components/portfolio/visual-preview'
  1 | import Link from "next/link";
  2 | import { ArrowUpRight } from "lucide-react";
> 3 | import { VisualPreview } from "@/components/portfolio/visual-preview";
    | ^^^^^^^^^^^^^^^^^^^^^^^^^^^^^^^^^^^^^^^^^^^^^^^^^^^^^^^^^^^^^^^^^^^^^^
  4 | import { competencies, projects, getCategoryLabel } from "@/lib/data";
  5 | import { getProjectCategorySections } from "@/lib/view-models/projects";
  6 |

Import map: aliased to relative './components/portfolio/visual-preview' inside of [project]/

https://nextjs.org/docs/messages/module-not-found @ http://127.0.0.1:3000/Portfolio-bts/_next/static/chunks/node_modules_next_dist_0u_w_5s._.js:1945
[  497924ms] [ERROR] ./app/veille/page.tsx:3:1
Module not found: Can't resolve '@/components/portfolio/visual-preview'
  1 | import Link from "next/link";
  2 | import { ArrowUpRight } from "lucide-react";
> 3 | import { VisualPreview } from "@/components/portfolio/visual-preview";
    | ^^^^^^^^^^^^^^^^^^^^^^^^^^^^^^^^^^^^^^^^^^^^^^^^^^^^^^^^^^^^^^^^^^^^^^
  4 | import { Badge } from "@/components/ui/badge";
  5 | import { watchEntries } from "@/lib/data";
  6 |

Import map: aliased to relative './components/portfolio/visual-preview' inside of [project]/

https://nextjs.org/docs/messages/module-not-found @ http://127.0.0.1:3000/Portfolio-bts/_next/static/chunks/node_modules_next_dist_0u_w_5s._.js:1945
[  497986ms] [ERROR] ./app/projets/page.tsx:3:1
Module not found: Can't resolve '@/components/portfolio/visual-preview'
  1 | import Link from "next/link";
  2 | import { ArrowUpRight } from "lucide-react";
> 3 | import { VisualPreview } from "@/components/portfolio/visual-preview";
    | ^^^^^^^^^^^^^^^^^^^^^^^^^^^^^^^^^^^^^^^^^^^^^^^^^^^^^^^^^^^^^^^^^^^^^^
  4 | import { competencies, projects, getCategoryLabel } from "@/lib/data";
  5 | import { getProjectCategorySections } from "@/lib/view-models/projects";
  6 |

Import map: aliased to relative './components/portfolio/visual-preview' inside of [project]/

https://nextjs.org/docs/messages/module-not-found @ http://127.0.0.1:3000/Portfolio-bts/_next/static/chunks/node_modules_next_dist_0u_w_5s._.js:1945
[  497986ms] [ERROR] ./app/veille/page.tsx:3:1
Module not found: Can't resolve '@/components/portfolio/visual-preview'
  1 | import Link from "next/link";
  2 | import { ArrowUpRight } from "lucide-react";
> 3 | import { VisualPreview } from "@/components/portfolio/visual-preview";
    | ^^^^^^^^^^^^^^^^^^^^^^^^^^^^^^^^^^^^^^^^^^^^^^^^^^^^^^^^^^^^^^^^^^^^^^
  4 | import { Badge } from "@/components/ui/badge";
  5 | import { watchEntries } from "@/lib/data";
  6 |

Import map: aliased to relative './components/portfolio/visual-preview' inside of [project]/

https://nextjs.org/docs/messages/module-not-found @ http://127.0.0.1:3000/Portfolio-bts/_next/static/chunks/node_modules_next_dist_0u_w_5s._.js:1945
[  498050ms] [ERROR] ./app/projets/page.tsx:3:1
Module not found: Can't resolve '@/components/portfolio/visual-preview'
  1 | import Link from "next/link";
  2 | import { ArrowUpRight } from "lucide-react";
> 3 | import { VisualPreview } from "@/components/portfolio/visual-preview";
    | ^^^^^^^^^^^^^^^^^^^^^^^^^^^^^^^^^^^^^^^^^^^^^^^^^^^^^^^^^^^^^^^^^^^^^^
  4 | import { competencies, projects, getCategoryLabel } from "@/lib/data";
  5 | import { getProjectCategorySections } from "@/lib/view-models/projects";
  6 |

Import map: aliased to relative './components/portfolio/visual-preview' inside of [project]/

https://nextjs.org/docs/messages/module-not-found @ http://127.0.0.1:3000/Portfolio-bts/_next/static/chunks/node_modules_next_dist_0u_w_5s._.js:1945
[  498050ms] [ERROR] ./app/veille/page.tsx:3:1
Module not found: Can't resolve '@/components/portfolio/visual-preview'
  1 | import Link from "next/link";
  2 | import { ArrowUpRight } from "lucide-react";
> 3 | import { VisualPreview } from "@/components/portfolio/visual-preview";
    | ^^^^^^^^^^^^^^^^^^^^^^^^^^^^^^^^^^^^^^^^^^^^^^^^^^^^^^^^^^^^^^^^^^^^^^
  4 | import { Badge } from "@/components/ui/badge";
  5 | import { watchEntries } from "@/lib/data";
  6 |

Import map: aliased to relative './components/portfolio/visual-preview' inside of [project]/

https://nextjs.org/docs/messages/module-not-found @ http://127.0.0.1:3000/Portfolio-bts/_next/static/chunks/node_modules_next_dist_0u_w_5s._.js:1945
[  498112ms] [ERROR] ./app/projets/page.tsx:3:1
Module not found: Can't resolve '@/components/portfolio/visual-preview'
  1 | import Link from "next/link";
  2 | import { ArrowUpRight } from "lucide-react";
> 3 | import { VisualPreview } from "@/components/portfolio/visual-preview";
    | ^^^^^^^^^^^^^^^^^^^^^^^^^^^^^^^^^^^^^^^^^^^^^^^^^^^^^^^^^^^^^^^^^^^^^^
  4 | import { competencies, projects, getCategoryLabel } from "@/lib/data";
  5 | import { getProjectCategorySections } from "@/lib/view-models/projects";
  6 |

Import map: aliased to relative './components/portfolio/visual-preview' inside of [project]/

https://nextjs.org/docs/messages/module-not-found @ http://127.0.0.1:3000/Portfolio-bts/_next/static/chunks/node_modules_next_dist_0u_w_5s._.js:1945
[  498112ms] [ERROR] ./app/veille/page.tsx:3:1
Module not found: Can't resolve '@/components/portfolio/visual-preview'
  1 | import Link from "next/link";
  2 | import { ArrowUpRight } from "lucide-react";
> 3 | import { VisualPreview } from "@/components/portfolio/visual-preview";
    | ^^^^^^^^^^^^^^^^^^^^^^^^^^^^^^^^^^^^^^^^^^^^^^^^^^^^^^^^^^^^^^^^^^^^^^
  4 | import { Badge } from "@/components/ui/badge";
  5 | import { watchEntries } from "@/lib/data";
  6 |

Import map: aliased to relative './components/portfolio/visual-preview' inside of [project]/

https://nextjs.org/docs/messages/module-not-found @ http://127.0.0.1:3000/Portfolio-bts/_next/static/chunks/node_modules_next_dist_0u_w_5s._.js:1945
[  498175ms] [ERROR] ./app/projets/page.tsx:3:1
Module not found: Can't resolve '@/components/portfolio/visual-preview'
  1 | import Link from "next/link";
  2 | import { ArrowUpRight } from "lucide-react";
> 3 | import { VisualPreview } from "@/components/portfolio/visual-preview";
    | ^^^^^^^^^^^^^^^^^^^^^^^^^^^^^^^^^^^^^^^^^^^^^^^^^^^^^^^^^^^^^^^^^^^^^^
  4 | import { competencies, projects, getCategoryLabel } from "@/lib/data";
  5 | import { getProjectCategorySections } from "@/lib/view-models/projects";
  6 |

Import map: aliased to relative './components/portfolio/visual-preview' inside of [project]/

https://nextjs.org/docs/messages/module-not-found @ http://127.0.0.1:3000/Portfolio-bts/_next/static/chunks/node_modules_next_dist_0u_w_5s._.js:1945
[  498175ms] [ERROR] ./app/veille/page.tsx:3:1
Module not found: Can't resolve '@/components/portfolio/visual-preview'
  1 | import Link from "next/link";
  2 | import { ArrowUpRight } from "lucide-react";
> 3 | import { VisualPreview } from "@/components/portfolio/visual-preview";
    | ^^^^^^^^^^^^^^^^^^^^^^^^^^^^^^^^^^^^^^^^^^^^^^^^^^^^^^^^^^^^^^^^^^^^^^
  4 | import { Badge } from "@/components/ui/badge";
  5 | import { watchEntries } from "@/lib/data";
  6 |

Import map: aliased to relative './components/portfolio/visual-preview' inside of [project]/

https://nextjs.org/docs/messages/module-not-found @ http://127.0.0.1:3000/Portfolio-bts/_next/static/chunks/node_modules_next_dist_0u_w_5s._.js:1945
[  498237ms] [ERROR] ./app/projets/page.tsx:3:1
Module not found: Can't resolve '@/components/portfolio/visual-preview'
  1 | import Link from "next/link";
  2 | import { ArrowUpRight } from "lucide-react";
> 3 | import { VisualPreview } from "@/components/portfolio/visual-preview";
    | ^^^^^^^^^^^^^^^^^^^^^^^^^^^^^^^^^^^^^^^^^^^^^^^^^^^^^^^^^^^^^^^^^^^^^^
  4 | import { competencies, projects, getCategoryLabel } from "@/lib/data";
  5 | import { getProjectCategorySections } from "@/lib/view-models/projects";
  6 |

Import map: aliased to relative './components/portfolio/visual-preview' inside of [project]/

https://nextjs.org/docs/messages/module-not-found @ http://127.0.0.1:3000/Portfolio-bts/_next/static/chunks/node_modules_next_dist_0u_w_5s._.js:1945
[  498237ms] [ERROR] ./app/veille/page.tsx:3:1
Module not found: Can't resolve '@/components/portfolio/visual-preview'
  1 | import Link from "next/link";
  2 | import { ArrowUpRight } from "lucide-react";
> 3 | import { VisualPreview } from "@/components/portfolio/visual-preview";
    | ^^^^^^^^^^^^^^^^^^^^^^^^^^^^^^^^^^^^^^^^^^^^^^^^^^^^^^^^^^^^^^^^^^^^^^
  4 | import { Badge } from "@/components/ui/badge";
  5 | import { watchEntries } from "@/lib/data";
  6 |

Import map: aliased to relative './components/portfolio/visual-preview' inside of [project]/

https://nextjs.org/docs/messages/module-not-found @ http://127.0.0.1:3000/Portfolio-bts/_next/static/chunks/node_modules_next_dist_0u_w_5s._.js:1945
[  498300ms] [ERROR] ./app/projets/page.tsx:3:1
Module not found: Can't resolve '@/components/portfolio/visual-preview'
  1 | import Link from "next/link";
  2 | import { ArrowUpRight } from "lucide-react";
> 3 | import { VisualPreview } from "@/components/portfolio/visual-preview";
    | ^^^^^^^^^^^^^^^^^^^^^^^^^^^^^^^^^^^^^^^^^^^^^^^^^^^^^^^^^^^^^^^^^^^^^^
  4 | import { competencies, projects, getCategoryLabel } from "@/lib/data";
  5 | import { getProjectCategorySections } from "@/lib/view-models/projects";
  6 |

Import map: aliased to relative './components/portfolio/visual-preview' inside of [project]/

https://nextjs.org/docs/messages/module-not-found @ http://127.0.0.1:3000/Portfolio-bts/_next/static/chunks/node_modules_next_dist_0u_w_5s._.js:1945
[  498300ms] [ERROR] ./app/veille/page.tsx:3:1
Module not found: Can't resolve '@/components/portfolio/visual-preview'
  1 | import Link from "next/link";
  2 | import { ArrowUpRight } from "lucide-react";
> 3 | import { VisualPreview } from "@/components/portfolio/visual-preview";
    | ^^^^^^^^^^^^^^^^^^^^^^^^^^^^^^^^^^^^^^^^^^^^^^^^^^^^^^^^^^^^^^^^^^^^^^
  4 | import { Badge } from "@/components/ui/badge";
  5 | import { watchEntries } from "@/lib/data";
  6 |

Import map: aliased to relative './components/portfolio/visual-preview' inside of [project]/

https://nextjs.org/docs/messages/module-not-found @ http://127.0.0.1:3000/Portfolio-bts/_next/static/chunks/node_modules_next_dist_0u_w_5s._.js:1945
[  498363ms] [ERROR] ./app/projets/page.tsx:3:1
Module not found: Can't resolve '@/components/portfolio/visual-preview'
  1 | import Link from "next/link";
  2 | import { ArrowUpRight } from "lucide-react";
> 3 | import { VisualPreview } from "@/components/portfolio/visual-preview";
    | ^^^^^^^^^^^^^^^^^^^^^^^^^^^^^^^^^^^^^^^^^^^^^^^^^^^^^^^^^^^^^^^^^^^^^^
  4 | import { competencies, projects, getCategoryLabel } from "@/lib/data";
  5 | import { getProjectCategorySections } from "@/lib/view-models/projects";
  6 |

Import map: aliased to relative './components/portfolio/visual-preview' inside of [project]/

https://nextjs.org/docs/messages/module-not-found @ http://127.0.0.1:3000/Portfolio-bts/_next/static/chunks/node_modules_next_dist_0u_w_5s._.js:1945
[  498363ms] [ERROR] ./app/veille/page.tsx:3:1
Module not found: Can't resolve '@/components/portfolio/visual-preview'
  1 | import Link from "next/link";
  2 | import { ArrowUpRight } from "lucide-react";
> 3 | import { VisualPreview } from "@/components/portfolio/visual-preview";
    | ^^^^^^^^^^^^^^^^^^^^^^^^^^^^^^^^^^^^^^^^^^^^^^^^^^^^^^^^^^^^^^^^^^^^^^
  4 | import { Badge } from "@/components/ui/badge";
  5 | import { watchEntries } from "@/lib/data";
  6 |

Import map: aliased to relative './components/portfolio/visual-preview' inside of [project]/

https://nextjs.org/docs/messages/module-not-found @ http://127.0.0.1:3000/Portfolio-bts/_next/static/chunks/node_modules_next_dist_0u_w_5s._.js:1945
[  498426ms] [ERROR] ./app/projets/page.tsx:3:1
Module not found: Can't resolve '@/components/portfolio/visual-preview'
  1 | import Link from "next/link";
  2 | import { ArrowUpRight } from "lucide-react";
> 3 | import { VisualPreview } from "@/components/portfolio/visual-preview";
    | ^^^^^^^^^^^^^^^^^^^^^^^^^^^^^^^^^^^^^^^^^^^^^^^^^^^^^^^^^^^^^^^^^^^^^^
  4 | import { competencies, projects, getCategoryLabel } from "@/lib/data";
  5 | import { getProjectCategorySections } from "@/lib/view-models/projects";
  6 |

Import map: aliased to relative './components/portfolio/visual-preview' inside of [project]/

https://nextjs.org/docs/messages/module-not-found @ http://127.0.0.1:3000/Portfolio-bts/_next/static/chunks/node_modules_next_dist_0u_w_5s._.js:1945
[  498426ms] [ERROR] ./app/veille/page.tsx:3:1
Module not found: Can't resolve '@/components/portfolio/visual-preview'
  1 | import Link from "next/link";
  2 | import { ArrowUpRight } from "lucide-react";
> 3 | import { VisualPreview } from "@/components/portfolio/visual-preview";
    | ^^^^^^^^^^^^^^^^^^^^^^^^^^^^^^^^^^^^^^^^^^^^^^^^^^^^^^^^^^^^^^^^^^^^^^
  4 | import { Badge } from "@/components/ui/badge";
  5 | import { watchEntries } from "@/lib/data";
  6 |

Import map: aliased to relative './components/portfolio/visual-preview' inside of [project]/

https://nextjs.org/docs/messages/module-not-found @ http://127.0.0.1:3000/Portfolio-bts/_next/static/chunks/node_modules_next_dist_0u_w_5s._.js:1945
[  498488ms] [ERROR] ./app/projets/page.tsx:3:1
Module not found: Can't resolve '@/components/portfolio/visual-preview'
  1 | import Link from "next/link";
  2 | import { ArrowUpRight } from "lucide-react";
> 3 | import { VisualPreview } from "@/components/portfolio/visual-preview";
    | ^^^^^^^^^^^^^^^^^^^^^^^^^^^^^^^^^^^^^^^^^^^^^^^^^^^^^^^^^^^^^^^^^^^^^^
  4 | import { competencies, projects, getCategoryLabel } from "@/lib/data";
  5 | import { getProjectCategorySections } from "@/lib/view-models/projects";
  6 |

Import map: aliased to relative './components/portfolio/visual-preview' inside of [project]/

https://nextjs.org/docs/messages/module-not-found @ http://127.0.0.1:3000/Portfolio-bts/_next/static/chunks/node_modules_next_dist_0u_w_5s._.js:1945
[  498488ms] [ERROR] ./app/veille/page.tsx:3:1
Module not found: Can't resolve '@/components/portfolio/visual-preview'
  1 | import Link from "next/link";
  2 | import { ArrowUpRight } from "lucide-react";
> 3 | import { VisualPreview } from "@/components/portfolio/visual-preview";
    | ^^^^^^^^^^^^^^^^^^^^^^^^^^^^^^^^^^^^^^^^^^^^^^^^^^^^^^^^^^^^^^^^^^^^^^
  4 | import { Badge } from "@/components/ui/badge";
  5 | import { watchEntries } from "@/lib/data";
  6 |

Import map: aliased to relative './components/portfolio/visual-preview' inside of [project]/

https://nextjs.org/docs/messages/module-not-found @ http://127.0.0.1:3000/Portfolio-bts/_next/static/chunks/node_modules_next_dist_0u_w_5s._.js:1945
[  498550ms] [ERROR] ./app/projets/page.tsx:3:1
Module not found: Can't resolve '@/components/portfolio/visual-preview'
  1 | import Link from "next/link";
  2 | import { ArrowUpRight } from "lucide-react";
> 3 | import { VisualPreview } from "@/components/portfolio/visual-preview";
    | ^^^^^^^^^^^^^^^^^^^^^^^^^^^^^^^^^^^^^^^^^^^^^^^^^^^^^^^^^^^^^^^^^^^^^^
  4 | import { competencies, projects, getCategoryLabel } from "@/lib/data";
  5 | import { getProjectCategorySections } from "@/lib/view-models/projects";
  6 |

Import map: aliased to relative './components/portfolio/visual-preview' inside of [project]/

https://nextjs.org/docs/messages/module-not-found @ http://127.0.0.1:3000/Portfolio-bts/_next/static/chunks/node_modules_next_dist_0u_w_5s._.js:1945
[  498550ms] [ERROR] ./app/veille/page.tsx:3:1
Module not found: Can't resolve '@/components/portfolio/visual-preview'
  1 | import Link from "next/link";
  2 | import { ArrowUpRight } from "lucide-react";
> 3 | import { VisualPreview } from "@/components/portfolio/visual-preview";
    | ^^^^^^^^^^^^^^^^^^^^^^^^^^^^^^^^^^^^^^^^^^^^^^^^^^^^^^^^^^^^^^^^^^^^^^
  4 | import { Badge } from "@/components/ui/badge";
  5 | import { watchEntries } from "@/lib/data";
  6 |

Import map: aliased to relative './components/portfolio/visual-preview' inside of [project]/

https://nextjs.org/docs/messages/module-not-found @ http://127.0.0.1:3000/Portfolio-bts/_next/static/chunks/node_modules_next_dist_0u_w_5s._.js:1945
[  498614ms] [ERROR] ./app/projets/page.tsx:3:1
Module not found: Can't resolve '@/components/portfolio/visual-preview'
  1 | import Link from "next/link";
  2 | import { ArrowUpRight } from "lucide-react";
> 3 | import { VisualPreview } from "@/components/portfolio/visual-preview";
    | ^^^^^^^^^^^^^^^^^^^^^^^^^^^^^^^^^^^^^^^^^^^^^^^^^^^^^^^^^^^^^^^^^^^^^^
  4 | import { competencies, projects, getCategoryLabel } from "@/lib/data";
  5 | import { getProjectCategorySections } from "@/lib/view-models/projects";
  6 |

Import map: aliased to relative './components/portfolio/visual-preview' inside of [project]/

https://nextjs.org/docs/messages/module-not-found @ http://127.0.0.1:3000/Portfolio-bts/_next/static/chunks/node_modules_next_dist_0u_w_5s._.js:1945
[  498614ms] [ERROR] ./app/veille/page.tsx:3:1
Module not found: Can't resolve '@/components/portfolio/visual-preview'
  1 | import Link from "next/link";
  2 | import { ArrowUpRight } from "lucide-react";
> 3 | import { VisualPreview } from "@/components/portfolio/visual-preview";
    | ^^^^^^^^^^^^^^^^^^^^^^^^^^^^^^^^^^^^^^^^^^^^^^^^^^^^^^^^^^^^^^^^^^^^^^
  4 | import { Badge } from "@/components/ui/badge";
  5 | import { watchEntries } from "@/lib/data";
  6 |

Import map: aliased to relative './components/portfolio/visual-preview' inside of [project]/

https://nextjs.org/docs/messages/module-not-found @ http://127.0.0.1:3000/Portfolio-bts/_next/static/chunks/node_modules_next_dist_0u_w_5s._.js:1945
[  498677ms] [ERROR] ./app/projets/page.tsx:3:1
Module not found: Can't resolve '@/components/portfolio/visual-preview'
  1 | import Link from "next/link";
  2 | import { ArrowUpRight } from "lucide-react";
> 3 | import { VisualPreview } from "@/components/portfolio/visual-preview";
    | ^^^^^^^^^^^^^^^^^^^^^^^^^^^^^^^^^^^^^^^^^^^^^^^^^^^^^^^^^^^^^^^^^^^^^^
  4 | import { competencies, projects, getCategoryLabel } from "@/lib/data";
  5 | import { getProjectCategorySections } from "@/lib/view-models/projects";
  6 |

Import map: aliased to relative './components/portfolio/visual-preview' inside of [project]/

https://nextjs.org/docs/messages/module-not-found @ http://127.0.0.1:3000/Portfolio-bts/_next/static/chunks/node_modules_next_dist_0u_w_5s._.js:1945
[  498677ms] [ERROR] ./app/veille/page.tsx:3:1
Module not found: Can't resolve '@/components/portfolio/visual-preview'
  1 | import Link from "next/link";
  2 | import { ArrowUpRight } from "lucide-react";
> 3 | import { VisualPreview } from "@/components/portfolio/visual-preview";
    | ^^^^^^^^^^^^^^^^^^^^^^^^^^^^^^^^^^^^^^^^^^^^^^^^^^^^^^^^^^^^^^^^^^^^^^
  4 | import { Badge } from "@/components/ui/badge";
  5 | import { watchEntries } from "@/lib/data";
  6 |

Import map: aliased to relative './components/portfolio/visual-preview' inside of [project]/

https://nextjs.org/docs/messages/module-not-found @ http://127.0.0.1:3000/Portfolio-bts/_next/static/chunks/node_modules_next_dist_0u_w_5s._.js:1945
[  498738ms] [ERROR] ./app/projets/page.tsx:3:1
Module not found: Can't resolve '@/components/portfolio/visual-preview'
  1 | import Link from "next/link";
  2 | import { ArrowUpRight } from "lucide-react";
> 3 | import { VisualPreview } from "@/components/portfolio/visual-preview";
    | ^^^^^^^^^^^^^^^^^^^^^^^^^^^^^^^^^^^^^^^^^^^^^^^^^^^^^^^^^^^^^^^^^^^^^^
  4 | import { competencies, projects, getCategoryLabel } from "@/lib/data";
  5 | import { getProjectCategorySections } from "@/lib/view-models/projects";
  6 |

Import map: aliased to relative './components/portfolio/visual-preview' inside of [project]/

https://nextjs.org/docs/messages/module-not-found @ http://127.0.0.1:3000/Portfolio-bts/_next/static/chunks/node_modules_next_dist_0u_w_5s._.js:1945
[  498738ms] [ERROR] ./app/veille/page.tsx:3:1
Module not found: Can't resolve '@/components/portfolio/visual-preview'
  1 | import Link from "next/link";
  2 | import { ArrowUpRight } from "lucide-react";
> 3 | import { VisualPreview } from "@/components/portfolio/visual-preview";
    | ^^^^^^^^^^^^^^^^^^^^^^^^^^^^^^^^^^^^^^^^^^^^^^^^^^^^^^^^^^^^^^^^^^^^^^
  4 | import { Badge } from "@/components/ui/badge";
  5 | import { watchEntries } from "@/lib/data";
  6 |

Import map: aliased to relative './components/portfolio/visual-preview' inside of [project]/

https://nextjs.org/docs/messages/module-not-found @ http://127.0.0.1:3000/Portfolio-bts/_next/static/chunks/node_modules_next_dist_0u_w_5s._.js:1945
[  498799ms] [ERROR] ./app/projets/page.tsx:3:1
Module not found: Can't resolve '@/components/portfolio/visual-preview'
  1 | import Link from "next/link";
  2 | import { ArrowUpRight } from "lucide-react";
> 3 | import { VisualPreview } from "@/components/portfolio/visual-preview";
    | ^^^^^^^^^^^^^^^^^^^^^^^^^^^^^^^^^^^^^^^^^^^^^^^^^^^^^^^^^^^^^^^^^^^^^^
  4 | import { competencies, projects, getCategoryLabel } from "@/lib/data";
  5 | import { getProjectCategorySections } from "@/lib/view-models/projects";
  6 |

Import map: aliased to relative './components/portfolio/visual-preview' inside of [project]/

https://nextjs.org/docs/messages/module-not-found @ http://127.0.0.1:3000/Portfolio-bts/_next/static/chunks/node_modules_next_dist_0u_w_5s._.js:1945
[  498799ms] [ERROR] ./app/veille/page.tsx:3:1
Module not found: Can't resolve '@/components/portfolio/visual-preview'
  1 | import Link from "next/link";
  2 | import { ArrowUpRight } from "lucide-react";
> 3 | import { VisualPreview } from "@/components/portfolio/visual-preview";
    | ^^^^^^^^^^^^^^^^^^^^^^^^^^^^^^^^^^^^^^^^^^^^^^^^^^^^^^^^^^^^^^^^^^^^^^
  4 | import { Badge } from "@/components/ui/badge";
  5 | import { watchEntries } from "@/lib/data";
  6 |

Import map: aliased to relative './components/portfolio/visual-preview' inside of [project]/

https://nextjs.org/docs/messages/module-not-found @ http://127.0.0.1:3000/Portfolio-bts/_next/static/chunks/node_modules_next_dist_0u_w_5s._.js:1945
[  498862ms] [ERROR] ./app/projets/page.tsx:3:1
Module not found: Can't resolve '@/components/portfolio/visual-preview'
  1 | import Link from "next/link";
  2 | import { ArrowUpRight } from "lucide-react";
> 3 | import { VisualPreview } from "@/components/portfolio/visual-preview";
    | ^^^^^^^^^^^^^^^^^^^^^^^^^^^^^^^^^^^^^^^^^^^^^^^^^^^^^^^^^^^^^^^^^^^^^^
  4 | import { competencies, projects, getCategoryLabel } from "@/lib/data";
  5 | import { getProjectCategorySections } from "@/lib/view-models/projects";
  6 |

Import map: aliased to relative './components/portfolio/visual-preview' inside of [project]/

https://nextjs.org/docs/messages/module-not-found @ http://127.0.0.1:3000/Portfolio-bts/_next/static/chunks/node_modules_next_dist_0u_w_5s._.js:1945
[  498862ms] [ERROR] ./app/veille/page.tsx:3:1
Module not found: Can't resolve '@/components/portfolio/visual-preview'
  1 | import Link from "next/link";
  2 | import { ArrowUpRight } from "lucide-react";
> 3 | import { VisualPreview } from "@/components/portfolio/visual-preview";
    | ^^^^^^^^^^^^^^^^^^^^^^^^^^^^^^^^^^^^^^^^^^^^^^^^^^^^^^^^^^^^^^^^^^^^^^
  4 | import { Badge } from "@/components/ui/badge";
  5 | import { watchEntries } from "@/lib/data";
  6 |

Import map: aliased to relative './components/portfolio/visual-preview' inside of [project]/

https://nextjs.org/docs/messages/module-not-found @ http://127.0.0.1:3000/Portfolio-bts/_next/static/chunks/node_modules_next_dist_0u_w_5s._.js:1945
[  498923ms] [ERROR] ./app/projets/page.tsx:3:1
Module not found: Can't resolve '@/components/portfolio/visual-preview'
  1 | import Link from "next/link";
  2 | import { ArrowUpRight } from "lucide-react";
> 3 | import { VisualPreview } from "@/components/portfolio/visual-preview";
    | ^^^^^^^^^^^^^^^^^^^^^^^^^^^^^^^^^^^^^^^^^^^^^^^^^^^^^^^^^^^^^^^^^^^^^^
  4 | import { competencies, projects, getCategoryLabel } from "@/lib/data";
  5 | import { getProjectCategorySections } from "@/lib/view-models/projects";
  6 |

Import map: aliased to relative './components/portfolio/visual-preview' inside of [project]/

https://nextjs.org/docs/messages/module-not-found @ http://127.0.0.1:3000/Portfolio-bts/_next/static/chunks/node_modules_next_dist_0u_w_5s._.js:1945
[  498923ms] [ERROR] ./app/veille/page.tsx:3:1
Module not found: Can't resolve '@/components/portfolio/visual-preview'
  1 | import Link from "next/link";
  2 | import { ArrowUpRight } from "lucide-react";
> 3 | import { VisualPreview } from "@/components/portfolio/visual-preview";
    | ^^^^^^^^^^^^^^^^^^^^^^^^^^^^^^^^^^^^^^^^^^^^^^^^^^^^^^^^^^^^^^^^^^^^^^
  4 | import { Badge } from "@/components/ui/badge";
  5 | import { watchEntries } from "@/lib/data";
  6 |

Import map: aliased to relative './components/portfolio/visual-preview' inside of [project]/

https://nextjs.org/docs/messages/module-not-found @ http://127.0.0.1:3000/Portfolio-bts/_next/static/chunks/node_modules_next_dist_0u_w_5s._.js:1945
[  498986ms] [ERROR] ./app/projets/page.tsx:3:1
Module not found: Can't resolve '@/components/portfolio/visual-preview'
  1 | import Link from "next/link";
  2 | import { ArrowUpRight } from "lucide-react";
> 3 | import { VisualPreview } from "@/components/portfolio/visual-preview";
    | ^^^^^^^^^^^^^^^^^^^^^^^^^^^^^^^^^^^^^^^^^^^^^^^^^^^^^^^^^^^^^^^^^^^^^^
  4 | import { competencies, projects, getCategoryLabel } from "@/lib/data";
  5 | import { getProjectCategorySections } from "@/lib/view-models/projects";
  6 |

Import map: aliased to relative './components/portfolio/visual-preview' inside of [project]/

https://nextjs.org/docs/messages/module-not-found @ http://127.0.0.1:3000/Portfolio-bts/_next/static/chunks/node_modules_next_dist_0u_w_5s._.js:1945
[  498986ms] [ERROR] ./app/veille/page.tsx:3:1
Module not found: Can't resolve '@/components/portfolio/visual-preview'
  1 | import Link from "next/link";
  2 | import { ArrowUpRight } from "lucide-react";
> 3 | import { VisualPreview } from "@/components/portfolio/visual-preview";
    | ^^^^^^^^^^^^^^^^^^^^^^^^^^^^^^^^^^^^^^^^^^^^^^^^^^^^^^^^^^^^^^^^^^^^^^
  4 | import { Badge } from "@/components/ui/badge";
  5 | import { watchEntries } from "@/lib/data";
  6 |

Import map: aliased to relative './components/portfolio/visual-preview' inside of [project]/

https://nextjs.org/docs/messages/module-not-found @ http://127.0.0.1:3000/Portfolio-bts/_next/static/chunks/node_modules_next_dist_0u_w_5s._.js:1945
[  499050ms] [ERROR] ./app/projets/page.tsx:3:1
Module not found: Can't resolve '@/components/portfolio/visual-preview'
  1 | import Link from "next/link";
  2 | import { ArrowUpRight } from "lucide-react";
> 3 | import { VisualPreview } from "@/components/portfolio/visual-preview";
    | ^^^^^^^^^^^^^^^^^^^^^^^^^^^^^^^^^^^^^^^^^^^^^^^^^^^^^^^^^^^^^^^^^^^^^^
  4 | import { competencies, projects, getCategoryLabel } from "@/lib/data";
  5 | import { getProjectCategorySections } from "@/lib/view-models/projects";
  6 |

Import map: aliased to relative './components/portfolio/visual-preview' inside of [project]/

https://nextjs.org/docs/messages/module-not-found @ http://127.0.0.1:3000/Portfolio-bts/_next/static/chunks/node_modules_next_dist_0u_w_5s._.js:1945
[  499050ms] [ERROR] ./app/veille/page.tsx:3:1
Module not found: Can't resolve '@/components/portfolio/visual-preview'
  1 | import Link from "next/link";
  2 | import { ArrowUpRight } from "lucide-react";
> 3 | import { VisualPreview } from "@/components/portfolio/visual-preview";
    | ^^^^^^^^^^^^^^^^^^^^^^^^^^^^^^^^^^^^^^^^^^^^^^^^^^^^^^^^^^^^^^^^^^^^^^
  4 | import { Badge } from "@/components/ui/badge";
  5 | import { watchEntries } from "@/lib/data";
  6 |

Import map: aliased to relative './components/portfolio/visual-preview' inside of [project]/

https://nextjs.org/docs/messages/module-not-found @ http://127.0.0.1:3000/Portfolio-bts/_next/static/chunks/node_modules_next_dist_0u_w_5s._.js:1945
[  499114ms] [ERROR] ./app/projets/page.tsx:3:1
Module not found: Can't resolve '@/components/portfolio/visual-preview'
  1 | import Link from "next/link";
  2 | import { ArrowUpRight } from "lucide-react";
> 3 | import { VisualPreview } from "@/components/portfolio/visual-preview";
    | ^^^^^^^^^^^^^^^^^^^^^^^^^^^^^^^^^^^^^^^^^^^^^^^^^^^^^^^^^^^^^^^^^^^^^^
  4 | import { competencies, projects, getCategoryLabel } from "@/lib/data";
  5 | import { getProjectCategorySections } from "@/lib/view-models/projects";
  6 |

Import map: aliased to relative './components/portfolio/visual-preview' inside of [project]/

https://nextjs.org/docs/messages/module-not-found @ http://127.0.0.1:3000/Portfolio-bts/_next/static/chunks/node_modules_next_dist_0u_w_5s._.js:1945
[  499114ms] [ERROR] ./app/veille/page.tsx:3:1
Module not found: Can't resolve '@/components/portfolio/visual-preview'
  1 | import Link from "next/link";
  2 | import { ArrowUpRight } from "lucide-react";
> 3 | import { VisualPreview } from "@/components/portfolio/visual-preview";
    | ^^^^^^^^^^^^^^^^^^^^^^^^^^^^^^^^^^^^^^^^^^^^^^^^^^^^^^^^^^^^^^^^^^^^^^
  4 | import { Badge } from "@/components/ui/badge";
  5 | import { watchEntries } from "@/lib/data";
  6 |

Import map: aliased to relative './components/portfolio/visual-preview' inside of [project]/

https://nextjs.org/docs/messages/module-not-found @ http://127.0.0.1:3000/Portfolio-bts/_next/static/chunks/node_modules_next_dist_0u_w_5s._.js:1945
[  499183ms] [ERROR] ./app/projets/page.tsx:3:1
Module not found: Can't resolve '@/components/portfolio/visual-preview'
  1 | import Link from "next/link";
  2 | import { ArrowUpRight } from "lucide-react";
> 3 | import { VisualPreview } from "@/components/portfolio/visual-preview";
    | ^^^^^^^^^^^^^^^^^^^^^^^^^^^^^^^^^^^^^^^^^^^^^^^^^^^^^^^^^^^^^^^^^^^^^^
  4 | import { competencies, projects, getCategoryLabel } from "@/lib/data";
  5 | import { getProjectCategorySections } from "@/lib/view-models/projects";
  6 |

Import map: aliased to relative './components/portfolio/visual-preview' inside of [project]/

https://nextjs.org/docs/messages/module-not-found @ http://127.0.0.1:3000/Portfolio-bts/_next/static/chunks/node_modules_next_dist_0u_w_5s._.js:1945
[  499183ms] [ERROR] ./app/veille/page.tsx:3:1
Module not found: Can't resolve '@/components/portfolio/visual-preview'
  1 | import Link from "next/link";
  2 | import { ArrowUpRight } from "lucide-react";
> 3 | import { VisualPreview } from "@/components/portfolio/visual-preview";
    | ^^^^^^^^^^^^^^^^^^^^^^^^^^^^^^^^^^^^^^^^^^^^^^^^^^^^^^^^^^^^^^^^^^^^^^
  4 | import { Badge } from "@/components/ui/badge";
  5 | import { watchEntries } from "@/lib/data";
  6 |

Import map: aliased to relative './components/portfolio/visual-preview' inside of [project]/

https://nextjs.org/docs/messages/module-not-found @ http://127.0.0.1:3000/Portfolio-bts/_next/static/chunks/node_modules_next_dist_0u_w_5s._.js:1945
[  499238ms] [ERROR] ./app/projets/page.tsx:3:1
Module not found: Can't resolve '@/components/portfolio/visual-preview'
  1 | import Link from "next/link";
  2 | import { ArrowUpRight } from "lucide-react";
> 3 | import { VisualPreview } from "@/components/portfolio/visual-preview";
    | ^^^^^^^^^^^^^^^^^^^^^^^^^^^^^^^^^^^^^^^^^^^^^^^^^^^^^^^^^^^^^^^^^^^^^^
  4 | import { competencies, projects, getCategoryLabel } from "@/lib/data";
  5 | import { getProjectCategorySections } from "@/lib/view-models/projects";
  6 |

Import map: aliased to relative './components/portfolio/visual-preview' inside of [project]/

https://nextjs.org/docs/messages/module-not-found @ http://127.0.0.1:3000/Portfolio-bts/_next/static/chunks/node_modules_next_dist_0u_w_5s._.js:1945
[  499239ms] [ERROR] ./app/veille/page.tsx:3:1
Module not found: Can't resolve '@/components/portfolio/visual-preview'
  1 | import Link from "next/link";
  2 | import { ArrowUpRight } from "lucide-react";
> 3 | import { VisualPreview } from "@/components/portfolio/visual-preview";
    | ^^^^^^^^^^^^^^^^^^^^^^^^^^^^^^^^^^^^^^^^^^^^^^^^^^^^^^^^^^^^^^^^^^^^^^
  4 | import { Badge } from "@/components/ui/badge";
  5 | import { watchEntries } from "@/lib/data";
  6 |

Import map: aliased to relative './components/portfolio/visual-preview' inside of [project]/

https://nextjs.org/docs/messages/module-not-found @ http://127.0.0.1:3000/Portfolio-bts/_next/static/chunks/node_modules_next_dist_0u_w_5s._.js:1945
[  499300ms] [ERROR] ./app/projets/page.tsx:3:1
Module not found: Can't resolve '@/components/portfolio/visual-preview'
  1 | import Link from "next/link";
  2 | import { ArrowUpRight } from "lucide-react";
> 3 | import { VisualPreview } from "@/components/portfolio/visual-preview";
    | ^^^^^^^^^^^^^^^^^^^^^^^^^^^^^^^^^^^^^^^^^^^^^^^^^^^^^^^^^^^^^^^^^^^^^^
  4 | import { competencies, projects, getCategoryLabel } from "@/lib/data";
  5 | import { getProjectCategorySections } from "@/lib/view-models/projects";
  6 |

Import map: aliased to relative './components/portfolio/visual-preview' inside of [project]/

https://nextjs.org/docs/messages/module-not-found @ http://127.0.0.1:3000/Portfolio-bts/_next/static/chunks/node_modules_next_dist_0u_w_5s._.js:1945
[  499300ms] [ERROR] ./app/veille/page.tsx:3:1
Module not found: Can't resolve '@/components/portfolio/visual-preview'
  1 | import Link from "next/link";
  2 | import { ArrowUpRight } from "lucide-react";
> 3 | import { VisualPreview } from "@/components/portfolio/visual-preview";
    | ^^^^^^^^^^^^^^^^^^^^^^^^^^^^^^^^^^^^^^^^^^^^^^^^^^^^^^^^^^^^^^^^^^^^^^
  4 | import { Badge } from "@/components/ui/badge";
  5 | import { watchEntries } from "@/lib/data";
  6 |

Import map: aliased to relative './components/portfolio/visual-preview' inside of [project]/

https://nextjs.org/docs/messages/module-not-found @ http://127.0.0.1:3000/Portfolio-bts/_next/static/chunks/node_modules_next_dist_0u_w_5s._.js:1945
[  499362ms] [ERROR] ./app/projets/page.tsx:3:1
Module not found: Can't resolve '@/components/portfolio/visual-preview'
  1 | import Link from "next/link";
  2 | import { ArrowUpRight } from "lucide-react";
> 3 | import { VisualPreview } from "@/components/portfolio/visual-preview";
    | ^^^^^^^^^^^^^^^^^^^^^^^^^^^^^^^^^^^^^^^^^^^^^^^^^^^^^^^^^^^^^^^^^^^^^^
  4 | import { competencies, projects, getCategoryLabel } from "@/lib/data";
  5 | import { getProjectCategorySections } from "@/lib/view-models/projects";
  6 |

Import map: aliased to relative './components/portfolio/visual-preview' inside of [project]/

https://nextjs.org/docs/messages/module-not-found @ http://127.0.0.1:3000/Portfolio-bts/_next/static/chunks/node_modules_next_dist_0u_w_5s._.js:1945
[  499362ms] [ERROR] ./app/veille/page.tsx:3:1
Module not found: Can't resolve '@/components/portfolio/visual-preview'
  1 | import Link from "next/link";
  2 | import { ArrowUpRight } from "lucide-react";
> 3 | import { VisualPreview } from "@/components/portfolio/visual-preview";
    | ^^^^^^^^^^^^^^^^^^^^^^^^^^^^^^^^^^^^^^^^^^^^^^^^^^^^^^^^^^^^^^^^^^^^^^
  4 | import { Badge } from "@/components/ui/badge";
  5 | import { watchEntries } from "@/lib/data";
  6 |

Import map: aliased to relative './components/portfolio/visual-preview' inside of [project]/

https://nextjs.org/docs/messages/module-not-found @ http://127.0.0.1:3000/Portfolio-bts/_next/static/chunks/node_modules_next_dist_0u_w_5s._.js:1945
[  499423ms] [ERROR] ./app/projets/page.tsx:3:1
Module not found: Can't resolve '@/components/portfolio/visual-preview'
  1 | import Link from "next/link";
  2 | import { ArrowUpRight } from "lucide-react";
> 3 | import { VisualPreview } from "@/components/portfolio/visual-preview";
    | ^^^^^^^^^^^^^^^^^^^^^^^^^^^^^^^^^^^^^^^^^^^^^^^^^^^^^^^^^^^^^^^^^^^^^^
  4 | import { competencies, projects, getCategoryLabel } from "@/lib/data";
  5 | import { getProjectCategorySections } from "@/lib/view-models/projects";
  6 |

Import map: aliased to relative './components/portfolio/visual-preview' inside of [project]/

https://nextjs.org/docs/messages/module-not-found @ http://127.0.0.1:3000/Portfolio-bts/_next/static/chunks/node_modules_next_dist_0u_w_5s._.js:1945
[  499424ms] [ERROR] ./app/veille/page.tsx:3:1
Module not found: Can't resolve '@/components/portfolio/visual-preview'
  1 | import Link from "next/link";
  2 | import { ArrowUpRight } from "lucide-react";
> 3 | import { VisualPreview } from "@/components/portfolio/visual-preview";
    | ^^^^^^^^^^^^^^^^^^^^^^^^^^^^^^^^^^^^^^^^^^^^^^^^^^^^^^^^^^^^^^^^^^^^^^
  4 | import { Badge } from "@/components/ui/badge";
  5 | import { watchEntries } from "@/lib/data";
  6 |

Import map: aliased to relative './components/portfolio/visual-preview' inside of [project]/

https://nextjs.org/docs/messages/module-not-found @ http://127.0.0.1:3000/Portfolio-bts/_next/static/chunks/node_modules_next_dist_0u_w_5s._.js:1945
[  499486ms] [ERROR] ./app/projets/page.tsx:3:1
Module not found: Can't resolve '@/components/portfolio/visual-preview'
  1 | import Link from "next/link";
  2 | import { ArrowUpRight } from "lucide-react";
> 3 | import { VisualPreview } from "@/components/portfolio/visual-preview";
    | ^^^^^^^^^^^^^^^^^^^^^^^^^^^^^^^^^^^^^^^^^^^^^^^^^^^^^^^^^^^^^^^^^^^^^^
  4 | import { competencies, projects, getCategoryLabel } from "@/lib/data";
  5 | import { getProjectCategorySections } from "@/lib/view-models/projects";
  6 |

Import map: aliased to relative './components/portfolio/visual-preview' inside of [project]/

https://nextjs.org/docs/messages/module-not-found @ http://127.0.0.1:3000/Portfolio-bts/_next/static/chunks/node_modules_next_dist_0u_w_5s._.js:1945
[  499487ms] [ERROR] ./app/veille/page.tsx:3:1
Module not found: Can't resolve '@/components/portfolio/visual-preview'
  1 | import Link from "next/link";
  2 | import { ArrowUpRight } from "lucide-react";
> 3 | import { VisualPreview } from "@/components/portfolio/visual-preview";
    | ^^^^^^^^^^^^^^^^^^^^^^^^^^^^^^^^^^^^^^^^^^^^^^^^^^^^^^^^^^^^^^^^^^^^^^
  4 | import { Badge } from "@/components/ui/badge";
  5 | import { watchEntries } from "@/lib/data";
  6 |

Import map: aliased to relative './components/portfolio/visual-preview' inside of [project]/

https://nextjs.org/docs/messages/module-not-found @ http://127.0.0.1:3000/Portfolio-bts/_next/static/chunks/node_modules_next_dist_0u_w_5s._.js:1945
[  499548ms] [ERROR] ./app/projets/page.tsx:3:1
Module not found: Can't resolve '@/components/portfolio/visual-preview'
  1 | import Link from "next/link";
  2 | import { ArrowUpRight } from "lucide-react";
> 3 | import { VisualPreview } from "@/components/portfolio/visual-preview";
    | ^^^^^^^^^^^^^^^^^^^^^^^^^^^^^^^^^^^^^^^^^^^^^^^^^^^^^^^^^^^^^^^^^^^^^^
  4 | import { competencies, projects, getCategoryLabel } from "@/lib/data";
  5 | import { getProjectCategorySections } from "@/lib/view-models/projects";
  6 |

Import map: aliased to relative './components/portfolio/visual-preview' inside of [project]/

https://nextjs.org/docs/messages/module-not-found @ http://127.0.0.1:3000/Portfolio-bts/_next/static/chunks/node_modules_next_dist_0u_w_5s._.js:1945
[  499549ms] [ERROR] ./app/veille/page.tsx:3:1
Module not found: Can't resolve '@/components/portfolio/visual-preview'
  1 | import Link from "next/link";
  2 | import { ArrowUpRight } from "lucide-react";
> 3 | import { VisualPreview } from "@/components/portfolio/visual-preview";
    | ^^^^^^^^^^^^^^^^^^^^^^^^^^^^^^^^^^^^^^^^^^^^^^^^^^^^^^^^^^^^^^^^^^^^^^
  4 | import { Badge } from "@/components/ui/badge";
  5 | import { watchEntries } from "@/lib/data";
  6 |

Import map: aliased to relative './components/portfolio/visual-preview' inside of [project]/

https://nextjs.org/docs/messages/module-not-found @ http://127.0.0.1:3000/Portfolio-bts/_next/static/chunks/node_modules_next_dist_0u_w_5s._.js:1945
[  499612ms] [ERROR] ./app/projets/page.tsx:3:1
Module not found: Can't resolve '@/components/portfolio/visual-preview'
  1 | import Link from "next/link";
  2 | import { ArrowUpRight } from "lucide-react";
> 3 | import { VisualPreview } from "@/components/portfolio/visual-preview";
    | ^^^^^^^^^^^^^^^^^^^^^^^^^^^^^^^^^^^^^^^^^^^^^^^^^^^^^^^^^^^^^^^^^^^^^^
  4 | import { competencies, projects, getCategoryLabel } from "@/lib/data";
  5 | import { getProjectCategorySections } from "@/lib/view-models/projects";
  6 |

Import map: aliased to relative './components/portfolio/visual-preview' inside of [project]/

https://nextjs.org/docs/messages/module-not-found @ http://127.0.0.1:3000/Portfolio-bts/_next/static/chunks/node_modules_next_dist_0u_w_5s._.js:1945
[  499613ms] [ERROR] ./app/veille/page.tsx:3:1
Module not found: Can't resolve '@/components/portfolio/visual-preview'
  1 | import Link from "next/link";
  2 | import { ArrowUpRight } from "lucide-react";
> 3 | import { VisualPreview } from "@/components/portfolio/visual-preview";
    | ^^^^^^^^^^^^^^^^^^^^^^^^^^^^^^^^^^^^^^^^^^^^^^^^^^^^^^^^^^^^^^^^^^^^^^
  4 | import { Badge } from "@/components/ui/badge";
  5 | import { watchEntries } from "@/lib/data";
  6 |

Import map: aliased to relative './components/portfolio/visual-preview' inside of [project]/

https://nextjs.org/docs/messages/module-not-found @ http://127.0.0.1:3000/Portfolio-bts/_next/static/chunks/node_modules_next_dist_0u_w_5s._.js:1945
[  499675ms] [ERROR] ./app/projets/page.tsx:3:1
Module not found: Can't resolve '@/components/portfolio/visual-preview'
  1 | import Link from "next/link";
  2 | import { ArrowUpRight } from "lucide-react";
> 3 | import { VisualPreview } from "@/components/portfolio/visual-preview";
    | ^^^^^^^^^^^^^^^^^^^^^^^^^^^^^^^^^^^^^^^^^^^^^^^^^^^^^^^^^^^^^^^^^^^^^^
  4 | import { competencies, projects, getCategoryLabel } from "@/lib/data";
  5 | import { getProjectCategorySections } from "@/lib/view-models/projects";
  6 |

Import map: aliased to relative './components/portfolio/visual-preview' inside of [project]/

https://nextjs.org/docs/messages/module-not-found @ http://127.0.0.1:3000/Portfolio-bts/_next/static/chunks/node_modules_next_dist_0u_w_5s._.js:1945
[  499675ms] [ERROR] ./app/veille/page.tsx:3:1
Module not found: Can't resolve '@/components/portfolio/visual-preview'
  1 | import Link from "next/link";
  2 | import { ArrowUpRight } from "lucide-react";
> 3 | import { VisualPreview } from "@/components/portfolio/visual-preview";
    | ^^^^^^^^^^^^^^^^^^^^^^^^^^^^^^^^^^^^^^^^^^^^^^^^^^^^^^^^^^^^^^^^^^^^^^
  4 | import { Badge } from "@/components/ui/badge";
  5 | import { watchEntries } from "@/lib/data";
  6 |

Import map: aliased to relative './components/portfolio/visual-preview' inside of [project]/

https://nextjs.org/docs/messages/module-not-found @ http://127.0.0.1:3000/Portfolio-bts/_next/static/chunks/node_modules_next_dist_0u_w_5s._.js:1945
[  499738ms] [ERROR] ./app/projets/page.tsx:3:1
Module not found: Can't resolve '@/components/portfolio/visual-preview'
  1 | import Link from "next/link";
  2 | import { ArrowUpRight } from "lucide-react";
> 3 | import { VisualPreview } from "@/components/portfolio/visual-preview";
    | ^^^^^^^^^^^^^^^^^^^^^^^^^^^^^^^^^^^^^^^^^^^^^^^^^^^^^^^^^^^^^^^^^^^^^^
  4 | import { competencies, projects, getCategoryLabel } from "@/lib/data";
  5 | import { getProjectCategorySections } from "@/lib/view-models/projects";
  6 |

Import map: aliased to relative './components/portfolio/visual-preview' inside of [project]/

https://nextjs.org/docs/messages/module-not-found @ http://127.0.0.1:3000/Portfolio-bts/_next/static/chunks/node_modules_next_dist_0u_w_5s._.js:1945
[  499738ms] [ERROR] ./app/veille/page.tsx:3:1
Module not found: Can't resolve '@/components/portfolio/visual-preview'
  1 | import Link from "next/link";
  2 | import { ArrowUpRight } from "lucide-react";
> 3 | import { VisualPreview } from "@/components/portfolio/visual-preview";
    | ^^^^^^^^^^^^^^^^^^^^^^^^^^^^^^^^^^^^^^^^^^^^^^^^^^^^^^^^^^^^^^^^^^^^^^
  4 | import { Badge } from "@/components/ui/badge";
  5 | import { watchEntries } from "@/lib/data";
  6 |

Import map: aliased to relative './components/portfolio/visual-preview' inside of [project]/

https://nextjs.org/docs/messages/module-not-found @ http://127.0.0.1:3000/Portfolio-bts/_next/static/chunks/node_modules_next_dist_0u_w_5s._.js:1945
[  499801ms] [ERROR] ./app/projets/page.tsx:3:1
Module not found: Can't resolve '@/components/portfolio/visual-preview'
  1 | import Link from "next/link";
  2 | import { ArrowUpRight } from "lucide-react";
> 3 | import { VisualPreview } from "@/components/portfolio/visual-preview";
    | ^^^^^^^^^^^^^^^^^^^^^^^^^^^^^^^^^^^^^^^^^^^^^^^^^^^^^^^^^^^^^^^^^^^^^^
  4 | import { competencies, projects, getCategoryLabel } from "@/lib/data";
  5 | import { getProjectCategorySections } from "@/lib/view-models/projects";
  6 |

Import map: aliased to relative './components/portfolio/visual-preview' inside of [project]/

https://nextjs.org/docs/messages/module-not-found @ http://127.0.0.1:3000/Portfolio-bts/_next/static/chunks/node_modules_next_dist_0u_w_5s._.js:1945
[  499801ms] [ERROR] ./app/veille/page.tsx:3:1
Module not found: Can't resolve '@/components/portfolio/visual-preview'
  1 | import Link from "next/link";
  2 | import { ArrowUpRight } from "lucide-react";
> 3 | import { VisualPreview } from "@/components/portfolio/visual-preview";
    | ^^^^^^^^^^^^^^^^^^^^^^^^^^^^^^^^^^^^^^^^^^^^^^^^^^^^^^^^^^^^^^^^^^^^^^
  4 | import { Badge } from "@/components/ui/badge";
  5 | import { watchEntries } from "@/lib/data";
  6 |

Import map: aliased to relative './components/portfolio/visual-preview' inside of [project]/

https://nextjs.org/docs/messages/module-not-found @ http://127.0.0.1:3000/Portfolio-bts/_next/static/chunks/node_modules_next_dist_0u_w_5s._.js:1945
[  499863ms] [ERROR] ./app/projets/page.tsx:3:1
Module not found: Can't resolve '@/components/portfolio/visual-preview'
  1 | import Link from "next/link";
  2 | import { ArrowUpRight } from "lucide-react";
> 3 | import { VisualPreview } from "@/components/portfolio/visual-preview";
    | ^^^^^^^^^^^^^^^^^^^^^^^^^^^^^^^^^^^^^^^^^^^^^^^^^^^^^^^^^^^^^^^^^^^^^^
  4 | import { competencies, projects, getCategoryLabel } from "@/lib/data";
  5 | import { getProjectCategorySections } from "@/lib/view-models/projects";
  6 |

Import map: aliased to relative './components/portfolio/visual-preview' inside of [project]/

https://nextjs.org/docs/messages/module-not-found @ http://127.0.0.1:3000/Portfolio-bts/_next/static/chunks/node_modules_next_dist_0u_w_5s._.js:1945
[  499863ms] [ERROR] ./app/veille/page.tsx:3:1
Module not found: Can't resolve '@/components/portfolio/visual-preview'
  1 | import Link from "next/link";
  2 | import { ArrowUpRight } from "lucide-react";
> 3 | import { VisualPreview } from "@/components/portfolio/visual-preview";
    | ^^^^^^^^^^^^^^^^^^^^^^^^^^^^^^^^^^^^^^^^^^^^^^^^^^^^^^^^^^^^^^^^^^^^^^
  4 | import { Badge } from "@/components/ui/badge";
  5 | import { watchEntries } from "@/lib/data";
  6 |

Import map: aliased to relative './components/portfolio/visual-preview' inside of [project]/

https://nextjs.org/docs/messages/module-not-found @ http://127.0.0.1:3000/Portfolio-bts/_next/static/chunks/node_modules_next_dist_0u_w_5s._.js:1945
[  499926ms] [ERROR] ./app/projets/page.tsx:3:1
Module not found: Can't resolve '@/components/portfolio/visual-preview'
  1 | import Link from "next/link";
  2 | import { ArrowUpRight } from "lucide-react";
> 3 | import { VisualPreview } from "@/components/portfolio/visual-preview";
    | ^^^^^^^^^^^^^^^^^^^^^^^^^^^^^^^^^^^^^^^^^^^^^^^^^^^^^^^^^^^^^^^^^^^^^^
  4 | import { competencies, projects, getCategoryLabel } from "@/lib/data";
  5 | import { getProjectCategorySections } from "@/lib/view-models/projects";
  6 |

Import map: aliased to relative './components/portfolio/visual-preview' inside of [project]/

https://nextjs.org/docs/messages/module-not-found @ http://127.0.0.1:3000/Portfolio-bts/_next/static/chunks/node_modules_next_dist_0u_w_5s._.js:1945
[  499927ms] [ERROR] ./app/veille/page.tsx:3:1
Module not found: Can't resolve '@/components/portfolio/visual-preview'
  1 | import Link from "next/link";
  2 | import { ArrowUpRight } from "lucide-react";
> 3 | import { VisualPreview } from "@/components/portfolio/visual-preview";
    | ^^^^^^^^^^^^^^^^^^^^^^^^^^^^^^^^^^^^^^^^^^^^^^^^^^^^^^^^^^^^^^^^^^^^^^
  4 | import { Badge } from "@/components/ui/badge";
  5 | import { watchEntries } from "@/lib/data";
  6 |

Import map: aliased to relative './components/portfolio/visual-preview' inside of [project]/

https://nextjs.org/docs/messages/module-not-found @ http://127.0.0.1:3000/Portfolio-bts/_next/static/chunks/node_modules_next_dist_0u_w_5s._.js:1945
[  499989ms] [ERROR] ./app/projets/page.tsx:3:1
Module not found: Can't resolve '@/components/portfolio/visual-preview'
  1 | import Link from "next/link";
  2 | import { ArrowUpRight } from "lucide-react";
> 3 | import { VisualPreview } from "@/components/portfolio/visual-preview";
    | ^^^^^^^^^^^^^^^^^^^^^^^^^^^^^^^^^^^^^^^^^^^^^^^^^^^^^^^^^^^^^^^^^^^^^^
  4 | import { competencies, projects, getCategoryLabel } from "@/lib/data";
  5 | import { getProjectCategorySections } from "@/lib/view-models/projects";
  6 |

Import map: aliased to relative './components/portfolio/visual-preview' inside of [project]/

https://nextjs.org/docs/messages/module-not-found @ http://127.0.0.1:3000/Portfolio-bts/_next/static/chunks/node_modules_next_dist_0u_w_5s._.js:1945
[  499989ms] [ERROR] ./app/veille/page.tsx:3:1
Module not found: Can't resolve '@/components/portfolio/visual-preview'
  1 | import Link from "next/link";
  2 | import { ArrowUpRight } from "lucide-react";
> 3 | import { VisualPreview } from "@/components/portfolio/visual-preview";
    | ^^^^^^^^^^^^^^^^^^^^^^^^^^^^^^^^^^^^^^^^^^^^^^^^^^^^^^^^^^^^^^^^^^^^^^
  4 | import { Badge } from "@/components/ui/badge";
  5 | import { watchEntries } from "@/lib/data";
  6 |

Import map: aliased to relative './components/portfolio/visual-preview' inside of [project]/

https://nextjs.org/docs/messages/module-not-found @ http://127.0.0.1:3000/Portfolio-bts/_next/static/chunks/node_modules_next_dist_0u_w_5s._.js:1945
[  500052ms] [ERROR] ./app/projets/page.tsx:3:1
Module not found: Can't resolve '@/components/portfolio/visual-preview'
  1 | import Link from "next/link";
  2 | import { ArrowUpRight } from "lucide-react";
> 3 | import { VisualPreview } from "@/components/portfolio/visual-preview";
    | ^^^^^^^^^^^^^^^^^^^^^^^^^^^^^^^^^^^^^^^^^^^^^^^^^^^^^^^^^^^^^^^^^^^^^^
  4 | import { competencies, projects, getCategoryLabel } from "@/lib/data";
  5 | import { getProjectCategorySections } from "@/lib/view-models/projects";
  6 |

Import map: aliased to relative './components/portfolio/visual-preview' inside of [project]/

https://nextjs.org/docs/messages/module-not-found @ http://127.0.0.1:3000/Portfolio-bts/_next/static/chunks/node_modules_next_dist_0u_w_5s._.js:1945
[  500052ms] [ERROR] ./app/veille/page.tsx:3:1
Module not found: Can't resolve '@/components/portfolio/visual-preview'
  1 | import Link from "next/link";
  2 | import { ArrowUpRight } from "lucide-react";
> 3 | import { VisualPreview } from "@/components/portfolio/visual-preview";
    | ^^^^^^^^^^^^^^^^^^^^^^^^^^^^^^^^^^^^^^^^^^^^^^^^^^^^^^^^^^^^^^^^^^^^^^
  4 | import { Badge } from "@/components/ui/badge";
  5 | import { watchEntries } from "@/lib/data";
  6 |

Import map: aliased to relative './components/portfolio/visual-preview' inside of [project]/

https://nextjs.org/docs/messages/module-not-found @ http://127.0.0.1:3000/Portfolio-bts/_next/static/chunks/node_modules_next_dist_0u_w_5s._.js:1945
[  500112ms] [ERROR] ./app/projets/page.tsx:3:1
Module not found: Can't resolve '@/components/portfolio/visual-preview'
  1 | import Link from "next/link";
  2 | import { ArrowUpRight } from "lucide-react";
> 3 | import { VisualPreview } from "@/components/portfolio/visual-preview";
    | ^^^^^^^^^^^^^^^^^^^^^^^^^^^^^^^^^^^^^^^^^^^^^^^^^^^^^^^^^^^^^^^^^^^^^^
  4 | import { competencies, projects, getCategoryLabel } from "@/lib/data";
  5 | import { getProjectCategorySections } from "@/lib/view-models/projects";
  6 |

Import map: aliased to relative './components/portfolio/visual-preview' inside of [project]/

https://nextjs.org/docs/messages/module-not-found @ http://127.0.0.1:3000/Portfolio-bts/_next/static/chunks/node_modules_next_dist_0u_w_5s._.js:1945
[  500113ms] [ERROR] ./app/veille/page.tsx:3:1
Module not found: Can't resolve '@/components/portfolio/visual-preview'
  1 | import Link from "next/link";
  2 | import { ArrowUpRight } from "lucide-react";
> 3 | import { VisualPreview } from "@/components/portfolio/visual-preview";
    | ^^^^^^^^^^^^^^^^^^^^^^^^^^^^^^^^^^^^^^^^^^^^^^^^^^^^^^^^^^^^^^^^^^^^^^
  4 | import { Badge } from "@/components/ui/badge";
  5 | import { watchEntries } from "@/lib/data";
  6 |

Import map: aliased to relative './components/portfolio/visual-preview' inside of [project]/

https://nextjs.org/docs/messages/module-not-found @ http://127.0.0.1:3000/Portfolio-bts/_next/static/chunks/node_modules_next_dist_0u_w_5s._.js:1945
[  500175ms] [ERROR] ./app/projets/page.tsx:3:1
Module not found: Can't resolve '@/components/portfolio/visual-preview'
  1 | import Link from "next/link";
  2 | import { ArrowUpRight } from "lucide-react";
> 3 | import { VisualPreview } from "@/components/portfolio/visual-preview";
    | ^^^^^^^^^^^^^^^^^^^^^^^^^^^^^^^^^^^^^^^^^^^^^^^^^^^^^^^^^^^^^^^^^^^^^^
  4 | import { competencies, projects, getCategoryLabel } from "@/lib/data";
  5 | import { getProjectCategorySections } from "@/lib/view-models/projects";
  6 |

Import map: aliased to relative './components/portfolio/visual-preview' inside of [project]/

https://nextjs.org/docs/messages/module-not-found @ http://127.0.0.1:3000/Portfolio-bts/_next/static/chunks/node_modules_next_dist_0u_w_5s._.js:1945
[  500175ms] [ERROR] ./app/veille/page.tsx:3:1
Module not found: Can't resolve '@/components/portfolio/visual-preview'
  1 | import Link from "next/link";
  2 | import { ArrowUpRight } from "lucide-react";
> 3 | import { VisualPreview } from "@/components/portfolio/visual-preview";
    | ^^^^^^^^^^^^^^^^^^^^^^^^^^^^^^^^^^^^^^^^^^^^^^^^^^^^^^^^^^^^^^^^^^^^^^
  4 | import { Badge } from "@/components/ui/badge";
  5 | import { watchEntries } from "@/lib/data";
  6 |

Import map: aliased to relative './components/portfolio/visual-preview' inside of [project]/

https://nextjs.org/docs/messages/module-not-found @ http://127.0.0.1:3000/Portfolio-bts/_next/static/chunks/node_modules_next_dist_0u_w_5s._.js:1945
[  500236ms] [ERROR] ./app/projets/page.tsx:3:1
Module not found: Can't resolve '@/components/portfolio/visual-preview'
  1 | import Link from "next/link";
  2 | import { ArrowUpRight } from "lucide-react";
> 3 | import { VisualPreview } from "@/components/portfolio/visual-preview";
    | ^^^^^^^^^^^^^^^^^^^^^^^^^^^^^^^^^^^^^^^^^^^^^^^^^^^^^^^^^^^^^^^^^^^^^^
  4 | import { competencies, projects, getCategoryLabel } from "@/lib/data";
  5 | import { getProjectCategorySections } from "@/lib/view-models/projects";
  6 |

Import map: aliased to relative './components/portfolio/visual-preview' inside of [project]/

https://nextjs.org/docs/messages/module-not-found @ http://127.0.0.1:3000/Portfolio-bts/_next/static/chunks/node_modules_next_dist_0u_w_5s._.js:1945
[  500236ms] [ERROR] ./app/veille/page.tsx:3:1
Module not found: Can't resolve '@/components/portfolio/visual-preview'
  1 | import Link from "next/link";
  2 | import { ArrowUpRight } from "lucide-react";
> 3 | import { VisualPreview } from "@/components/portfolio/visual-preview";
    | ^^^^^^^^^^^^^^^^^^^^^^^^^^^^^^^^^^^^^^^^^^^^^^^^^^^^^^^^^^^^^^^^^^^^^^
  4 | import { Badge } from "@/components/ui/badge";
  5 | import { watchEntries } from "@/lib/data";
  6 |

Import map: aliased to relative './components/portfolio/visual-preview' inside of [project]/

https://nextjs.org/docs/messages/module-not-found @ http://127.0.0.1:3000/Portfolio-bts/_next/static/chunks/node_modules_next_dist_0u_w_5s._.js:1945
[  500298ms] [ERROR] ./app/projets/page.tsx:3:1
Module not found: Can't resolve '@/components/portfolio/visual-preview'
  1 | import Link from "next/link";
  2 | import { ArrowUpRight } from "lucide-react";
> 3 | import { VisualPreview } from "@/components/portfolio/visual-preview";
    | ^^^^^^^^^^^^^^^^^^^^^^^^^^^^^^^^^^^^^^^^^^^^^^^^^^^^^^^^^^^^^^^^^^^^^^
  4 | import { competencies, projects, getCategoryLabel } from "@/lib/data";
  5 | import { getProjectCategorySections } from "@/lib/view-models/projects";
  6 |

Import map: aliased to relative './components/portfolio/visual-preview' inside of [project]/

https://nextjs.org/docs/messages/module-not-found @ http://127.0.0.1:3000/Portfolio-bts/_next/static/chunks/node_modules_next_dist_0u_w_5s._.js:1945
[  500298ms] [ERROR] ./app/veille/page.tsx:3:1
Module not found: Can't resolve '@/components/portfolio/visual-preview'
  1 | import Link from "next/link";
  2 | import { ArrowUpRight } from "lucide-react";
> 3 | import { VisualPreview } from "@/components/portfolio/visual-preview";
    | ^^^^^^^^^^^^^^^^^^^^^^^^^^^^^^^^^^^^^^^^^^^^^^^^^^^^^^^^^^^^^^^^^^^^^^
  4 | import { Badge } from "@/components/ui/badge";
  5 | import { watchEntries } from "@/lib/data";
  6 |

Import map: aliased to relative './components/portfolio/visual-preview' inside of [project]/

https://nextjs.org/docs/messages/module-not-found @ http://127.0.0.1:3000/Portfolio-bts/_next/static/chunks/node_modules_next_dist_0u_w_5s._.js:1945
[  500360ms] [ERROR] ./app/projets/page.tsx:3:1
Module not found: Can't resolve '@/components/portfolio/visual-preview'
  1 | import Link from "next/link";
  2 | import { ArrowUpRight } from "lucide-react";
> 3 | import { VisualPreview } from "@/components/portfolio/visual-preview";
    | ^^^^^^^^^^^^^^^^^^^^^^^^^^^^^^^^^^^^^^^^^^^^^^^^^^^^^^^^^^^^^^^^^^^^^^
  4 | import { competencies, projects, getCategoryLabel } from "@/lib/data";
  5 | import { getProjectCategorySections } from "@/lib/view-models/projects";
  6 |

Import map: aliased to relative './components/portfolio/visual-preview' inside of [project]/

https://nextjs.org/docs/messages/module-not-found @ http://127.0.0.1:3000/Portfolio-bts/_next/static/chunks/node_modules_next_dist_0u_w_5s._.js:1945
[  500361ms] [ERROR] ./app/veille/page.tsx:3:1
Module not found: Can't resolve '@/components/portfolio/visual-preview'
  1 | import Link from "next/link";
  2 | import { ArrowUpRight } from "lucide-react";
> 3 | import { VisualPreview } from "@/components/portfolio/visual-preview";
    | ^^^^^^^^^^^^^^^^^^^^^^^^^^^^^^^^^^^^^^^^^^^^^^^^^^^^^^^^^^^^^^^^^^^^^^
  4 | import { Badge } from "@/components/ui/badge";
  5 | import { watchEntries } from "@/lib/data";
  6 |

Import map: aliased to relative './components/portfolio/visual-preview' inside of [project]/

https://nextjs.org/docs/messages/module-not-found @ http://127.0.0.1:3000/Portfolio-bts/_next/static/chunks/node_modules_next_dist_0u_w_5s._.js:1945
[  500422ms] [ERROR] ./app/projets/page.tsx:3:1
Module not found: Can't resolve '@/components/portfolio/visual-preview'
  1 | import Link from "next/link";
  2 | import { ArrowUpRight } from "lucide-react";
> 3 | import { VisualPreview } from "@/components/portfolio/visual-preview";
    | ^^^^^^^^^^^^^^^^^^^^^^^^^^^^^^^^^^^^^^^^^^^^^^^^^^^^^^^^^^^^^^^^^^^^^^
  4 | import { competencies, projects, getCategoryLabel } from "@/lib/data";
  5 | import { getProjectCategorySections } from "@/lib/view-models/projects";
  6 |

Import map: aliased to relative './components/portfolio/visual-preview' inside of [project]/

https://nextjs.org/docs/messages/module-not-found @ http://127.0.0.1:3000/Portfolio-bts/_next/static/chunks/node_modules_next_dist_0u_w_5s._.js:1945
[  500423ms] [ERROR] ./app/veille/page.tsx:3:1
Module not found: Can't resolve '@/components/portfolio/visual-preview'
  1 | import Link from "next/link";
  2 | import { ArrowUpRight } from "lucide-react";
> 3 | import { VisualPreview } from "@/components/portfolio/visual-preview";
    | ^^^^^^^^^^^^^^^^^^^^^^^^^^^^^^^^^^^^^^^^^^^^^^^^^^^^^^^^^^^^^^^^^^^^^^
  4 | import { Badge } from "@/components/ui/badge";
  5 | import { watchEntries } from "@/lib/data";
  6 |

Import map: aliased to relative './components/portfolio/visual-preview' inside of [project]/

https://nextjs.org/docs/messages/module-not-found @ http://127.0.0.1:3000/Portfolio-bts/_next/static/chunks/node_modules_next_dist_0u_w_5s._.js:1945
[  500485ms] [ERROR] ./app/projets/page.tsx:3:1
Module not found: Can't resolve '@/components/portfolio/visual-preview'
  1 | import Link from "next/link";
  2 | import { ArrowUpRight } from "lucide-react";
> 3 | import { VisualPreview } from "@/components/portfolio/visual-preview";
    | ^^^^^^^^^^^^^^^^^^^^^^^^^^^^^^^^^^^^^^^^^^^^^^^^^^^^^^^^^^^^^^^^^^^^^^
  4 | import { competencies, projects, getCategoryLabel } from "@/lib/data";
  5 | import { getProjectCategorySections } from "@/lib/view-models/projects";
  6 |

Import map: aliased to relative './components/portfolio/visual-preview' inside of [project]/

https://nextjs.org/docs/messages/module-not-found @ http://127.0.0.1:3000/Portfolio-bts/_next/static/chunks/node_modules_next_dist_0u_w_5s._.js:1945
[  500485ms] [ERROR] ./app/veille/page.tsx:3:1
Module not found: Can't resolve '@/components/portfolio/visual-preview'
  1 | import Link from "next/link";
  2 | import { ArrowUpRight } from "lucide-react";
> 3 | import { VisualPreview } from "@/components/portfolio/visual-preview";
    | ^^^^^^^^^^^^^^^^^^^^^^^^^^^^^^^^^^^^^^^^^^^^^^^^^^^^^^^^^^^^^^^^^^^^^^
  4 | import { Badge } from "@/components/ui/badge";
  5 | import { watchEntries } from "@/lib/data";
  6 |

Import map: aliased to relative './components/portfolio/visual-preview' inside of [project]/

https://nextjs.org/docs/messages/module-not-found @ http://127.0.0.1:3000/Portfolio-bts/_next/static/chunks/node_modules_next_dist_0u_w_5s._.js:1945
[  500547ms] [ERROR] ./app/projets/page.tsx:3:1
Module not found: Can't resolve '@/components/portfolio/visual-preview'
  1 | import Link from "next/link";
  2 | import { ArrowUpRight } from "lucide-react";
> 3 | import { VisualPreview } from "@/components/portfolio/visual-preview";
    | ^^^^^^^^^^^^^^^^^^^^^^^^^^^^^^^^^^^^^^^^^^^^^^^^^^^^^^^^^^^^^^^^^^^^^^
  4 | import { competencies, projects, getCategoryLabel } from "@/lib/data";
  5 | import { getProjectCategorySections } from "@/lib/view-models/projects";
  6 |

Import map: aliased to relative './components/portfolio/visual-preview' inside of [project]/

https://nextjs.org/docs/messages/module-not-found @ http://127.0.0.1:3000/Portfolio-bts/_next/static/chunks/node_modules_next_dist_0u_w_5s._.js:1945
[  500547ms] [ERROR] ./app/veille/page.tsx:3:1
Module not found: Can't resolve '@/components/portfolio/visual-preview'
  1 | import Link from "next/link";
  2 | import { ArrowUpRight } from "lucide-react";
> 3 | import { VisualPreview } from "@/components/portfolio/visual-preview";
    | ^^^^^^^^^^^^^^^^^^^^^^^^^^^^^^^^^^^^^^^^^^^^^^^^^^^^^^^^^^^^^^^^^^^^^^
  4 | import { Badge } from "@/components/ui/badge";
  5 | import { watchEntries } from "@/lib/data";
  6 |

Import map: aliased to relative './components/portfolio/visual-preview' inside of [project]/

https://nextjs.org/docs/messages/module-not-found @ http://127.0.0.1:3000/Portfolio-bts/_next/static/chunks/node_modules_next_dist_0u_w_5s._.js:1945
[  500609ms] [ERROR] ./app/projets/page.tsx:3:1
Module not found: Can't resolve '@/components/portfolio/visual-preview'
  1 | import Link from "next/link";
  2 | import { ArrowUpRight } from "lucide-react";
> 3 | import { VisualPreview } from "@/components/portfolio/visual-preview";
    | ^^^^^^^^^^^^^^^^^^^^^^^^^^^^^^^^^^^^^^^^^^^^^^^^^^^^^^^^^^^^^^^^^^^^^^
  4 | import { competencies, projects, getCategoryLabel } from "@/lib/data";
  5 | import { getProjectCategorySections } from "@/lib/view-models/projects";
  6 |

Import map: aliased to relative './components/portfolio/visual-preview' inside of [project]/

https://nextjs.org/docs/messages/module-not-found @ http://127.0.0.1:3000/Portfolio-bts/_next/static/chunks/node_modules_next_dist_0u_w_5s._.js:1945
[  500609ms] [ERROR] ./app/veille/page.tsx:3:1
Module not found: Can't resolve '@/components/portfolio/visual-preview'
  1 | import Link from "next/link";
  2 | import { ArrowUpRight } from "lucide-react";
> 3 | import { VisualPreview } from "@/components/portfolio/visual-preview";
    | ^^^^^^^^^^^^^^^^^^^^^^^^^^^^^^^^^^^^^^^^^^^^^^^^^^^^^^^^^^^^^^^^^^^^^^
  4 | import { Badge } from "@/components/ui/badge";
  5 | import { watchEntries } from "@/lib/data";
  6 |

Import map: aliased to relative './components/portfolio/visual-preview' inside of [project]/

https://nextjs.org/docs/messages/module-not-found @ http://127.0.0.1:3000/Portfolio-bts/_next/static/chunks/node_modules_next_dist_0u_w_5s._.js:1945
[  500671ms] [ERROR] ./app/projets/page.tsx:3:1
Module not found: Can't resolve '@/components/portfolio/visual-preview'
  1 | import Link from "next/link";
  2 | import { ArrowUpRight } from "lucide-react";
> 3 | import { VisualPreview } from "@/components/portfolio/visual-preview";
    | ^^^^^^^^^^^^^^^^^^^^^^^^^^^^^^^^^^^^^^^^^^^^^^^^^^^^^^^^^^^^^^^^^^^^^^
  4 | import { competencies, projects, getCategoryLabel } from "@/lib/data";
  5 | import { getProjectCategorySections } from "@/lib/view-models/projects";
  6 |

Import map: aliased to relative './components/portfolio/visual-preview' inside of [project]/

https://nextjs.org/docs/messages/module-not-found @ http://127.0.0.1:3000/Portfolio-bts/_next/static/chunks/node_modules_next_dist_0u_w_5s._.js:1945
[  500671ms] [ERROR] ./app/veille/page.tsx:3:1
Module not found: Can't resolve '@/components/portfolio/visual-preview'
  1 | import Link from "next/link";
  2 | import { ArrowUpRight } from "lucide-react";
> 3 | import { VisualPreview } from "@/components/portfolio/visual-preview";
    | ^^^^^^^^^^^^^^^^^^^^^^^^^^^^^^^^^^^^^^^^^^^^^^^^^^^^^^^^^^^^^^^^^^^^^^
  4 | import { Badge } from "@/components/ui/badge";
  5 | import { watchEntries } from "@/lib/data";
  6 |

Import map: aliased to relative './components/portfolio/visual-preview' inside of [project]/

https://nextjs.org/docs/messages/module-not-found @ http://127.0.0.1:3000/Portfolio-bts/_next/static/chunks/node_modules_next_dist_0u_w_5s._.js:1945
[  500732ms] [ERROR] ./app/projets/page.tsx:3:1
Module not found: Can't resolve '@/components/portfolio/visual-preview'
  1 | import Link from "next/link";
  2 | import { ArrowUpRight } from "lucide-react";
> 3 | import { VisualPreview } from "@/components/portfolio/visual-preview";
    | ^^^^^^^^^^^^^^^^^^^^^^^^^^^^^^^^^^^^^^^^^^^^^^^^^^^^^^^^^^^^^^^^^^^^^^
  4 | import { competencies, projects, getCategoryLabel } from "@/lib/data";
  5 | import { getProjectCategorySections } from "@/lib/view-models/projects";
  6 |

Import map: aliased to relative './components/portfolio/visual-preview' inside of [project]/

https://nextjs.org/docs/messages/module-not-found @ http://127.0.0.1:3000/Portfolio-bts/_next/static/chunks/node_modules_next_dist_0u_w_5s._.js:1945
[  500732ms] [ERROR] ./app/veille/page.tsx:3:1
Module not found: Can't resolve '@/components/portfolio/visual-preview'
  1 | import Link from "next/link";
  2 | import { ArrowUpRight } from "lucide-react";
> 3 | import { VisualPreview } from "@/components/portfolio/visual-preview";
    | ^^^^^^^^^^^^^^^^^^^^^^^^^^^^^^^^^^^^^^^^^^^^^^^^^^^^^^^^^^^^^^^^^^^^^^
  4 | import { Badge } from "@/components/ui/badge";
  5 | import { watchEntries } from "@/lib/data";
  6 |

Import map: aliased to relative './components/portfolio/visual-preview' inside of [project]/

https://nextjs.org/docs/messages/module-not-found @ http://127.0.0.1:3000/Portfolio-bts/_next/static/chunks/node_modules_next_dist_0u_w_5s._.js:1945
[  500794ms] [ERROR] ./app/projets/page.tsx:3:1
Module not found: Can't resolve '@/components/portfolio/visual-preview'
  1 | import Link from "next/link";
  2 | import { ArrowUpRight } from "lucide-react";
> 3 | import { VisualPreview } from "@/components/portfolio/visual-preview";
    | ^^^^^^^^^^^^^^^^^^^^^^^^^^^^^^^^^^^^^^^^^^^^^^^^^^^^^^^^^^^^^^^^^^^^^^
  4 | import { competencies, projects, getCategoryLabel } from "@/lib/data";
  5 | import { getProjectCategorySections } from "@/lib/view-models/projects";
  6 |

Import map: aliased to relative './components/portfolio/visual-preview' inside of [project]/

https://nextjs.org/docs/messages/module-not-found @ http://127.0.0.1:3000/Portfolio-bts/_next/static/chunks/node_modules_next_dist_0u_w_5s._.js:1945
[  500794ms] [ERROR] ./app/veille/page.tsx:3:1
Module not found: Can't resolve '@/components/portfolio/visual-preview'
  1 | import Link from "next/link";
  2 | import { ArrowUpRight } from "lucide-react";
> 3 | import { VisualPreview } from "@/components/portfolio/visual-preview";
    | ^^^^^^^^^^^^^^^^^^^^^^^^^^^^^^^^^^^^^^^^^^^^^^^^^^^^^^^^^^^^^^^^^^^^^^
  4 | import { Badge } from "@/components/ui/badge";
  5 | import { watchEntries } from "@/lib/data";
  6 |

Import map: aliased to relative './components/portfolio/visual-preview' inside of [project]/

https://nextjs.org/docs/messages/module-not-found @ http://127.0.0.1:3000/Portfolio-bts/_next/static/chunks/node_modules_next_dist_0u_w_5s._.js:1945
[  500855ms] [ERROR] ./app/projets/page.tsx:3:1
Module not found: Can't resolve '@/components/portfolio/visual-preview'
  1 | import Link from "next/link";
  2 | import { ArrowUpRight } from "lucide-react";
> 3 | import { VisualPreview } from "@/components/portfolio/visual-preview";
    | ^^^^^^^^^^^^^^^^^^^^^^^^^^^^^^^^^^^^^^^^^^^^^^^^^^^^^^^^^^^^^^^^^^^^^^
  4 | import { competencies, projects, getCategoryLabel } from "@/lib/data";
  5 | import { getProjectCategorySections } from "@/lib/view-models/projects";
  6 |

Import map: aliased to relative './components/portfolio/visual-preview' inside of [project]/

https://nextjs.org/docs/messages/module-not-found @ http://127.0.0.1:3000/Portfolio-bts/_next/static/chunks/node_modules_next_dist_0u_w_5s._.js:1945
[  500856ms] [ERROR] ./app/veille/page.tsx:3:1
Module not found: Can't resolve '@/components/portfolio/visual-preview'
  1 | import Link from "next/link";
  2 | import { ArrowUpRight } from "lucide-react";
> 3 | import { VisualPreview } from "@/components/portfolio/visual-preview";
    | ^^^^^^^^^^^^^^^^^^^^^^^^^^^^^^^^^^^^^^^^^^^^^^^^^^^^^^^^^^^^^^^^^^^^^^
  4 | import { Badge } from "@/components/ui/badge";
  5 | import { watchEntries } from "@/lib/data";
  6 |

Import map: aliased to relative './components/portfolio/visual-preview' inside of [project]/

https://nextjs.org/docs/messages/module-not-found @ http://127.0.0.1:3000/Portfolio-bts/_next/static/chunks/node_modules_next_dist_0u_w_5s._.js:1945
[  500919ms] [ERROR] ./app/projets/page.tsx:3:1
Module not found: Can't resolve '@/components/portfolio/visual-preview'
  1 | import Link from "next/link";
  2 | import { ArrowUpRight } from "lucide-react";
> 3 | import { VisualPreview } from "@/components/portfolio/visual-preview";
    | ^^^^^^^^^^^^^^^^^^^^^^^^^^^^^^^^^^^^^^^^^^^^^^^^^^^^^^^^^^^^^^^^^^^^^^
  4 | import { competencies, projects, getCategoryLabel } from "@/lib/data";
  5 | import { getProjectCategorySections } from "@/lib/view-models/projects";
  6 |

Import map: aliased to relative './components/portfolio/visual-preview' inside of [project]/

https://nextjs.org/docs/messages/module-not-found @ http://127.0.0.1:3000/Portfolio-bts/_next/static/chunks/node_modules_next_dist_0u_w_5s._.js:1945
[  500919ms] [ERROR] ./app/veille/page.tsx:3:1
Module not found: Can't resolve '@/components/portfolio/visual-preview'
  1 | import Link from "next/link";
  2 | import { ArrowUpRight } from "lucide-react";
> 3 | import { VisualPreview } from "@/components/portfolio/visual-preview";
    | ^^^^^^^^^^^^^^^^^^^^^^^^^^^^^^^^^^^^^^^^^^^^^^^^^^^^^^^^^^^^^^^^^^^^^^
  4 | import { Badge } from "@/components/ui/badge";
  5 | import { watchEntries } from "@/lib/data";
  6 |

Import map: aliased to relative './components/portfolio/visual-preview' inside of [project]/

https://nextjs.org/docs/messages/module-not-found @ http://127.0.0.1:3000/Portfolio-bts/_next/static/chunks/node_modules_next_dist_0u_w_5s._.js:1945
[  500981ms] [ERROR] ./app/projets/page.tsx:3:1
Module not found: Can't resolve '@/components/portfolio/visual-preview'
  1 | import Link from "next/link";
  2 | import { ArrowUpRight } from "lucide-react";
> 3 | import { VisualPreview } from "@/components/portfolio/visual-preview";
    | ^^^^^^^^^^^^^^^^^^^^^^^^^^^^^^^^^^^^^^^^^^^^^^^^^^^^^^^^^^^^^^^^^^^^^^
  4 | import { competencies, projects, getCategoryLabel } from "@/lib/data";
  5 | import { getProjectCategorySections } from "@/lib/view-models/projects";
  6 |

Import map: aliased to relative './components/portfolio/visual-preview' inside of [project]/

https://nextjs.org/docs/messages/module-not-found @ http://127.0.0.1:3000/Portfolio-bts/_next/static/chunks/node_modules_next_dist_0u_w_5s._.js:1945
[  500981ms] [ERROR] ./app/veille/page.tsx:3:1
Module not found: Can't resolve '@/components/portfolio/visual-preview'
  1 | import Link from "next/link";
  2 | import { ArrowUpRight } from "lucide-react";
> 3 | import { VisualPreview } from "@/components/portfolio/visual-preview";
    | ^^^^^^^^^^^^^^^^^^^^^^^^^^^^^^^^^^^^^^^^^^^^^^^^^^^^^^^^^^^^^^^^^^^^^^
  4 | import { Badge } from "@/components/ui/badge";
  5 | import { watchEntries } from "@/lib/data";
  6 |

Import map: aliased to relative './components/portfolio/visual-preview' inside of [project]/

https://nextjs.org/docs/messages/module-not-found @ http://127.0.0.1:3000/Portfolio-bts/_next/static/chunks/node_modules_next_dist_0u_w_5s._.js:1945
[  501044ms] [ERROR] ./app/projets/page.tsx:3:1
Module not found: Can't resolve '@/components/portfolio/visual-preview'
  1 | import Link from "next/link";
  2 | import { ArrowUpRight } from "lucide-react";
> 3 | import { VisualPreview } from "@/components/portfolio/visual-preview";
    | ^^^^^^^^^^^^^^^^^^^^^^^^^^^^^^^^^^^^^^^^^^^^^^^^^^^^^^^^^^^^^^^^^^^^^^
  4 | import { competencies, projects, getCategoryLabel } from "@/lib/data";
  5 | import { getProjectCategorySections } from "@/lib/view-models/projects";
  6 |

Import map: aliased to relative './components/portfolio/visual-preview' inside of [project]/

https://nextjs.org/docs/messages/module-not-found @ http://127.0.0.1:3000/Portfolio-bts/_next/static/chunks/node_modules_next_dist_0u_w_5s._.js:1945
[  501044ms] [ERROR] ./app/veille/page.tsx:3:1
Module not found: Can't resolve '@/components/portfolio/visual-preview'
  1 | import Link from "next/link";
  2 | import { ArrowUpRight } from "lucide-react";
> 3 | import { VisualPreview } from "@/components/portfolio/visual-preview";
    | ^^^^^^^^^^^^^^^^^^^^^^^^^^^^^^^^^^^^^^^^^^^^^^^^^^^^^^^^^^^^^^^^^^^^^^
  4 | import { Badge } from "@/components/ui/badge";
  5 | import { watchEntries } from "@/lib/data";
  6 |

Import map: aliased to relative './components/portfolio/visual-preview' inside of [project]/

https://nextjs.org/docs/messages/module-not-found @ http://127.0.0.1:3000/Portfolio-bts/_next/static/chunks/node_modules_next_dist_0u_w_5s._.js:1945
[  501107ms] [ERROR] ./app/projets/page.tsx:3:1
Module not found: Can't resolve '@/components/portfolio/visual-preview'
  1 | import Link from "next/link";
  2 | import { ArrowUpRight } from "lucide-react";
> 3 | import { VisualPreview } from "@/components/portfolio/visual-preview";
    | ^^^^^^^^^^^^^^^^^^^^^^^^^^^^^^^^^^^^^^^^^^^^^^^^^^^^^^^^^^^^^^^^^^^^^^
  4 | import { competencies, projects, getCategoryLabel } from "@/lib/data";
  5 | import { getProjectCategorySections } from "@/lib/view-models/projects";
  6 |

Import map: aliased to relative './components/portfolio/visual-preview' inside of [project]/

https://nextjs.org/docs/messages/module-not-found @ http://127.0.0.1:3000/Portfolio-bts/_next/static/chunks/node_modules_next_dist_0u_w_5s._.js:1945
[  501107ms] [ERROR] ./app/veille/page.tsx:3:1
Module not found: Can't resolve '@/components/portfolio/visual-preview'
  1 | import Link from "next/link";
  2 | import { ArrowUpRight } from "lucide-react";
> 3 | import { VisualPreview } from "@/components/portfolio/visual-preview";
    | ^^^^^^^^^^^^^^^^^^^^^^^^^^^^^^^^^^^^^^^^^^^^^^^^^^^^^^^^^^^^^^^^^^^^^^
  4 | import { Badge } from "@/components/ui/badge";
  5 | import { watchEntries } from "@/lib/data";
  6 |

Import map: aliased to relative './components/portfolio/visual-preview' inside of [project]/

https://nextjs.org/docs/messages/module-not-found @ http://127.0.0.1:3000/Portfolio-bts/_next/static/chunks/node_modules_next_dist_0u_w_5s._.js:1945
[  501168ms] [ERROR] ./app/projets/page.tsx:3:1
Module not found: Can't resolve '@/components/portfolio/visual-preview'
  1 | import Link from "next/link";
  2 | import { ArrowUpRight } from "lucide-react";
> 3 | import { VisualPreview } from "@/components/portfolio/visual-preview";
    | ^^^^^^^^^^^^^^^^^^^^^^^^^^^^^^^^^^^^^^^^^^^^^^^^^^^^^^^^^^^^^^^^^^^^^^
  4 | import { competencies, projects, getCategoryLabel } from "@/lib/data";
  5 | import { getProjectCategorySections } from "@/lib/view-models/projects";
  6 |

Import map: aliased to relative './components/portfolio/visual-preview' inside of [project]/

https://nextjs.org/docs/messages/module-not-found @ http://127.0.0.1:3000/Portfolio-bts/_next/static/chunks/node_modules_next_dist_0u_w_5s._.js:1945
[  501168ms] [ERROR] ./app/veille/page.tsx:3:1
Module not found: Can't resolve '@/components/portfolio/visual-preview'
  1 | import Link from "next/link";
  2 | import { ArrowUpRight } from "lucide-react";
> 3 | import { VisualPreview } from "@/components/portfolio/visual-preview";
    | ^^^^^^^^^^^^^^^^^^^^^^^^^^^^^^^^^^^^^^^^^^^^^^^^^^^^^^^^^^^^^^^^^^^^^^
  4 | import { Badge } from "@/components/ui/badge";
  5 | import { watchEntries } from "@/lib/data";
  6 |

Import map: aliased to relative './components/portfolio/visual-preview' inside of [project]/

https://nextjs.org/docs/messages/module-not-found @ http://127.0.0.1:3000/Portfolio-bts/_next/static/chunks/node_modules_next_dist_0u_w_5s._.js:1945
[  501229ms] [ERROR] ./app/projets/page.tsx:3:1
Module not found: Can't resolve '@/components/portfolio/visual-preview'
  1 | import Link from "next/link";
  2 | import { ArrowUpRight } from "lucide-react";
> 3 | import { VisualPreview } from "@/components/portfolio/visual-preview";
    | ^^^^^^^^^^^^^^^^^^^^^^^^^^^^^^^^^^^^^^^^^^^^^^^^^^^^^^^^^^^^^^^^^^^^^^
  4 | import { competencies, projects, getCategoryLabel } from "@/lib/data";
  5 | import { getProjectCategorySections } from "@/lib/view-models/projects";
  6 |

Import map: aliased to relative './components/portfolio/visual-preview' inside of [project]/

https://nextjs.org/docs/messages/module-not-found @ http://127.0.0.1:3000/Portfolio-bts/_next/static/chunks/node_modules_next_dist_0u_w_5s._.js:1945
[  501229ms] [ERROR] ./app/veille/page.tsx:3:1
Module not found: Can't resolve '@/components/portfolio/visual-preview'
  1 | import Link from "next/link";
  2 | import { ArrowUpRight } from "lucide-react";
> 3 | import { VisualPreview } from "@/components/portfolio/visual-preview";
    | ^^^^^^^^^^^^^^^^^^^^^^^^^^^^^^^^^^^^^^^^^^^^^^^^^^^^^^^^^^^^^^^^^^^^^^
  4 | import { Badge } from "@/components/ui/badge";
  5 | import { watchEntries } from "@/lib/data";
  6 |

Import map: aliased to relative './components/portfolio/visual-preview' inside of [project]/

https://nextjs.org/docs/messages/module-not-found @ http://127.0.0.1:3000/Portfolio-bts/_next/static/chunks/node_modules_next_dist_0u_w_5s._.js:1945
[  501292ms] [ERROR] ./app/projets/page.tsx:3:1
Module not found: Can't resolve '@/components/portfolio/visual-preview'
  1 | import Link from "next/link";
  2 | import { ArrowUpRight } from "lucide-react";
> 3 | import { VisualPreview } from "@/components/portfolio/visual-preview";
    | ^^^^^^^^^^^^^^^^^^^^^^^^^^^^^^^^^^^^^^^^^^^^^^^^^^^^^^^^^^^^^^^^^^^^^^
  4 | import { competencies, projects, getCategoryLabel } from "@/lib/data";
  5 | import { getProjectCategorySections } from "@/lib/view-models/projects";
  6 |

Import map: aliased to relative './components/portfolio/visual-preview' inside of [project]/

https://nextjs.org/docs/messages/module-not-found @ http://127.0.0.1:3000/Portfolio-bts/_next/static/chunks/node_modules_next_dist_0u_w_5s._.js:1945
[  501292ms] [ERROR] ./app/veille/page.tsx:3:1
Module not found: Can't resolve '@/components/portfolio/visual-preview'
  1 | import Link from "next/link";
  2 | import { ArrowUpRight } from "lucide-react";
> 3 | import { VisualPreview } from "@/components/portfolio/visual-preview";
    | ^^^^^^^^^^^^^^^^^^^^^^^^^^^^^^^^^^^^^^^^^^^^^^^^^^^^^^^^^^^^^^^^^^^^^^
  4 | import { Badge } from "@/components/ui/badge";
  5 | import { watchEntries } from "@/lib/data";
  6 |

Import map: aliased to relative './components/portfolio/visual-preview' inside of [project]/

https://nextjs.org/docs/messages/module-not-found @ http://127.0.0.1:3000/Portfolio-bts/_next/static/chunks/node_modules_next_dist_0u_w_5s._.js:1945
[  501354ms] [ERROR] ./app/projets/page.tsx:3:1
Module not found: Can't resolve '@/components/portfolio/visual-preview'
  1 | import Link from "next/link";
  2 | import { ArrowUpRight } from "lucide-react";
> 3 | import { VisualPreview } from "@/components/portfolio/visual-preview";
    | ^^^^^^^^^^^^^^^^^^^^^^^^^^^^^^^^^^^^^^^^^^^^^^^^^^^^^^^^^^^^^^^^^^^^^^
  4 | import { competencies, projects, getCategoryLabel } from "@/lib/data";
  5 | import { getProjectCategorySections } from "@/lib/view-models/projects";
  6 |

Import map: aliased to relative './components/portfolio/visual-preview' inside of [project]/

https://nextjs.org/docs/messages/module-not-found @ http://127.0.0.1:3000/Portfolio-bts/_next/static/chunks/node_modules_next_dist_0u_w_5s._.js:1945
[  501354ms] [ERROR] ./app/veille/page.tsx:3:1
Module not found: Can't resolve '@/components/portfolio/visual-preview'
  1 | import Link from "next/link";
  2 | import { ArrowUpRight } from "lucide-react";
> 3 | import { VisualPreview } from "@/components/portfolio/visual-preview";
    | ^^^^^^^^^^^^^^^^^^^^^^^^^^^^^^^^^^^^^^^^^^^^^^^^^^^^^^^^^^^^^^^^^^^^^^
  4 | import { Badge } from "@/components/ui/badge";
  5 | import { watchEntries } from "@/lib/data";
  6 |

Import map: aliased to relative './components/portfolio/visual-preview' inside of [project]/

https://nextjs.org/docs/messages/module-not-found @ http://127.0.0.1:3000/Portfolio-bts/_next/static/chunks/node_modules_next_dist_0u_w_5s._.js:1945
[  501417ms] [ERROR] ./app/projets/page.tsx:3:1
Module not found: Can't resolve '@/components/portfolio/visual-preview'
  1 | import Link from "next/link";
  2 | import { ArrowUpRight } from "lucide-react";
> 3 | import { VisualPreview } from "@/components/portfolio/visual-preview";
    | ^^^^^^^^^^^^^^^^^^^^^^^^^^^^^^^^^^^^^^^^^^^^^^^^^^^^^^^^^^^^^^^^^^^^^^
  4 | import { competencies, projects, getCategoryLabel } from "@/lib/data";
  5 | import { getProjectCategorySections } from "@/lib/view-models/projects";
  6 |

Import map: aliased to relative './components/portfolio/visual-preview' inside of [project]/

https://nextjs.org/docs/messages/module-not-found @ http://127.0.0.1:3000/Portfolio-bts/_next/static/chunks/node_modules_next_dist_0u_w_5s._.js:1945
[  501417ms] [ERROR] ./app/veille/page.tsx:3:1
Module not found: Can't resolve '@/components/portfolio/visual-preview'
  1 | import Link from "next/link";
  2 | import { ArrowUpRight } from "lucide-react";
> 3 | import { VisualPreview } from "@/components/portfolio/visual-preview";
    | ^^^^^^^^^^^^^^^^^^^^^^^^^^^^^^^^^^^^^^^^^^^^^^^^^^^^^^^^^^^^^^^^^^^^^^
  4 | import { Badge } from "@/components/ui/badge";
  5 | import { watchEntries } from "@/lib/data";
  6 |

Import map: aliased to relative './components/portfolio/visual-preview' inside of [project]/

https://nextjs.org/docs/messages/module-not-found @ http://127.0.0.1:3000/Portfolio-bts/_next/static/chunks/node_modules_next_dist_0u_w_5s._.js:1945
[  501479ms] [ERROR] ./app/projets/page.tsx:3:1
Module not found: Can't resolve '@/components/portfolio/visual-preview'
  1 | import Link from "next/link";
  2 | import { ArrowUpRight } from "lucide-react";
> 3 | import { VisualPreview } from "@/components/portfolio/visual-preview";
    | ^^^^^^^^^^^^^^^^^^^^^^^^^^^^^^^^^^^^^^^^^^^^^^^^^^^^^^^^^^^^^^^^^^^^^^
  4 | import { competencies, projects, getCategoryLabel } from "@/lib/data";
  5 | import { getProjectCategorySections } from "@/lib/view-models/projects";
  6 |

Import map: aliased to relative './components/portfolio/visual-preview' inside of [project]/

https://nextjs.org/docs/messages/module-not-found @ http://127.0.0.1:3000/Portfolio-bts/_next/static/chunks/node_modules_next_dist_0u_w_5s._.js:1945
[  501480ms] [ERROR] ./app/veille/page.tsx:3:1
Module not found: Can't resolve '@/components/portfolio/visual-preview'
  1 | import Link from "next/link";
  2 | import { ArrowUpRight } from "lucide-react";
> 3 | import { VisualPreview } from "@/components/portfolio/visual-preview";
    | ^^^^^^^^^^^^^^^^^^^^^^^^^^^^^^^^^^^^^^^^^^^^^^^^^^^^^^^^^^^^^^^^^^^^^^
  4 | import { Badge } from "@/components/ui/badge";
  5 | import { watchEntries } from "@/lib/data";
  6 |

Import map: aliased to relative './components/portfolio/visual-preview' inside of [project]/

https://nextjs.org/docs/messages/module-not-found @ http://127.0.0.1:3000/Portfolio-bts/_next/static/chunks/node_modules_next_dist_0u_w_5s._.js:1945
[  501541ms] [ERROR] ./app/projets/page.tsx:3:1
Module not found: Can't resolve '@/components/portfolio/visual-preview'
  1 | import Link from "next/link";
  2 | import { ArrowUpRight } from "lucide-react";
> 3 | import { VisualPreview } from "@/components/portfolio/visual-preview";
    | ^^^^^^^^^^^^^^^^^^^^^^^^^^^^^^^^^^^^^^^^^^^^^^^^^^^^^^^^^^^^^^^^^^^^^^
  4 | import { competencies, projects, getCategoryLabel } from "@/lib/data";
  5 | import { getProjectCategorySections } from "@/lib/view-models/projects";
  6 |

Import map: aliased to relative './components/portfolio/visual-preview' inside of [project]/

https://nextjs.org/docs/messages/module-not-found @ http://127.0.0.1:3000/Portfolio-bts/_next/static/chunks/node_modules_next_dist_0u_w_5s._.js:1945
[  501541ms] [ERROR] ./app/veille/page.tsx:3:1
Module not found: Can't resolve '@/components/portfolio/visual-preview'
  1 | import Link from "next/link";
  2 | import { ArrowUpRight } from "lucide-react";
> 3 | import { VisualPreview } from "@/components/portfolio/visual-preview";
    | ^^^^^^^^^^^^^^^^^^^^^^^^^^^^^^^^^^^^^^^^^^^^^^^^^^^^^^^^^^^^^^^^^^^^^^
  4 | import { Badge } from "@/components/ui/badge";
  5 | import { watchEntries } from "@/lib/data";
  6 |

Import map: aliased to relative './components/portfolio/visual-preview' inside of [project]/

https://nextjs.org/docs/messages/module-not-found @ http://127.0.0.1:3000/Portfolio-bts/_next/static/chunks/node_modules_next_dist_0u_w_5s._.js:1945
[  501604ms] [ERROR] ./app/projets/page.tsx:3:1
Module not found: Can't resolve '@/components/portfolio/visual-preview'
  1 | import Link from "next/link";
  2 | import { ArrowUpRight } from "lucide-react";
> 3 | import { VisualPreview } from "@/components/portfolio/visual-preview";
    | ^^^^^^^^^^^^^^^^^^^^^^^^^^^^^^^^^^^^^^^^^^^^^^^^^^^^^^^^^^^^^^^^^^^^^^
  4 | import { competencies, projects, getCategoryLabel } from "@/lib/data";
  5 | import { getProjectCategorySections } from "@/lib/view-models/projects";
  6 |

Import map: aliased to relative './components/portfolio/visual-preview' inside of [project]/

https://nextjs.org/docs/messages/module-not-found @ http://127.0.0.1:3000/Portfolio-bts/_next/static/chunks/node_modules_next_dist_0u_w_5s._.js:1945
[  501604ms] [ERROR] ./app/veille/page.tsx:3:1
Module not found: Can't resolve '@/components/portfolio/visual-preview'
  1 | import Link from "next/link";
  2 | import { ArrowUpRight } from "lucide-react";
> 3 | import { VisualPreview } from "@/components/portfolio/visual-preview";
    | ^^^^^^^^^^^^^^^^^^^^^^^^^^^^^^^^^^^^^^^^^^^^^^^^^^^^^^^^^^^^^^^^^^^^^^
  4 | import { Badge } from "@/components/ui/badge";
  5 | import { watchEntries } from "@/lib/data";
  6 |

Import map: aliased to relative './components/portfolio/visual-preview' inside of [project]/

https://nextjs.org/docs/messages/module-not-found @ http://127.0.0.1:3000/Portfolio-bts/_next/static/chunks/node_modules_next_dist_0u_w_5s._.js:1945
[  501668ms] [ERROR] ./app/projets/page.tsx:3:1
Module not found: Can't resolve '@/components/portfolio/visual-preview'
  1 | import Link from "next/link";
  2 | import { ArrowUpRight } from "lucide-react";
> 3 | import { VisualPreview } from "@/components/portfolio/visual-preview";
    | ^^^^^^^^^^^^^^^^^^^^^^^^^^^^^^^^^^^^^^^^^^^^^^^^^^^^^^^^^^^^^^^^^^^^^^
  4 | import { competencies, projects, getCategoryLabel } from "@/lib/data";
  5 | import { getProjectCategorySections } from "@/lib/view-models/projects";
  6 |

Import map: aliased to relative './components/portfolio/visual-preview' inside of [project]/

https://nextjs.org/docs/messages/module-not-found @ http://127.0.0.1:3000/Portfolio-bts/_next/static/chunks/node_modules_next_dist_0u_w_5s._.js:1945
[  501668ms] [ERROR] ./app/veille/page.tsx:3:1
Module not found: Can't resolve '@/components/portfolio/visual-preview'
  1 | import Link from "next/link";
  2 | import { ArrowUpRight } from "lucide-react";
> 3 | import { VisualPreview } from "@/components/portfolio/visual-preview";
    | ^^^^^^^^^^^^^^^^^^^^^^^^^^^^^^^^^^^^^^^^^^^^^^^^^^^^^^^^^^^^^^^^^^^^^^
  4 | import { Badge } from "@/components/ui/badge";
  5 | import { watchEntries } from "@/lib/data";
  6 |

Import map: aliased to relative './components/portfolio/visual-preview' inside of [project]/

https://nextjs.org/docs/messages/module-not-found @ http://127.0.0.1:3000/Portfolio-bts/_next/static/chunks/node_modules_next_dist_0u_w_5s._.js:1945
[  501729ms] [ERROR] ./app/projets/page.tsx:3:1
Module not found: Can't resolve '@/components/portfolio/visual-preview'
  1 | import Link from "next/link";
  2 | import { ArrowUpRight } from "lucide-react";
> 3 | import { VisualPreview } from "@/components/portfolio/visual-preview";
    | ^^^^^^^^^^^^^^^^^^^^^^^^^^^^^^^^^^^^^^^^^^^^^^^^^^^^^^^^^^^^^^^^^^^^^^
  4 | import { competencies, projects, getCategoryLabel } from "@/lib/data";
  5 | import { getProjectCategorySections } from "@/lib/view-models/projects";
  6 |

Import map: aliased to relative './components/portfolio/visual-preview' inside of [project]/

https://nextjs.org/docs/messages/module-not-found @ http://127.0.0.1:3000/Portfolio-bts/_next/static/chunks/node_modules_next_dist_0u_w_5s._.js:1945
[  501729ms] [ERROR] ./app/veille/page.tsx:3:1
Module not found: Can't resolve '@/components/portfolio/visual-preview'
  1 | import Link from "next/link";
  2 | import { ArrowUpRight } from "lucide-react";
> 3 | import { VisualPreview } from "@/components/portfolio/visual-preview";
    | ^^^^^^^^^^^^^^^^^^^^^^^^^^^^^^^^^^^^^^^^^^^^^^^^^^^^^^^^^^^^^^^^^^^^^^
  4 | import { Badge } from "@/components/ui/badge";
  5 | import { watchEntries } from "@/lib/data";
  6 |

Import map: aliased to relative './components/portfolio/visual-preview' inside of [project]/

https://nextjs.org/docs/messages/module-not-found @ http://127.0.0.1:3000/Portfolio-bts/_next/static/chunks/node_modules_next_dist_0u_w_5s._.js:1945
[  501790ms] [ERROR] ./app/projets/page.tsx:3:1
Module not found: Can't resolve '@/components/portfolio/visual-preview'
  1 | import Link from "next/link";
  2 | import { ArrowUpRight } from "lucide-react";
> 3 | import { VisualPreview } from "@/components/portfolio/visual-preview";
    | ^^^^^^^^^^^^^^^^^^^^^^^^^^^^^^^^^^^^^^^^^^^^^^^^^^^^^^^^^^^^^^^^^^^^^^
  4 | import { competencies, projects, getCategoryLabel } from "@/lib/data";
  5 | import { getProjectCategorySections } from "@/lib/view-models/projects";
  6 |

Import map: aliased to relative './components/portfolio/visual-preview' inside of [project]/

https://nextjs.org/docs/messages/module-not-found @ http://127.0.0.1:3000/Portfolio-bts/_next/static/chunks/node_modules_next_dist_0u_w_5s._.js:1945
[  501791ms] [ERROR] ./app/veille/page.tsx:3:1
Module not found: Can't resolve '@/components/portfolio/visual-preview'
  1 | import Link from "next/link";
  2 | import { ArrowUpRight } from "lucide-react";
> 3 | import { VisualPreview } from "@/components/portfolio/visual-preview";
    | ^^^^^^^^^^^^^^^^^^^^^^^^^^^^^^^^^^^^^^^^^^^^^^^^^^^^^^^^^^^^^^^^^^^^^^
  4 | import { Badge } from "@/components/ui/badge";
  5 | import { watchEntries } from "@/lib/data";
  6 |

Import map: aliased to relative './components/portfolio/visual-preview' inside of [project]/

https://nextjs.org/docs/messages/module-not-found @ http://127.0.0.1:3000/Portfolio-bts/_next/static/chunks/node_modules_next_dist_0u_w_5s._.js:1945
[  501853ms] [ERROR] ./app/projets/page.tsx:3:1
Module not found: Can't resolve '@/components/portfolio/visual-preview'
  1 | import Link from "next/link";
  2 | import { ArrowUpRight } from "lucide-react";
> 3 | import { VisualPreview } from "@/components/portfolio/visual-preview";
    | ^^^^^^^^^^^^^^^^^^^^^^^^^^^^^^^^^^^^^^^^^^^^^^^^^^^^^^^^^^^^^^^^^^^^^^
  4 | import { competencies, projects, getCategoryLabel } from "@/lib/data";
  5 | import { getProjectCategorySections } from "@/lib/view-models/projects";
  6 |

Import map: aliased to relative './components/portfolio/visual-preview' inside of [project]/

https://nextjs.org/docs/messages/module-not-found @ http://127.0.0.1:3000/Portfolio-bts/_next/static/chunks/node_modules_next_dist_0u_w_5s._.js:1945
[  501854ms] [ERROR] ./app/veille/page.tsx:3:1
Module not found: Can't resolve '@/components/portfolio/visual-preview'
  1 | import Link from "next/link";
  2 | import { ArrowUpRight } from "lucide-react";
> 3 | import { VisualPreview } from "@/components/portfolio/visual-preview";
    | ^^^^^^^^^^^^^^^^^^^^^^^^^^^^^^^^^^^^^^^^^^^^^^^^^^^^^^^^^^^^^^^^^^^^^^
  4 | import { Badge } from "@/components/ui/badge";
  5 | import { watchEntries } from "@/lib/data";
  6 |

Import map: aliased to relative './components/portfolio/visual-preview' inside of [project]/

https://nextjs.org/docs/messages/module-not-found @ http://127.0.0.1:3000/Portfolio-bts/_next/static/chunks/node_modules_next_dist_0u_w_5s._.js:1945
[  501916ms] [ERROR] ./app/projets/page.tsx:3:1
Module not found: Can't resolve '@/components/portfolio/visual-preview'
  1 | import Link from "next/link";
  2 | import { ArrowUpRight } from "lucide-react";
> 3 | import { VisualPreview } from "@/components/portfolio/visual-preview";
    | ^^^^^^^^^^^^^^^^^^^^^^^^^^^^^^^^^^^^^^^^^^^^^^^^^^^^^^^^^^^^^^^^^^^^^^
  4 | import { competencies, projects, getCategoryLabel } from "@/lib/data";
  5 | import { getProjectCategorySections } from "@/lib/view-models/projects";
  6 |

Import map: aliased to relative './components/portfolio/visual-preview' inside of [project]/

https://nextjs.org/docs/messages/module-not-found @ http://127.0.0.1:3000/Portfolio-bts/_next/static/chunks/node_modules_next_dist_0u_w_5s._.js:1945
[  501916ms] [ERROR] ./app/veille/page.tsx:3:1
Module not found: Can't resolve '@/components/portfolio/visual-preview'
  1 | import Link from "next/link";
  2 | import { ArrowUpRight } from "lucide-react";
> 3 | import { VisualPreview } from "@/components/portfolio/visual-preview";
    | ^^^^^^^^^^^^^^^^^^^^^^^^^^^^^^^^^^^^^^^^^^^^^^^^^^^^^^^^^^^^^^^^^^^^^^
  4 | import { Badge } from "@/components/ui/badge";
  5 | import { watchEntries } from "@/lib/data";
  6 |

Import map: aliased to relative './components/portfolio/visual-preview' inside of [project]/

https://nextjs.org/docs/messages/module-not-found @ http://127.0.0.1:3000/Portfolio-bts/_next/static/chunks/node_modules_next_dist_0u_w_5s._.js:1945
[  501977ms] [ERROR] ./app/projets/page.tsx:3:1
Module not found: Can't resolve '@/components/portfolio/visual-preview'
  1 | import Link from "next/link";
  2 | import { ArrowUpRight } from "lucide-react";
> 3 | import { VisualPreview } from "@/components/portfolio/visual-preview";
    | ^^^^^^^^^^^^^^^^^^^^^^^^^^^^^^^^^^^^^^^^^^^^^^^^^^^^^^^^^^^^^^^^^^^^^^
  4 | import { competencies, projects, getCategoryLabel } from "@/lib/data";
  5 | import { getProjectCategorySections } from "@/lib/view-models/projects";
  6 |

Import map: aliased to relative './components/portfolio/visual-preview' inside of [project]/

https://nextjs.org/docs/messages/module-not-found @ http://127.0.0.1:3000/Portfolio-bts/_next/static/chunks/node_modules_next_dist_0u_w_5s._.js:1945
[  501977ms] [ERROR] ./app/veille/page.tsx:3:1
Module not found: Can't resolve '@/components/portfolio/visual-preview'
  1 | import Link from "next/link";
  2 | import { ArrowUpRight } from "lucide-react";
> 3 | import { VisualPreview } from "@/components/portfolio/visual-preview";
    | ^^^^^^^^^^^^^^^^^^^^^^^^^^^^^^^^^^^^^^^^^^^^^^^^^^^^^^^^^^^^^^^^^^^^^^
  4 | import { Badge } from "@/components/ui/badge";
  5 | import { watchEntries } from "@/lib/data";
  6 |

Import map: aliased to relative './components/portfolio/visual-preview' inside of [project]/

https://nextjs.org/docs/messages/module-not-found @ http://127.0.0.1:3000/Portfolio-bts/_next/static/chunks/node_modules_next_dist_0u_w_5s._.js:1945
[  502039ms] [ERROR] ./app/projets/page.tsx:3:1
Module not found: Can't resolve '@/components/portfolio/visual-preview'
  1 | import Link from "next/link";
  2 | import { ArrowUpRight } from "lucide-react";
> 3 | import { VisualPreview } from "@/components/portfolio/visual-preview";
    | ^^^^^^^^^^^^^^^^^^^^^^^^^^^^^^^^^^^^^^^^^^^^^^^^^^^^^^^^^^^^^^^^^^^^^^
  4 | import { competencies, projects, getCategoryLabel } from "@/lib/data";
  5 | import { getProjectCategorySections } from "@/lib/view-models/projects";
  6 |

Import map: aliased to relative './components/portfolio/visual-preview' inside of [project]/

https://nextjs.org/docs/messages/module-not-found @ http://127.0.0.1:3000/Portfolio-bts/_next/static/chunks/node_modules_next_dist_0u_w_5s._.js:1945
[  502039ms] [ERROR] ./app/veille/page.tsx:3:1
Module not found: Can't resolve '@/components/portfolio/visual-preview'
  1 | import Link from "next/link";
  2 | import { ArrowUpRight } from "lucide-react";
> 3 | import { VisualPreview } from "@/components/portfolio/visual-preview";
    | ^^^^^^^^^^^^^^^^^^^^^^^^^^^^^^^^^^^^^^^^^^^^^^^^^^^^^^^^^^^^^^^^^^^^^^
  4 | import { Badge } from "@/components/ui/badge";
  5 | import { watchEntries } from "@/lib/data";
  6 |

Import map: aliased to relative './components/portfolio/visual-preview' inside of [project]/

https://nextjs.org/docs/messages/module-not-found @ http://127.0.0.1:3000/Portfolio-bts/_next/static/chunks/node_modules_next_dist_0u_w_5s._.js:1945
[  502102ms] [ERROR] ./app/projets/page.tsx:3:1
Module not found: Can't resolve '@/components/portfolio/visual-preview'
  1 | import Link from "next/link";
  2 | import { ArrowUpRight } from "lucide-react";
> 3 | import { VisualPreview } from "@/components/portfolio/visual-preview";
    | ^^^^^^^^^^^^^^^^^^^^^^^^^^^^^^^^^^^^^^^^^^^^^^^^^^^^^^^^^^^^^^^^^^^^^^
  4 | import { competencies, projects, getCategoryLabel } from "@/lib/data";
  5 | import { getProjectCategorySections } from "@/lib/view-models/projects";
  6 |

Import map: aliased to relative './components/portfolio/visual-preview' inside of [project]/

https://nextjs.org/docs/messages/module-not-found @ http://127.0.0.1:3000/Portfolio-bts/_next/static/chunks/node_modules_next_dist_0u_w_5s._.js:1945
[  502102ms] [ERROR] ./app/veille/page.tsx:3:1
Module not found: Can't resolve '@/components/portfolio/visual-preview'
  1 | import Link from "next/link";
  2 | import { ArrowUpRight } from "lucide-react";
> 3 | import { VisualPreview } from "@/components/portfolio/visual-preview";
    | ^^^^^^^^^^^^^^^^^^^^^^^^^^^^^^^^^^^^^^^^^^^^^^^^^^^^^^^^^^^^^^^^^^^^^^
  4 | import { Badge } from "@/components/ui/badge";
  5 | import { watchEntries } from "@/lib/data";
  6 |

Import map: aliased to relative './components/portfolio/visual-preview' inside of [project]/

https://nextjs.org/docs/messages/module-not-found @ http://127.0.0.1:3000/Portfolio-bts/_next/static/chunks/node_modules_next_dist_0u_w_5s._.js:1945
[  502181ms] [ERROR] ./app/projets/page.tsx:3:1
Module not found: Can't resolve '@/components/portfolio/visual-preview'
  1 | import Link from "next/link";
  2 | import { ArrowUpRight } from "lucide-react";
> 3 | import { VisualPreview } from "@/components/portfolio/visual-preview";
    | ^^^^^^^^^^^^^^^^^^^^^^^^^^^^^^^^^^^^^^^^^^^^^^^^^^^^^^^^^^^^^^^^^^^^^^
  4 | import { competencies, projects, getCategoryLabel } from "@/lib/data";
  5 | import { getProjectCategorySections } from "@/lib/view-models/projects";
  6 |

Import map: aliased to relative './components/portfolio/visual-preview' inside of [project]/

https://nextjs.org/docs/messages/module-not-found @ http://127.0.0.1:3000/Portfolio-bts/_next/static/chunks/node_modules_next_dist_0u_w_5s._.js:1945
[  502181ms] [ERROR] ./app/veille/page.tsx:3:1
Module not found: Can't resolve '@/components/portfolio/visual-preview'
  1 | import Link from "next/link";
  2 | import { ArrowUpRight } from "lucide-react";
> 3 | import { VisualPreview } from "@/components/portfolio/visual-preview";
    | ^^^^^^^^^^^^^^^^^^^^^^^^^^^^^^^^^^^^^^^^^^^^^^^^^^^^^^^^^^^^^^^^^^^^^^
  4 | import { Badge } from "@/components/ui/badge";
  5 | import { watchEntries } from "@/lib/data";
  6 |

Import map: aliased to relative './components/portfolio/visual-preview' inside of [project]/

https://nextjs.org/docs/messages/module-not-found @ http://127.0.0.1:3000/Portfolio-bts/_next/static/chunks/node_modules_next_dist_0u_w_5s._.js:1945
[  502241ms] [ERROR] ./app/projets/page.tsx:3:1
Module not found: Can't resolve '@/components/portfolio/visual-preview'
  1 | import Link from "next/link";
  2 | import { ArrowUpRight } from "lucide-react";
> 3 | import { VisualPreview } from "@/components/portfolio/visual-preview";
    | ^^^^^^^^^^^^^^^^^^^^^^^^^^^^^^^^^^^^^^^^^^^^^^^^^^^^^^^^^^^^^^^^^^^^^^
  4 | import { competencies, projects, getCategoryLabel } from "@/lib/data";
  5 | import { getProjectCategorySections } from "@/lib/view-models/projects";
  6 |

Import map: aliased to relative './components/portfolio/visual-preview' inside of [project]/

https://nextjs.org/docs/messages/module-not-found @ http://127.0.0.1:3000/Portfolio-bts/_next/static/chunks/node_modules_next_dist_0u_w_5s._.js:1945
[  502241ms] [ERROR] ./app/veille/page.tsx:3:1
Module not found: Can't resolve '@/components/portfolio/visual-preview'
  1 | import Link from "next/link";
  2 | import { ArrowUpRight } from "lucide-react";
> 3 | import { VisualPreview } from "@/components/portfolio/visual-preview";
    | ^^^^^^^^^^^^^^^^^^^^^^^^^^^^^^^^^^^^^^^^^^^^^^^^^^^^^^^^^^^^^^^^^^^^^^
  4 | import { Badge } from "@/components/ui/badge";
  5 | import { watchEntries } from "@/lib/data";
  6 |

Import map: aliased to relative './components/portfolio/visual-preview' inside of [project]/

https://nextjs.org/docs/messages/module-not-found @ http://127.0.0.1:3000/Portfolio-bts/_next/static/chunks/node_modules_next_dist_0u_w_5s._.js:1945
[  502304ms] [ERROR] ./app/projets/page.tsx:3:1
Module not found: Can't resolve '@/components/portfolio/visual-preview'
  1 | import Link from "next/link";
  2 | import { ArrowUpRight } from "lucide-react";
> 3 | import { VisualPreview } from "@/components/portfolio/visual-preview";
    | ^^^^^^^^^^^^^^^^^^^^^^^^^^^^^^^^^^^^^^^^^^^^^^^^^^^^^^^^^^^^^^^^^^^^^^
  4 | import { competencies, projects, getCategoryLabel } from "@/lib/data";
  5 | import { getProjectCategorySections } from "@/lib/view-models/projects";
  6 |

Import map: aliased to relative './components/portfolio/visual-preview' inside of [project]/

https://nextjs.org/docs/messages/module-not-found @ http://127.0.0.1:3000/Portfolio-bts/_next/static/chunks/node_modules_next_dist_0u_w_5s._.js:1945
[  502304ms] [ERROR] ./app/veille/page.tsx:3:1
Module not found: Can't resolve '@/components/portfolio/visual-preview'
  1 | import Link from "next/link";
  2 | import { ArrowUpRight } from "lucide-react";
> 3 | import { VisualPreview } from "@/components/portfolio/visual-preview";
    | ^^^^^^^^^^^^^^^^^^^^^^^^^^^^^^^^^^^^^^^^^^^^^^^^^^^^^^^^^^^^^^^^^^^^^^
  4 | import { Badge } from "@/components/ui/badge";
  5 | import { watchEntries } from "@/lib/data";
  6 |

Import map: aliased to relative './components/portfolio/visual-preview' inside of [project]/

https://nextjs.org/docs/messages/module-not-found @ http://127.0.0.1:3000/Portfolio-bts/_next/static/chunks/node_modules_next_dist_0u_w_5s._.js:1945
[  502367ms] [ERROR] ./app/projets/page.tsx:3:1
Module not found: Can't resolve '@/components/portfolio/visual-preview'
  1 | import Link from "next/link";
  2 | import { ArrowUpRight } from "lucide-react";
> 3 | import { VisualPreview } from "@/components/portfolio/visual-preview";
    | ^^^^^^^^^^^^^^^^^^^^^^^^^^^^^^^^^^^^^^^^^^^^^^^^^^^^^^^^^^^^^^^^^^^^^^
  4 | import { competencies, projects, getCategoryLabel } from "@/lib/data";
  5 | import { getProjectCategorySections } from "@/lib/view-models/projects";
  6 |

Import map: aliased to relative './components/portfolio/visual-preview' inside of [project]/

https://nextjs.org/docs/messages/module-not-found @ http://127.0.0.1:3000/Portfolio-bts/_next/static/chunks/node_modules_next_dist_0u_w_5s._.js:1945
[  502367ms] [ERROR] ./app/veille/page.tsx:3:1
Module not found: Can't resolve '@/components/portfolio/visual-preview'
  1 | import Link from "next/link";
  2 | import { ArrowUpRight } from "lucide-react";
> 3 | import { VisualPreview } from "@/components/portfolio/visual-preview";
    | ^^^^^^^^^^^^^^^^^^^^^^^^^^^^^^^^^^^^^^^^^^^^^^^^^^^^^^^^^^^^^^^^^^^^^^
  4 | import { Badge } from "@/components/ui/badge";
  5 | import { watchEntries } from "@/lib/data";
  6 |

Import map: aliased to relative './components/portfolio/visual-preview' inside of [project]/

https://nextjs.org/docs/messages/module-not-found @ http://127.0.0.1:3000/Portfolio-bts/_next/static/chunks/node_modules_next_dist_0u_w_5s._.js:1945
[  502429ms] [ERROR] ./app/projets/page.tsx:3:1
Module not found: Can't resolve '@/components/portfolio/visual-preview'
  1 | import Link from "next/link";
  2 | import { ArrowUpRight } from "lucide-react";
> 3 | import { VisualPreview } from "@/components/portfolio/visual-preview";
    | ^^^^^^^^^^^^^^^^^^^^^^^^^^^^^^^^^^^^^^^^^^^^^^^^^^^^^^^^^^^^^^^^^^^^^^
  4 | import { competencies, projects, getCategoryLabel } from "@/lib/data";
  5 | import { getProjectCategorySections } from "@/lib/view-models/projects";
  6 |

Import map: aliased to relative './components/portfolio/visual-preview' inside of [project]/

https://nextjs.org/docs/messages/module-not-found @ http://127.0.0.1:3000/Portfolio-bts/_next/static/chunks/node_modules_next_dist_0u_w_5s._.js:1945
[  502429ms] [ERROR] ./app/veille/page.tsx:3:1
Module not found: Can't resolve '@/components/portfolio/visual-preview'
  1 | import Link from "next/link";
  2 | import { ArrowUpRight } from "lucide-react";
> 3 | import { VisualPreview } from "@/components/portfolio/visual-preview";
    | ^^^^^^^^^^^^^^^^^^^^^^^^^^^^^^^^^^^^^^^^^^^^^^^^^^^^^^^^^^^^^^^^^^^^^^
  4 | import { Badge } from "@/components/ui/badge";
  5 | import { watchEntries } from "@/lib/data";
  6 |

Import map: aliased to relative './components/portfolio/visual-preview' inside of [project]/

https://nextjs.org/docs/messages/module-not-found @ http://127.0.0.1:3000/Portfolio-bts/_next/static/chunks/node_modules_next_dist_0u_w_5s._.js:1945
[  502492ms] [ERROR] ./app/projets/page.tsx:3:1
Module not found: Can't resolve '@/components/portfolio/visual-preview'
  1 | import Link from "next/link";
  2 | import { ArrowUpRight } from "lucide-react";
> 3 | import { VisualPreview } from "@/components/portfolio/visual-preview";
    | ^^^^^^^^^^^^^^^^^^^^^^^^^^^^^^^^^^^^^^^^^^^^^^^^^^^^^^^^^^^^^^^^^^^^^^
  4 | import { competencies, projects, getCategoryLabel } from "@/lib/data";
  5 | import { getProjectCategorySections } from "@/lib/view-models/projects";
  6 |

Import map: aliased to relative './components/portfolio/visual-preview' inside of [project]/

https://nextjs.org/docs/messages/module-not-found @ http://127.0.0.1:3000/Portfolio-bts/_next/static/chunks/node_modules_next_dist_0u_w_5s._.js:1945
[  502493ms] [ERROR] ./app/veille/page.tsx:3:1
Module not found: Can't resolve '@/components/portfolio/visual-preview'
  1 | import Link from "next/link";
  2 | import { ArrowUpRight } from "lucide-react";
> 3 | import { VisualPreview } from "@/components/portfolio/visual-preview";
    | ^^^^^^^^^^^^^^^^^^^^^^^^^^^^^^^^^^^^^^^^^^^^^^^^^^^^^^^^^^^^^^^^^^^^^^
  4 | import { Badge } from "@/components/ui/badge";
  5 | import { watchEntries } from "@/lib/data";
  6 |

Import map: aliased to relative './components/portfolio/visual-preview' inside of [project]/

https://nextjs.org/docs/messages/module-not-found @ http://127.0.0.1:3000/Portfolio-bts/_next/static/chunks/node_modules_next_dist_0u_w_5s._.js:1945
[  502554ms] [ERROR] ./app/projets/page.tsx:3:1
Module not found: Can't resolve '@/components/portfolio/visual-preview'
  1 | import Link from "next/link";
  2 | import { ArrowUpRight } from "lucide-react";
> 3 | import { VisualPreview } from "@/components/portfolio/visual-preview";
    | ^^^^^^^^^^^^^^^^^^^^^^^^^^^^^^^^^^^^^^^^^^^^^^^^^^^^^^^^^^^^^^^^^^^^^^
  4 | import { competencies, projects, getCategoryLabel } from "@/lib/data";
  5 | import { getProjectCategorySections } from "@/lib/view-models/projects";
  6 |

Import map: aliased to relative './components/portfolio/visual-preview' inside of [project]/

https://nextjs.org/docs/messages/module-not-found @ http://127.0.0.1:3000/Portfolio-bts/_next/static/chunks/node_modules_next_dist_0u_w_5s._.js:1945
[  502554ms] [ERROR] ./app/veille/page.tsx:3:1
Module not found: Can't resolve '@/components/portfolio/visual-preview'
  1 | import Link from "next/link";
  2 | import { ArrowUpRight } from "lucide-react";
> 3 | import { VisualPreview } from "@/components/portfolio/visual-preview";
    | ^^^^^^^^^^^^^^^^^^^^^^^^^^^^^^^^^^^^^^^^^^^^^^^^^^^^^^^^^^^^^^^^^^^^^^
  4 | import { Badge } from "@/components/ui/badge";
  5 | import { watchEntries } from "@/lib/data";
  6 |

Import map: aliased to relative './components/portfolio/visual-preview' inside of [project]/

https://nextjs.org/docs/messages/module-not-found @ http://127.0.0.1:3000/Portfolio-bts/_next/static/chunks/node_modules_next_dist_0u_w_5s._.js:1945
[  502617ms] [ERROR] ./app/projets/page.tsx:3:1
Module not found: Can't resolve '@/components/portfolio/visual-preview'
  1 | import Link from "next/link";
  2 | import { ArrowUpRight } from "lucide-react";
> 3 | import { VisualPreview } from "@/components/portfolio/visual-preview";
    | ^^^^^^^^^^^^^^^^^^^^^^^^^^^^^^^^^^^^^^^^^^^^^^^^^^^^^^^^^^^^^^^^^^^^^^
  4 | import { competencies, projects, getCategoryLabel } from "@/lib/data";
  5 | import { getProjectCategorySections } from "@/lib/view-models/projects";
  6 |

Import map: aliased to relative './components/portfolio/visual-preview' inside of [project]/

https://nextjs.org/docs/messages/module-not-found @ http://127.0.0.1:3000/Portfolio-bts/_next/static/chunks/node_modules_next_dist_0u_w_5s._.js:1945
[  502617ms] [ERROR] ./app/veille/page.tsx:3:1
Module not found: Can't resolve '@/components/portfolio/visual-preview'
  1 | import Link from "next/link";
  2 | import { ArrowUpRight } from "lucide-react";
> 3 | import { VisualPreview } from "@/components/portfolio/visual-preview";
    | ^^^^^^^^^^^^^^^^^^^^^^^^^^^^^^^^^^^^^^^^^^^^^^^^^^^^^^^^^^^^^^^^^^^^^^
  4 | import { Badge } from "@/components/ui/badge";
  5 | import { watchEntries } from "@/lib/data";
  6 |

Import map: aliased to relative './components/portfolio/visual-preview' inside of [project]/

https://nextjs.org/docs/messages/module-not-found @ http://127.0.0.1:3000/Portfolio-bts/_next/static/chunks/node_modules_next_dist_0u_w_5s._.js:1945
[  502681ms] [ERROR] ./app/projets/page.tsx:3:1
Module not found: Can't resolve '@/components/portfolio/visual-preview'
  1 | import Link from "next/link";
  2 | import { ArrowUpRight } from "lucide-react";
> 3 | import { VisualPreview } from "@/components/portfolio/visual-preview";
    | ^^^^^^^^^^^^^^^^^^^^^^^^^^^^^^^^^^^^^^^^^^^^^^^^^^^^^^^^^^^^^^^^^^^^^^
  4 | import { competencies, projects, getCategoryLabel } from "@/lib/data";
  5 | import { getProjectCategorySections } from "@/lib/view-models/projects";
  6 |

Import map: aliased to relative './components/portfolio/visual-preview' inside of [project]/

https://nextjs.org/docs/messages/module-not-found @ http://127.0.0.1:3000/Portfolio-bts/_next/static/chunks/node_modules_next_dist_0u_w_5s._.js:1945
[  502681ms] [ERROR] ./app/veille/page.tsx:3:1
Module not found: Can't resolve '@/components/portfolio/visual-preview'
  1 | import Link from "next/link";
  2 | import { ArrowUpRight } from "lucide-react";
> 3 | import { VisualPreview } from "@/components/portfolio/visual-preview";
    | ^^^^^^^^^^^^^^^^^^^^^^^^^^^^^^^^^^^^^^^^^^^^^^^^^^^^^^^^^^^^^^^^^^^^^^
  4 | import { Badge } from "@/components/ui/badge";
  5 | import { watchEntries } from "@/lib/data";
  6 |

Import map: aliased to relative './components/portfolio/visual-preview' inside of [project]/

https://nextjs.org/docs/messages/module-not-found @ http://127.0.0.1:3000/Portfolio-bts/_next/static/chunks/node_modules_next_dist_0u_w_5s._.js:1945
[  502741ms] [ERROR] ./app/projets/page.tsx:3:1
Module not found: Can't resolve '@/components/portfolio/visual-preview'
  1 | import Link from "next/link";
  2 | import { ArrowUpRight } from "lucide-react";
> 3 | import { VisualPreview } from "@/components/portfolio/visual-preview";
    | ^^^^^^^^^^^^^^^^^^^^^^^^^^^^^^^^^^^^^^^^^^^^^^^^^^^^^^^^^^^^^^^^^^^^^^
  4 | import { competencies, projects, getCategoryLabel } from "@/lib/data";
  5 | import { getProjectCategorySections } from "@/lib/view-models/projects";
  6 |

Import map: aliased to relative './components/portfolio/visual-preview' inside of [project]/

https://nextjs.org/docs/messages/module-not-found @ http://127.0.0.1:3000/Portfolio-bts/_next/static/chunks/node_modules_next_dist_0u_w_5s._.js:1945
[  502741ms] [ERROR] ./app/veille/page.tsx:3:1
Module not found: Can't resolve '@/components/portfolio/visual-preview'
  1 | import Link from "next/link";
  2 | import { ArrowUpRight } from "lucide-react";
> 3 | import { VisualPreview } from "@/components/portfolio/visual-preview";
    | ^^^^^^^^^^^^^^^^^^^^^^^^^^^^^^^^^^^^^^^^^^^^^^^^^^^^^^^^^^^^^^^^^^^^^^
  4 | import { Badge } from "@/components/ui/badge";
  5 | import { watchEntries } from "@/lib/data";
  6 |

Import map: aliased to relative './components/portfolio/visual-preview' inside of [project]/

https://nextjs.org/docs/messages/module-not-found @ http://127.0.0.1:3000/Portfolio-bts/_next/static/chunks/node_modules_next_dist_0u_w_5s._.js:1945
[  502804ms] [ERROR] ./app/projets/page.tsx:3:1
Module not found: Can't resolve '@/components/portfolio/visual-preview'
  1 | import Link from "next/link";
  2 | import { ArrowUpRight } from "lucide-react";
> 3 | import { VisualPreview } from "@/components/portfolio/visual-preview";
    | ^^^^^^^^^^^^^^^^^^^^^^^^^^^^^^^^^^^^^^^^^^^^^^^^^^^^^^^^^^^^^^^^^^^^^^
  4 | import { competencies, projects, getCategoryLabel } from "@/lib/data";
  5 | import { getProjectCategorySections } from "@/lib/view-models/projects";
  6 |

Import map: aliased to relative './components/portfolio/visual-preview' inside of [project]/

https://nextjs.org/docs/messages/module-not-found @ http://127.0.0.1:3000/Portfolio-bts/_next/static/chunks/node_modules_next_dist_0u_w_5s._.js:1945
[  502805ms] [ERROR] ./app/veille/page.tsx:3:1
Module not found: Can't resolve '@/components/portfolio/visual-preview'
  1 | import Link from "next/link";
  2 | import { ArrowUpRight } from "lucide-react";
> 3 | import { VisualPreview } from "@/components/portfolio/visual-preview";
    | ^^^^^^^^^^^^^^^^^^^^^^^^^^^^^^^^^^^^^^^^^^^^^^^^^^^^^^^^^^^^^^^^^^^^^^
  4 | import { Badge } from "@/components/ui/badge";
  5 | import { watchEntries } from "@/lib/data";
  6 |

Import map: aliased to relative './components/portfolio/visual-preview' inside of [project]/

https://nextjs.org/docs/messages/module-not-found @ http://127.0.0.1:3000/Portfolio-bts/_next/static/chunks/node_modules_next_dist_0u_w_5s._.js:1945
[  502866ms] [ERROR] ./app/projets/page.tsx:3:1
Module not found: Can't resolve '@/components/portfolio/visual-preview'
  1 | import Link from "next/link";
  2 | import { ArrowUpRight } from "lucide-react";
> 3 | import { VisualPreview } from "@/components/portfolio/visual-preview";
    | ^^^^^^^^^^^^^^^^^^^^^^^^^^^^^^^^^^^^^^^^^^^^^^^^^^^^^^^^^^^^^^^^^^^^^^
  4 | import { competencies, projects, getCategoryLabel } from "@/lib/data";
  5 | import { getProjectCategorySections } from "@/lib/view-models/projects";
  6 |

Import map: aliased to relative './components/portfolio/visual-preview' inside of [project]/

https://nextjs.org/docs/messages/module-not-found @ http://127.0.0.1:3000/Portfolio-bts/_next/static/chunks/node_modules_next_dist_0u_w_5s._.js:1945
[  502866ms] [ERROR] ./app/veille/page.tsx:3:1
Module not found: Can't resolve '@/components/portfolio/visual-preview'
  1 | import Link from "next/link";
  2 | import { ArrowUpRight } from "lucide-react";
> 3 | import { VisualPreview } from "@/components/portfolio/visual-preview";
    | ^^^^^^^^^^^^^^^^^^^^^^^^^^^^^^^^^^^^^^^^^^^^^^^^^^^^^^^^^^^^^^^^^^^^^^
  4 | import { Badge } from "@/components/ui/badge";
  5 | import { watchEntries } from "@/lib/data";
  6 |

Import map: aliased to relative './components/portfolio/visual-preview' inside of [project]/

https://nextjs.org/docs/messages/module-not-found @ http://127.0.0.1:3000/Portfolio-bts/_next/static/chunks/node_modules_next_dist_0u_w_5s._.js:1945
[  502927ms] [ERROR] ./app/projets/page.tsx:3:1
Module not found: Can't resolve '@/components/portfolio/visual-preview'
  1 | import Link from "next/link";
  2 | import { ArrowUpRight } from "lucide-react";
> 3 | import { VisualPreview } from "@/components/portfolio/visual-preview";
    | ^^^^^^^^^^^^^^^^^^^^^^^^^^^^^^^^^^^^^^^^^^^^^^^^^^^^^^^^^^^^^^^^^^^^^^
  4 | import { competencies, projects, getCategoryLabel } from "@/lib/data";
  5 | import { getProjectCategorySections } from "@/lib/view-models/projects";
  6 |

Import map: aliased to relative './components/portfolio/visual-preview' inside of [project]/

https://nextjs.org/docs/messages/module-not-found @ http://127.0.0.1:3000/Portfolio-bts/_next/static/chunks/node_modules_next_dist_0u_w_5s._.js:1945
[  502928ms] [ERROR] ./app/veille/page.tsx:3:1
Module not found: Can't resolve '@/components/portfolio/visual-preview'
  1 | import Link from "next/link";
  2 | import { ArrowUpRight } from "lucide-react";
> 3 | import { VisualPreview } from "@/components/portfolio/visual-preview";
    | ^^^^^^^^^^^^^^^^^^^^^^^^^^^^^^^^^^^^^^^^^^^^^^^^^^^^^^^^^^^^^^^^^^^^^^
  4 | import { Badge } from "@/components/ui/badge";
  5 | import { watchEntries } from "@/lib/data";
  6 |

Import map: aliased to relative './components/portfolio/visual-preview' inside of [project]/

https://nextjs.org/docs/messages/module-not-found @ http://127.0.0.1:3000/Portfolio-bts/_next/static/chunks/node_modules_next_dist_0u_w_5s._.js:1945
[  502989ms] [ERROR] ./app/projets/page.tsx:3:1
Module not found: Can't resolve '@/components/portfolio/visual-preview'
  1 | import Link from "next/link";
  2 | import { ArrowUpRight } from "lucide-react";
> 3 | import { VisualPreview } from "@/components/portfolio/visual-preview";
    | ^^^^^^^^^^^^^^^^^^^^^^^^^^^^^^^^^^^^^^^^^^^^^^^^^^^^^^^^^^^^^^^^^^^^^^
  4 | import { competencies, projects, getCategoryLabel } from "@/lib/data";
  5 | import { getProjectCategorySections } from "@/lib/view-models/projects";
  6 |

Import map: aliased to relative './components/portfolio/visual-preview' inside of [project]/

https://nextjs.org/docs/messages/module-not-found @ http://127.0.0.1:3000/Portfolio-bts/_next/static/chunks/node_modules_next_dist_0u_w_5s._.js:1945
[  502989ms] [ERROR] ./app/veille/page.tsx:3:1
Module not found: Can't resolve '@/components/portfolio/visual-preview'
  1 | import Link from "next/link";
  2 | import { ArrowUpRight } from "lucide-react";
> 3 | import { VisualPreview } from "@/components/portfolio/visual-preview";
    | ^^^^^^^^^^^^^^^^^^^^^^^^^^^^^^^^^^^^^^^^^^^^^^^^^^^^^^^^^^^^^^^^^^^^^^
  4 | import { Badge } from "@/components/ui/badge";
  5 | import { watchEntries } from "@/lib/data";
  6 |

Import map: aliased to relative './components/portfolio/visual-preview' inside of [project]/

https://nextjs.org/docs/messages/module-not-found @ http://127.0.0.1:3000/Portfolio-bts/_next/static/chunks/node_modules_next_dist_0u_w_5s._.js:1945
[  503053ms] [ERROR] ./app/projets/page.tsx:3:1
Module not found: Can't resolve '@/components/portfolio/visual-preview'
  1 | import Link from "next/link";
  2 | import { ArrowUpRight } from "lucide-react";
> 3 | import { VisualPreview } from "@/components/portfolio/visual-preview";
    | ^^^^^^^^^^^^^^^^^^^^^^^^^^^^^^^^^^^^^^^^^^^^^^^^^^^^^^^^^^^^^^^^^^^^^^
  4 | import { competencies, projects, getCategoryLabel } from "@/lib/data";
  5 | import { getProjectCategorySections } from "@/lib/view-models/projects";
  6 |

Import map: aliased to relative './components/portfolio/visual-preview' inside of [project]/

https://nextjs.org/docs/messages/module-not-found @ http://127.0.0.1:3000/Portfolio-bts/_next/static/chunks/node_modules_next_dist_0u_w_5s._.js:1945
[  503053ms] [ERROR] ./app/veille/page.tsx:3:1
Module not found: Can't resolve '@/components/portfolio/visual-preview'
  1 | import Link from "next/link";
  2 | import { ArrowUpRight } from "lucide-react";
> 3 | import { VisualPreview } from "@/components/portfolio/visual-preview";
    | ^^^^^^^^^^^^^^^^^^^^^^^^^^^^^^^^^^^^^^^^^^^^^^^^^^^^^^^^^^^^^^^^^^^^^^
  4 | import { Badge } from "@/components/ui/badge";
  5 | import { watchEntries } from "@/lib/data";
  6 |

Import map: aliased to relative './components/portfolio/visual-preview' inside of [project]/

https://nextjs.org/docs/messages/module-not-found @ http://127.0.0.1:3000/Portfolio-bts/_next/static/chunks/node_modules_next_dist_0u_w_5s._.js:1945
[  503116ms] [ERROR] ./app/projets/page.tsx:3:1
Module not found: Can't resolve '@/components/portfolio/visual-preview'
  1 | import Link from "next/link";
  2 | import { ArrowUpRight } from "lucide-react";
> 3 | import { VisualPreview } from "@/components/portfolio/visual-preview";
    | ^^^^^^^^^^^^^^^^^^^^^^^^^^^^^^^^^^^^^^^^^^^^^^^^^^^^^^^^^^^^^^^^^^^^^^
  4 | import { competencies, projects, getCategoryLabel } from "@/lib/data";
  5 | import { getProjectCategorySections } from "@/lib/view-models/projects";
  6 |

Import map: aliased to relative './components/portfolio/visual-preview' inside of [project]/

https://nextjs.org/docs/messages/module-not-found @ http://127.0.0.1:3000/Portfolio-bts/_next/static/chunks/node_modules_next_dist_0u_w_5s._.js:1945
[  503116ms] [ERROR] ./app/veille/page.tsx:3:1
Module not found: Can't resolve '@/components/portfolio/visual-preview'
  1 | import Link from "next/link";
  2 | import { ArrowUpRight } from "lucide-react";
> 3 | import { VisualPreview } from "@/components/portfolio/visual-preview";
    | ^^^^^^^^^^^^^^^^^^^^^^^^^^^^^^^^^^^^^^^^^^^^^^^^^^^^^^^^^^^^^^^^^^^^^^
  4 | import { Badge } from "@/components/ui/badge";
  5 | import { watchEntries } from "@/lib/data";
  6 |

Import map: aliased to relative './components/portfolio/visual-preview' inside of [project]/

https://nextjs.org/docs/messages/module-not-found @ http://127.0.0.1:3000/Portfolio-bts/_next/static/chunks/node_modules_next_dist_0u_w_5s._.js:1945
[  503177ms] [ERROR] ./app/projets/page.tsx:3:1
Module not found: Can't resolve '@/components/portfolio/visual-preview'
  1 | import Link from "next/link";
  2 | import { ArrowUpRight } from "lucide-react";
> 3 | import { VisualPreview } from "@/components/portfolio/visual-preview";
    | ^^^^^^^^^^^^^^^^^^^^^^^^^^^^^^^^^^^^^^^^^^^^^^^^^^^^^^^^^^^^^^^^^^^^^^
  4 | import { competencies, projects, getCategoryLabel } from "@/lib/data";
  5 | import { getProjectCategorySections } from "@/lib/view-models/projects";
  6 |

Import map: aliased to relative './components/portfolio/visual-preview' inside of [project]/

https://nextjs.org/docs/messages/module-not-found @ http://127.0.0.1:3000/Portfolio-bts/_next/static/chunks/node_modules_next_dist_0u_w_5s._.js:1945
[  503178ms] [ERROR] ./app/veille/page.tsx:3:1
Module not found: Can't resolve '@/components/portfolio/visual-preview'
  1 | import Link from "next/link";
  2 | import { ArrowUpRight } from "lucide-react";
> 3 | import { VisualPreview } from "@/components/portfolio/visual-preview";
    | ^^^^^^^^^^^^^^^^^^^^^^^^^^^^^^^^^^^^^^^^^^^^^^^^^^^^^^^^^^^^^^^^^^^^^^
  4 | import { Badge } from "@/components/ui/badge";
  5 | import { watchEntries } from "@/lib/data";
  6 |

Import map: aliased to relative './components/portfolio/visual-preview' inside of [project]/

https://nextjs.org/docs/messages/module-not-found @ http://127.0.0.1:3000/Portfolio-bts/_next/static/chunks/node_modules_next_dist_0u_w_5s._.js:1945
[  503241ms] [ERROR] ./app/projets/page.tsx:3:1
Module not found: Can't resolve '@/components/portfolio/visual-preview'
  1 | import Link from "next/link";
  2 | import { ArrowUpRight } from "lucide-react";
> 3 | import { VisualPreview } from "@/components/portfolio/visual-preview";
    | ^^^^^^^^^^^^^^^^^^^^^^^^^^^^^^^^^^^^^^^^^^^^^^^^^^^^^^^^^^^^^^^^^^^^^^
  4 | import { competencies, projects, getCategoryLabel } from "@/lib/data";
  5 | import { getProjectCategorySections } from "@/lib/view-models/projects";
  6 |

Import map: aliased to relative './components/portfolio/visual-preview' inside of [project]/

https://nextjs.org/docs/messages/module-not-found @ http://127.0.0.1:3000/Portfolio-bts/_next/static/chunks/node_modules_next_dist_0u_w_5s._.js:1945
[  503241ms] [ERROR] ./app/veille/page.tsx:3:1
Module not found: Can't resolve '@/components/portfolio/visual-preview'
  1 | import Link from "next/link";
  2 | import { ArrowUpRight } from "lucide-react";
> 3 | import { VisualPreview } from "@/components/portfolio/visual-preview";
    | ^^^^^^^^^^^^^^^^^^^^^^^^^^^^^^^^^^^^^^^^^^^^^^^^^^^^^^^^^^^^^^^^^^^^^^
  4 | import { Badge } from "@/components/ui/badge";
  5 | import { watchEntries } from "@/lib/data";
  6 |

Import map: aliased to relative './components/portfolio/visual-preview' inside of [project]/

https://nextjs.org/docs/messages/module-not-found @ http://127.0.0.1:3000/Portfolio-bts/_next/static/chunks/node_modules_next_dist_0u_w_5s._.js:1945
[  503303ms] [ERROR] ./app/projets/page.tsx:3:1
Module not found: Can't resolve '@/components/portfolio/visual-preview'
  1 | import Link from "next/link";
  2 | import { ArrowUpRight } from "lucide-react";
> 3 | import { VisualPreview } from "@/components/portfolio/visual-preview";
    | ^^^^^^^^^^^^^^^^^^^^^^^^^^^^^^^^^^^^^^^^^^^^^^^^^^^^^^^^^^^^^^^^^^^^^^
  4 | import { competencies, projects, getCategoryLabel } from "@/lib/data";
  5 | import { getProjectCategorySections } from "@/lib/view-models/projects";
  6 |

Import map: aliased to relative './components/portfolio/visual-preview' inside of [project]/

https://nextjs.org/docs/messages/module-not-found @ http://127.0.0.1:3000/Portfolio-bts/_next/static/chunks/node_modules_next_dist_0u_w_5s._.js:1945
[  503303ms] [ERROR] ./app/veille/page.tsx:3:1
Module not found: Can't resolve '@/components/portfolio/visual-preview'
  1 | import Link from "next/link";
  2 | import { ArrowUpRight } from "lucide-react";
> 3 | import { VisualPreview } from "@/components/portfolio/visual-preview";
    | ^^^^^^^^^^^^^^^^^^^^^^^^^^^^^^^^^^^^^^^^^^^^^^^^^^^^^^^^^^^^^^^^^^^^^^
  4 | import { Badge } from "@/components/ui/badge";
  5 | import { watchEntries } from "@/lib/data";
  6 |

Import map: aliased to relative './components/portfolio/visual-preview' inside of [project]/

https://nextjs.org/docs/messages/module-not-found @ http://127.0.0.1:3000/Portfolio-bts/_next/static/chunks/node_modules_next_dist_0u_w_5s._.js:1945
[  503365ms] [ERROR] ./app/projets/page.tsx:3:1
Module not found: Can't resolve '@/components/portfolio/visual-preview'
  1 | import Link from "next/link";
  2 | import { ArrowUpRight } from "lucide-react";
> 3 | import { VisualPreview } from "@/components/portfolio/visual-preview";
    | ^^^^^^^^^^^^^^^^^^^^^^^^^^^^^^^^^^^^^^^^^^^^^^^^^^^^^^^^^^^^^^^^^^^^^^
  4 | import { competencies, projects, getCategoryLabel } from "@/lib/data";
  5 | import { getProjectCategorySections } from "@/lib/view-models/projects";
  6 |

Import map: aliased to relative './components/portfolio/visual-preview' inside of [project]/

https://nextjs.org/docs/messages/module-not-found @ http://127.0.0.1:3000/Portfolio-bts/_next/static/chunks/node_modules_next_dist_0u_w_5s._.js:1945
[  503365ms] [ERROR] ./app/veille/page.tsx:3:1
Module not found: Can't resolve '@/components/portfolio/visual-preview'
  1 | import Link from "next/link";
  2 | import { ArrowUpRight } from "lucide-react";
> 3 | import { VisualPreview } from "@/components/portfolio/visual-preview";
    | ^^^^^^^^^^^^^^^^^^^^^^^^^^^^^^^^^^^^^^^^^^^^^^^^^^^^^^^^^^^^^^^^^^^^^^
  4 | import { Badge } from "@/components/ui/badge";
  5 | import { watchEntries } from "@/lib/data";
  6 |

Import map: aliased to relative './components/portfolio/visual-preview' inside of [project]/

https://nextjs.org/docs/messages/module-not-found @ http://127.0.0.1:3000/Portfolio-bts/_next/static/chunks/node_modules_next_dist_0u_w_5s._.js:1945
[  503427ms] [ERROR] ./app/projets/page.tsx:3:1
Module not found: Can't resolve '@/components/portfolio/visual-preview'
  1 | import Link from "next/link";
  2 | import { ArrowUpRight } from "lucide-react";
> 3 | import { VisualPreview } from "@/components/portfolio/visual-preview";
    | ^^^^^^^^^^^^^^^^^^^^^^^^^^^^^^^^^^^^^^^^^^^^^^^^^^^^^^^^^^^^^^^^^^^^^^
  4 | import { competencies, projects, getCategoryLabel } from "@/lib/data";
  5 | import { getProjectCategorySections } from "@/lib/view-models/projects";
  6 |

Import map: aliased to relative './components/portfolio/visual-preview' inside of [project]/

https://nextjs.org/docs/messages/module-not-found @ http://127.0.0.1:3000/Portfolio-bts/_next/static/chunks/node_modules_next_dist_0u_w_5s._.js:1945
[  503427ms] [ERROR] ./app/veille/page.tsx:3:1
Module not found: Can't resolve '@/components/portfolio/visual-preview'
  1 | import Link from "next/link";
  2 | import { ArrowUpRight } from "lucide-react";
> 3 | import { VisualPreview } from "@/components/portfolio/visual-preview";
    | ^^^^^^^^^^^^^^^^^^^^^^^^^^^^^^^^^^^^^^^^^^^^^^^^^^^^^^^^^^^^^^^^^^^^^^
  4 | import { Badge } from "@/components/ui/badge";
  5 | import { watchEntries } from "@/lib/data";
  6 |

Import map: aliased to relative './components/portfolio/visual-preview' inside of [project]/

https://nextjs.org/docs/messages/module-not-found @ http://127.0.0.1:3000/Portfolio-bts/_next/static/chunks/node_modules_next_dist_0u_w_5s._.js:1945
[  503488ms] [ERROR] ./app/projets/page.tsx:3:1
Module not found: Can't resolve '@/components/portfolio/visual-preview'
  1 | import Link from "next/link";
  2 | import { ArrowUpRight } from "lucide-react";
> 3 | import { VisualPreview } from "@/components/portfolio/visual-preview";
    | ^^^^^^^^^^^^^^^^^^^^^^^^^^^^^^^^^^^^^^^^^^^^^^^^^^^^^^^^^^^^^^^^^^^^^^
  4 | import { competencies, projects, getCategoryLabel } from "@/lib/data";
  5 | import { getProjectCategorySections } from "@/lib/view-models/projects";
  6 |

Import map: aliased to relative './components/portfolio/visual-preview' inside of [project]/

https://nextjs.org/docs/messages/module-not-found @ http://127.0.0.1:3000/Portfolio-bts/_next/static/chunks/node_modules_next_dist_0u_w_5s._.js:1945
[  503489ms] [ERROR] ./app/veille/page.tsx:3:1
Module not found: Can't resolve '@/components/portfolio/visual-preview'
  1 | import Link from "next/link";
  2 | import { ArrowUpRight } from "lucide-react";
> 3 | import { VisualPreview } from "@/components/portfolio/visual-preview";
    | ^^^^^^^^^^^^^^^^^^^^^^^^^^^^^^^^^^^^^^^^^^^^^^^^^^^^^^^^^^^^^^^^^^^^^^
  4 | import { Badge } from "@/components/ui/badge";
  5 | import { watchEntries } from "@/lib/data";
  6 |

Import map: aliased to relative './components/portfolio/visual-preview' inside of [project]/

https://nextjs.org/docs/messages/module-not-found @ http://127.0.0.1:3000/Portfolio-bts/_next/static/chunks/node_modules_next_dist_0u_w_5s._.js:1945
[  503551ms] [ERROR] ./app/projets/page.tsx:3:1
Module not found: Can't resolve '@/components/portfolio/visual-preview'
  1 | import Link from "next/link";
  2 | import { ArrowUpRight } from "lucide-react";
> 3 | import { VisualPreview } from "@/components/portfolio/visual-preview";
    | ^^^^^^^^^^^^^^^^^^^^^^^^^^^^^^^^^^^^^^^^^^^^^^^^^^^^^^^^^^^^^^^^^^^^^^
  4 | import { competencies, projects, getCategoryLabel } from "@/lib/data";
  5 | import { getProjectCategorySections } from "@/lib/view-models/projects";
  6 |

Import map: aliased to relative './components/portfolio/visual-preview' inside of [project]/

https://nextjs.org/docs/messages/module-not-found @ http://127.0.0.1:3000/Portfolio-bts/_next/static/chunks/node_modules_next_dist_0u_w_5s._.js:1945
[  503551ms] [ERROR] ./app/veille/page.tsx:3:1
Module not found: Can't resolve '@/components/portfolio/visual-preview'
  1 | import Link from "next/link";
  2 | import { ArrowUpRight } from "lucide-react";
> 3 | import { VisualPreview } from "@/components/portfolio/visual-preview";
    | ^^^^^^^^^^^^^^^^^^^^^^^^^^^^^^^^^^^^^^^^^^^^^^^^^^^^^^^^^^^^^^^^^^^^^^
  4 | import { Badge } from "@/components/ui/badge";
  5 | import { watchEntries } from "@/lib/data";
  6 |

Import map: aliased to relative './components/portfolio/visual-preview' inside of [project]/

https://nextjs.org/docs/messages/module-not-found @ http://127.0.0.1:3000/Portfolio-bts/_next/static/chunks/node_modules_next_dist_0u_w_5s._.js:1945
[  503613ms] [ERROR] ./app/projets/page.tsx:3:1
Module not found: Can't resolve '@/components/portfolio/visual-preview'
  1 | import Link from "next/link";
  2 | import { ArrowUpRight } from "lucide-react";
> 3 | import { VisualPreview } from "@/components/portfolio/visual-preview";
    | ^^^^^^^^^^^^^^^^^^^^^^^^^^^^^^^^^^^^^^^^^^^^^^^^^^^^^^^^^^^^^^^^^^^^^^
  4 | import { competencies, projects, getCategoryLabel } from "@/lib/data";
  5 | import { getProjectCategorySections } from "@/lib/view-models/projects";
  6 |

Import map: aliased to relative './components/portfolio/visual-preview' inside of [project]/

https://nextjs.org/docs/messages/module-not-found @ http://127.0.0.1:3000/Portfolio-bts/_next/static/chunks/node_modules_next_dist_0u_w_5s._.js:1945
[  503614ms] [ERROR] ./app/veille/page.tsx:3:1
Module not found: Can't resolve '@/components/portfolio/visual-preview'
  1 | import Link from "next/link";
  2 | import { ArrowUpRight } from "lucide-react";
> 3 | import { VisualPreview } from "@/components/portfolio/visual-preview";
    | ^^^^^^^^^^^^^^^^^^^^^^^^^^^^^^^^^^^^^^^^^^^^^^^^^^^^^^^^^^^^^^^^^^^^^^
  4 | import { Badge } from "@/components/ui/badge";
  5 | import { watchEntries } from "@/lib/data";
  6 |

Import map: aliased to relative './components/portfolio/visual-preview' inside of [project]/

https://nextjs.org/docs/messages/module-not-found @ http://127.0.0.1:3000/Portfolio-bts/_next/static/chunks/node_modules_next_dist_0u_w_5s._.js:1945
[  503675ms] [ERROR] ./app/projets/page.tsx:3:1
Module not found: Can't resolve '@/components/portfolio/visual-preview'
  1 | import Link from "next/link";
  2 | import { ArrowUpRight } from "lucide-react";
> 3 | import { VisualPreview } from "@/components/portfolio/visual-preview";
    | ^^^^^^^^^^^^^^^^^^^^^^^^^^^^^^^^^^^^^^^^^^^^^^^^^^^^^^^^^^^^^^^^^^^^^^
  4 | import { competencies, projects, getCategoryLabel } from "@/lib/data";
  5 | import { getProjectCategorySections } from "@/lib/view-models/projects";
  6 |

Import map: aliased to relative './components/portfolio/visual-preview' inside of [project]/

https://nextjs.org/docs/messages/module-not-found @ http://127.0.0.1:3000/Portfolio-bts/_next/static/chunks/node_modules_next_dist_0u_w_5s._.js:1945
[  503675ms] [ERROR] ./app/veille/page.tsx:3:1
Module not found: Can't resolve '@/components/portfolio/visual-preview'
  1 | import Link from "next/link";
  2 | import { ArrowUpRight } from "lucide-react";
> 3 | import { VisualPreview } from "@/components/portfolio/visual-preview";
    | ^^^^^^^^^^^^^^^^^^^^^^^^^^^^^^^^^^^^^^^^^^^^^^^^^^^^^^^^^^^^^^^^^^^^^^
  4 | import { Badge } from "@/components/ui/badge";
  5 | import { watchEntries } from "@/lib/data";
  6 |

Import map: aliased to relative './components/portfolio/visual-preview' inside of [project]/

https://nextjs.org/docs/messages/module-not-found @ http://127.0.0.1:3000/Portfolio-bts/_next/static/chunks/node_modules_next_dist_0u_w_5s._.js:1945
[  503737ms] [ERROR] ./app/projets/page.tsx:3:1
Module not found: Can't resolve '@/components/portfolio/visual-preview'
  1 | import Link from "next/link";
  2 | import { ArrowUpRight } from "lucide-react";
> 3 | import { VisualPreview } from "@/components/portfolio/visual-preview";
    | ^^^^^^^^^^^^^^^^^^^^^^^^^^^^^^^^^^^^^^^^^^^^^^^^^^^^^^^^^^^^^^^^^^^^^^
  4 | import { competencies, projects, getCategoryLabel } from "@/lib/data";
  5 | import { getProjectCategorySections } from "@/lib/view-models/projects";
  6 |

Import map: aliased to relative './components/portfolio/visual-preview' inside of [project]/

https://nextjs.org/docs/messages/module-not-found @ http://127.0.0.1:3000/Portfolio-bts/_next/static/chunks/node_modules_next_dist_0u_w_5s._.js:1945
[  503737ms] [ERROR] ./app/veille/page.tsx:3:1
Module not found: Can't resolve '@/components/portfolio/visual-preview'
  1 | import Link from "next/link";
  2 | import { ArrowUpRight } from "lucide-react";
> 3 | import { VisualPreview } from "@/components/portfolio/visual-preview";
    | ^^^^^^^^^^^^^^^^^^^^^^^^^^^^^^^^^^^^^^^^^^^^^^^^^^^^^^^^^^^^^^^^^^^^^^
  4 | import { Badge } from "@/components/ui/badge";
  5 | import { watchEntries } from "@/lib/data";
  6 |

Import map: aliased to relative './components/portfolio/visual-preview' inside of [project]/

https://nextjs.org/docs/messages/module-not-found @ http://127.0.0.1:3000/Portfolio-bts/_next/static/chunks/node_modules_next_dist_0u_w_5s._.js:1945
[  503798ms] [ERROR] ./app/projets/page.tsx:3:1
Module not found: Can't resolve '@/components/portfolio/visual-preview'
  1 | import Link from "next/link";
  2 | import { ArrowUpRight } from "lucide-react";
> 3 | import { VisualPreview } from "@/components/portfolio/visual-preview";
    | ^^^^^^^^^^^^^^^^^^^^^^^^^^^^^^^^^^^^^^^^^^^^^^^^^^^^^^^^^^^^^^^^^^^^^^
  4 | import { competencies, projects, getCategoryLabel } from "@/lib/data";
  5 | import { getProjectCategorySections } from "@/lib/view-models/projects";
  6 |

Import map: aliased to relative './components/portfolio/visual-preview' inside of [project]/

https://nextjs.org/docs/messages/module-not-found @ http://127.0.0.1:3000/Portfolio-bts/_next/static/chunks/node_modules_next_dist_0u_w_5s._.js:1945
[  503798ms] [ERROR] ./app/veille/page.tsx:3:1
Module not found: Can't resolve '@/components/portfolio/visual-preview'
  1 | import Link from "next/link";
  2 | import { ArrowUpRight } from "lucide-react";
> 3 | import { VisualPreview } from "@/components/portfolio/visual-preview";
    | ^^^^^^^^^^^^^^^^^^^^^^^^^^^^^^^^^^^^^^^^^^^^^^^^^^^^^^^^^^^^^^^^^^^^^^
  4 | import { Badge } from "@/components/ui/badge";
  5 | import { watchEntries } from "@/lib/data";
  6 |

Import map: aliased to relative './components/portfolio/visual-preview' inside of [project]/

https://nextjs.org/docs/messages/module-not-found @ http://127.0.0.1:3000/Portfolio-bts/_next/static/chunks/node_modules_next_dist_0u_w_5s._.js:1945
[  503858ms] [ERROR] ./app/projets/page.tsx:3:1
Module not found: Can't resolve '@/components/portfolio/visual-preview'
  1 | import Link from "next/link";
  2 | import { ArrowUpRight } from "lucide-react";
> 3 | import { VisualPreview } from "@/components/portfolio/visual-preview";
    | ^^^^^^^^^^^^^^^^^^^^^^^^^^^^^^^^^^^^^^^^^^^^^^^^^^^^^^^^^^^^^^^^^^^^^^
  4 | import { competencies, projects, getCategoryLabel } from "@/lib/data";
  5 | import { getProjectCategorySections } from "@/lib/view-models/projects";
  6 |

Import map: aliased to relative './components/portfolio/visual-preview' inside of [project]/

https://nextjs.org/docs/messages/module-not-found @ http://127.0.0.1:3000/Portfolio-bts/_next/static/chunks/node_modules_next_dist_0u_w_5s._.js:1945
[  503859ms] [ERROR] ./app/veille/page.tsx:3:1
Module not found: Can't resolve '@/components/portfolio/visual-preview'
  1 | import Link from "next/link";
  2 | import { ArrowUpRight } from "lucide-react";
> 3 | import { VisualPreview } from "@/components/portfolio/visual-preview";
    | ^^^^^^^^^^^^^^^^^^^^^^^^^^^^^^^^^^^^^^^^^^^^^^^^^^^^^^^^^^^^^^^^^^^^^^
  4 | import { Badge } from "@/components/ui/badge";
  5 | import { watchEntries } from "@/lib/data";
  6 |

Import map: aliased to relative './components/portfolio/visual-preview' inside of [project]/

https://nextjs.org/docs/messages/module-not-found @ http://127.0.0.1:3000/Portfolio-bts/_next/static/chunks/node_modules_next_dist_0u_w_5s._.js:1945
[  503921ms] [ERROR] ./app/projets/page.tsx:3:1
Module not found: Can't resolve '@/components/portfolio/visual-preview'
  1 | import Link from "next/link";
  2 | import { ArrowUpRight } from "lucide-react";
> 3 | import { VisualPreview } from "@/components/portfolio/visual-preview";
    | ^^^^^^^^^^^^^^^^^^^^^^^^^^^^^^^^^^^^^^^^^^^^^^^^^^^^^^^^^^^^^^^^^^^^^^
  4 | import { competencies, projects, getCategoryLabel } from "@/lib/data";
  5 | import { getProjectCategorySections } from "@/lib/view-models/projects";
  6 |

Import map: aliased to relative './components/portfolio/visual-preview' inside of [project]/

https://nextjs.org/docs/messages/module-not-found @ http://127.0.0.1:3000/Portfolio-bts/_next/static/chunks/node_modules_next_dist_0u_w_5s._.js:1945
[  503922ms] [ERROR] ./app/veille/page.tsx:3:1
Module not found: Can't resolve '@/components/portfolio/visual-preview'
  1 | import Link from "next/link";
  2 | import { ArrowUpRight } from "lucide-react";
> 3 | import { VisualPreview } from "@/components/portfolio/visual-preview";
    | ^^^^^^^^^^^^^^^^^^^^^^^^^^^^^^^^^^^^^^^^^^^^^^^^^^^^^^^^^^^^^^^^^^^^^^
  4 | import { Badge } from "@/components/ui/badge";
  5 | import { watchEntries } from "@/lib/data";
  6 |

Import map: aliased to relative './components/portfolio/visual-preview' inside of [project]/

https://nextjs.org/docs/messages/module-not-found @ http://127.0.0.1:3000/Portfolio-bts/_next/static/chunks/node_modules_next_dist_0u_w_5s._.js:1945
[  503984ms] [ERROR] ./app/projets/page.tsx:3:1
Module not found: Can't resolve '@/components/portfolio/visual-preview'
  1 | import Link from "next/link";
  2 | import { ArrowUpRight } from "lucide-react";
> 3 | import { VisualPreview } from "@/components/portfolio/visual-preview";
    | ^^^^^^^^^^^^^^^^^^^^^^^^^^^^^^^^^^^^^^^^^^^^^^^^^^^^^^^^^^^^^^^^^^^^^^
  4 | import { competencies, projects, getCategoryLabel } from "@/lib/data";
  5 | import { getProjectCategorySections } from "@/lib/view-models/projects";
  6 |

Import map: aliased to relative './components/portfolio/visual-preview' inside of [project]/

https://nextjs.org/docs/messages/module-not-found @ http://127.0.0.1:3000/Portfolio-bts/_next/static/chunks/node_modules_next_dist_0u_w_5s._.js:1945
[  503984ms] [ERROR] ./app/veille/page.tsx:3:1
Module not found: Can't resolve '@/components/portfolio/visual-preview'
  1 | import Link from "next/link";
  2 | import { ArrowUpRight } from "lucide-react";
> 3 | import { VisualPreview } from "@/components/portfolio/visual-preview";
    | ^^^^^^^^^^^^^^^^^^^^^^^^^^^^^^^^^^^^^^^^^^^^^^^^^^^^^^^^^^^^^^^^^^^^^^
  4 | import { Badge } from "@/components/ui/badge";
  5 | import { watchEntries } from "@/lib/data";
  6 |

Import map: aliased to relative './components/portfolio/visual-preview' inside of [project]/

https://nextjs.org/docs/messages/module-not-found @ http://127.0.0.1:3000/Portfolio-bts/_next/static/chunks/node_modules_next_dist_0u_w_5s._.js:1945
[  504046ms] [ERROR] ./app/projets/page.tsx:3:1
Module not found: Can't resolve '@/components/portfolio/visual-preview'
  1 | import Link from "next/link";
  2 | import { ArrowUpRight } from "lucide-react";
> 3 | import { VisualPreview } from "@/components/portfolio/visual-preview";
    | ^^^^^^^^^^^^^^^^^^^^^^^^^^^^^^^^^^^^^^^^^^^^^^^^^^^^^^^^^^^^^^^^^^^^^^
  4 | import { competencies, projects, getCategoryLabel } from "@/lib/data";
  5 | import { getProjectCategorySections } from "@/lib/view-models/projects";
  6 |

Import map: aliased to relative './components/portfolio/visual-preview' inside of [project]/

https://nextjs.org/docs/messages/module-not-found @ http://127.0.0.1:3000/Portfolio-bts/_next/static/chunks/node_modules_next_dist_0u_w_5s._.js:1945
[  504046ms] [ERROR] ./app/veille/page.tsx:3:1
Module not found: Can't resolve '@/components/portfolio/visual-preview'
  1 | import Link from "next/link";
  2 | import { ArrowUpRight } from "lucide-react";
> 3 | import { VisualPreview } from "@/components/portfolio/visual-preview";
    | ^^^^^^^^^^^^^^^^^^^^^^^^^^^^^^^^^^^^^^^^^^^^^^^^^^^^^^^^^^^^^^^^^^^^^^
  4 | import { Badge } from "@/components/ui/badge";
  5 | import { watchEntries } from "@/lib/data";
  6 |

Import map: aliased to relative './components/portfolio/visual-preview' inside of [project]/

https://nextjs.org/docs/messages/module-not-found @ http://127.0.0.1:3000/Portfolio-bts/_next/static/chunks/node_modules_next_dist_0u_w_5s._.js:1945
[  504108ms] [ERROR] ./app/projets/page.tsx:3:1
Module not found: Can't resolve '@/components/portfolio/visual-preview'
  1 | import Link from "next/link";
  2 | import { ArrowUpRight } from "lucide-react";
> 3 | import { VisualPreview } from "@/components/portfolio/visual-preview";
    | ^^^^^^^^^^^^^^^^^^^^^^^^^^^^^^^^^^^^^^^^^^^^^^^^^^^^^^^^^^^^^^^^^^^^^^
  4 | import { competencies, projects, getCategoryLabel } from "@/lib/data";
  5 | import { getProjectCategorySections } from "@/lib/view-models/projects";
  6 |

Import map: aliased to relative './components/portfolio/visual-preview' inside of [project]/

https://nextjs.org/docs/messages/module-not-found @ http://127.0.0.1:3000/Portfolio-bts/_next/static/chunks/node_modules_next_dist_0u_w_5s._.js:1945
[  504109ms] [ERROR] ./app/veille/page.tsx:3:1
Module not found: Can't resolve '@/components/portfolio/visual-preview'
  1 | import Link from "next/link";
  2 | import { ArrowUpRight } from "lucide-react";
> 3 | import { VisualPreview } from "@/components/portfolio/visual-preview";
    | ^^^^^^^^^^^^^^^^^^^^^^^^^^^^^^^^^^^^^^^^^^^^^^^^^^^^^^^^^^^^^^^^^^^^^^
  4 | import { Badge } from "@/components/ui/badge";
  5 | import { watchEntries } from "@/lib/data";
  6 |

Import map: aliased to relative './components/portfolio/visual-preview' inside of [project]/

https://nextjs.org/docs/messages/module-not-found @ http://127.0.0.1:3000/Portfolio-bts/_next/static/chunks/node_modules_next_dist_0u_w_5s._.js:1945
[  504170ms] [ERROR] ./app/projets/page.tsx:3:1
Module not found: Can't resolve '@/components/portfolio/visual-preview'
  1 | import Link from "next/link";
  2 | import { ArrowUpRight } from "lucide-react";
> 3 | import { VisualPreview } from "@/components/portfolio/visual-preview";
    | ^^^^^^^^^^^^^^^^^^^^^^^^^^^^^^^^^^^^^^^^^^^^^^^^^^^^^^^^^^^^^^^^^^^^^^
  4 | import { competencies, projects, getCategoryLabel } from "@/lib/data";
  5 | import { getProjectCategorySections } from "@/lib/view-models/projects";
  6 |

Import map: aliased to relative './components/portfolio/visual-preview' inside of [project]/

https://nextjs.org/docs/messages/module-not-found @ http://127.0.0.1:3000/Portfolio-bts/_next/static/chunks/node_modules_next_dist_0u_w_5s._.js:1945
[  504170ms] [ERROR] ./app/veille/page.tsx:3:1
Module not found: Can't resolve '@/components/portfolio/visual-preview'
  1 | import Link from "next/link";
  2 | import { ArrowUpRight } from "lucide-react";
> 3 | import { VisualPreview } from "@/components/portfolio/visual-preview";
    | ^^^^^^^^^^^^^^^^^^^^^^^^^^^^^^^^^^^^^^^^^^^^^^^^^^^^^^^^^^^^^^^^^^^^^^
  4 | import { Badge } from "@/components/ui/badge";
  5 | import { watchEntries } from "@/lib/data";
  6 |

Import map: aliased to relative './components/portfolio/visual-preview' inside of [project]/

https://nextjs.org/docs/messages/module-not-found @ http://127.0.0.1:3000/Portfolio-bts/_next/static/chunks/node_modules_next_dist_0u_w_5s._.js:1945
[  504252ms] [ERROR] ./app/projets/page.tsx:3:1
Module not found: Can't resolve '@/components/portfolio/visual-preview'
  1 | import Link from "next/link";
  2 | import { ArrowUpRight } from "lucide-react";
> 3 | import { VisualPreview } from "@/components/portfolio/visual-preview";
    | ^^^^^^^^^^^^^^^^^^^^^^^^^^^^^^^^^^^^^^^^^^^^^^^^^^^^^^^^^^^^^^^^^^^^^^
  4 | import { competencies, projects, getCategoryLabel } from "@/lib/data";
  5 | import { getProjectCategorySections } from "@/lib/view-models/projects";
  6 |

Import map: aliased to relative './components/portfolio/visual-preview' inside of [project]/

https://nextjs.org/docs/messages/module-not-found @ http://127.0.0.1:3000/Portfolio-bts/_next/static/chunks/node_modules_next_dist_0u_w_5s._.js:1945
[  504252ms] [ERROR] ./app/veille/page.tsx:3:1
Module not found: Can't resolve '@/components/portfolio/visual-preview'
  1 | import Link from "next/link";
  2 | import { ArrowUpRight } from "lucide-react";
> 3 | import { VisualPreview } from "@/components/portfolio/visual-preview";
    | ^^^^^^^^^^^^^^^^^^^^^^^^^^^^^^^^^^^^^^^^^^^^^^^^^^^^^^^^^^^^^^^^^^^^^^
  4 | import { Badge } from "@/components/ui/badge";
  5 | import { watchEntries } from "@/lib/data";
  6 |

Import map: aliased to relative './components/portfolio/visual-preview' inside of [project]/

https://nextjs.org/docs/messages/module-not-found @ http://127.0.0.1:3000/Portfolio-bts/_next/static/chunks/node_modules_next_dist_0u_w_5s._.js:1945
[  504308ms] [ERROR] ./app/projets/page.tsx:3:1
Module not found: Can't resolve '@/components/portfolio/visual-preview'
  1 | import Link from "next/link";
  2 | import { ArrowUpRight } from "lucide-react";
> 3 | import { VisualPreview } from "@/components/portfolio/visual-preview";
    | ^^^^^^^^^^^^^^^^^^^^^^^^^^^^^^^^^^^^^^^^^^^^^^^^^^^^^^^^^^^^^^^^^^^^^^
  4 | import { competencies, projects, getCategoryLabel } from "@/lib/data";
  5 | import { getProjectCategorySections } from "@/lib/view-models/projects";
  6 |

Import map: aliased to relative './components/portfolio/visual-preview' inside of [project]/

https://nextjs.org/docs/messages/module-not-found @ http://127.0.0.1:3000/Portfolio-bts/_next/static/chunks/node_modules_next_dist_0u_w_5s._.js:1945
[  504309ms] [ERROR] ./app/veille/page.tsx:3:1
Module not found: Can't resolve '@/components/portfolio/visual-preview'
  1 | import Link from "next/link";
  2 | import { ArrowUpRight } from "lucide-react";
> 3 | import { VisualPreview } from "@/components/portfolio/visual-preview";
    | ^^^^^^^^^^^^^^^^^^^^^^^^^^^^^^^^^^^^^^^^^^^^^^^^^^^^^^^^^^^^^^^^^^^^^^
  4 | import { Badge } from "@/components/ui/badge";
  5 | import { watchEntries } from "@/lib/data";
  6 |

Import map: aliased to relative './components/portfolio/visual-preview' inside of [project]/

https://nextjs.org/docs/messages/module-not-found @ http://127.0.0.1:3000/Portfolio-bts/_next/static/chunks/node_modules_next_dist_0u_w_5s._.js:1945
[  504371ms] [ERROR] ./app/projets/page.tsx:3:1
Module not found: Can't resolve '@/components/portfolio/visual-preview'
  1 | import Link from "next/link";
  2 | import { ArrowUpRight } from "lucide-react";
> 3 | import { VisualPreview } from "@/components/portfolio/visual-preview";
    | ^^^^^^^^^^^^^^^^^^^^^^^^^^^^^^^^^^^^^^^^^^^^^^^^^^^^^^^^^^^^^^^^^^^^^^
  4 | import { competencies, projects, getCategoryLabel } from "@/lib/data";
  5 | import { getProjectCategorySections } from "@/lib/view-models/projects";
  6 |

Import map: aliased to relative './components/portfolio/visual-preview' inside of [project]/

https://nextjs.org/docs/messages/module-not-found @ http://127.0.0.1:3000/Portfolio-bts/_next/static/chunks/node_modules_next_dist_0u_w_5s._.js:1945
[  504371ms] [ERROR] ./app/veille/page.tsx:3:1
Module not found: Can't resolve '@/components/portfolio/visual-preview'
  1 | import Link from "next/link";
  2 | import { ArrowUpRight } from "lucide-react";
> 3 | import { VisualPreview } from "@/components/portfolio/visual-preview";
    | ^^^^^^^^^^^^^^^^^^^^^^^^^^^^^^^^^^^^^^^^^^^^^^^^^^^^^^^^^^^^^^^^^^^^^^
  4 | import { Badge } from "@/components/ui/badge";
  5 | import { watchEntries } from "@/lib/data";
  6 |

Import map: aliased to relative './components/portfolio/visual-preview' inside of [project]/

https://nextjs.org/docs/messages/module-not-found @ http://127.0.0.1:3000/Portfolio-bts/_next/static/chunks/node_modules_next_dist_0u_w_5s._.js:1945
[  504432ms] [ERROR] ./app/projets/page.tsx:3:1
Module not found: Can't resolve '@/components/portfolio/visual-preview'
  1 | import Link from "next/link";
  2 | import { ArrowUpRight } from "lucide-react";
> 3 | import { VisualPreview } from "@/components/portfolio/visual-preview";
    | ^^^^^^^^^^^^^^^^^^^^^^^^^^^^^^^^^^^^^^^^^^^^^^^^^^^^^^^^^^^^^^^^^^^^^^
  4 | import { competencies, projects, getCategoryLabel } from "@/lib/data";
  5 | import { getProjectCategorySections } from "@/lib/view-models/projects";
  6 |

Import map: aliased to relative './components/portfolio/visual-preview' inside of [project]/

https://nextjs.org/docs/messages/module-not-found @ http://127.0.0.1:3000/Portfolio-bts/_next/static/chunks/node_modules_next_dist_0u_w_5s._.js:1945
[  504432ms] [ERROR] ./app/veille/page.tsx:3:1
Module not found: Can't resolve '@/components/portfolio/visual-preview'
  1 | import Link from "next/link";
  2 | import { ArrowUpRight } from "lucide-react";
> 3 | import { VisualPreview } from "@/components/portfolio/visual-preview";
    | ^^^^^^^^^^^^^^^^^^^^^^^^^^^^^^^^^^^^^^^^^^^^^^^^^^^^^^^^^^^^^^^^^^^^^^
  4 | import { Badge } from "@/components/ui/badge";
  5 | import { watchEntries } from "@/lib/data";
  6 |

Import map: aliased to relative './components/portfolio/visual-preview' inside of [project]/

https://nextjs.org/docs/messages/module-not-found @ http://127.0.0.1:3000/Portfolio-bts/_next/static/chunks/node_modules_next_dist_0u_w_5s._.js:1945
[  504494ms] [ERROR] ./app/projets/page.tsx:3:1
Module not found: Can't resolve '@/components/portfolio/visual-preview'
  1 | import Link from "next/link";
  2 | import { ArrowUpRight } from "lucide-react";
> 3 | import { VisualPreview } from "@/components/portfolio/visual-preview";
    | ^^^^^^^^^^^^^^^^^^^^^^^^^^^^^^^^^^^^^^^^^^^^^^^^^^^^^^^^^^^^^^^^^^^^^^
  4 | import { competencies, projects, getCategoryLabel } from "@/lib/data";
  5 | import { getProjectCategorySections } from "@/lib/view-models/projects";
  6 |

Import map: aliased to relative './components/portfolio/visual-preview' inside of [project]/

https://nextjs.org/docs/messages/module-not-found @ http://127.0.0.1:3000/Portfolio-bts/_next/static/chunks/node_modules_next_dist_0u_w_5s._.js:1945
[  504495ms] [ERROR] ./app/veille/page.tsx:3:1
Module not found: Can't resolve '@/components/portfolio/visual-preview'
  1 | import Link from "next/link";
  2 | import { ArrowUpRight } from "lucide-react";
> 3 | import { VisualPreview } from "@/components/portfolio/visual-preview";
    | ^^^^^^^^^^^^^^^^^^^^^^^^^^^^^^^^^^^^^^^^^^^^^^^^^^^^^^^^^^^^^^^^^^^^^^
  4 | import { Badge } from "@/components/ui/badge";
  5 | import { watchEntries } from "@/lib/data";
  6 |

Import map: aliased to relative './components/portfolio/visual-preview' inside of [project]/

https://nextjs.org/docs/messages/module-not-found @ http://127.0.0.1:3000/Portfolio-bts/_next/static/chunks/node_modules_next_dist_0u_w_5s._.js:1945
[  504557ms] [ERROR] ./app/projets/page.tsx:3:1
Module not found: Can't resolve '@/components/portfolio/visual-preview'
  1 | import Link from "next/link";
  2 | import { ArrowUpRight } from "lucide-react";
> 3 | import { VisualPreview } from "@/components/portfolio/visual-preview";
    | ^^^^^^^^^^^^^^^^^^^^^^^^^^^^^^^^^^^^^^^^^^^^^^^^^^^^^^^^^^^^^^^^^^^^^^
  4 | import { competencies, projects, getCategoryLabel } from "@/lib/data";
  5 | import { getProjectCategorySections } from "@/lib/view-models/projects";
  6 |

Import map: aliased to relative './components/portfolio/visual-preview' inside of [project]/

https://nextjs.org/docs/messages/module-not-found @ http://127.0.0.1:3000/Portfolio-bts/_next/static/chunks/node_modules_next_dist_0u_w_5s._.js:1945
[  504557ms] [ERROR] ./app/veille/page.tsx:3:1
Module not found: Can't resolve '@/components/portfolio/visual-preview'
  1 | import Link from "next/link";
  2 | import { ArrowUpRight } from "lucide-react";
> 3 | import { VisualPreview } from "@/components/portfolio/visual-preview";
    | ^^^^^^^^^^^^^^^^^^^^^^^^^^^^^^^^^^^^^^^^^^^^^^^^^^^^^^^^^^^^^^^^^^^^^^
  4 | import { Badge } from "@/components/ui/badge";
  5 | import { watchEntries } from "@/lib/data";
  6 |

Import map: aliased to relative './components/portfolio/visual-preview' inside of [project]/

https://nextjs.org/docs/messages/module-not-found @ http://127.0.0.1:3000/Portfolio-bts/_next/static/chunks/node_modules_next_dist_0u_w_5s._.js:1945
[  504620ms] [ERROR] ./app/projets/page.tsx:3:1
Module not found: Can't resolve '@/components/portfolio/visual-preview'
  1 | import Link from "next/link";
  2 | import { ArrowUpRight } from "lucide-react";
> 3 | import { VisualPreview } from "@/components/portfolio/visual-preview";
    | ^^^^^^^^^^^^^^^^^^^^^^^^^^^^^^^^^^^^^^^^^^^^^^^^^^^^^^^^^^^^^^^^^^^^^^
  4 | import { competencies, projects, getCategoryLabel } from "@/lib/data";
  5 | import { getProjectCategorySections } from "@/lib/view-models/projects";
  6 |

Import map: aliased to relative './components/portfolio/visual-preview' inside of [project]/

https://nextjs.org/docs/messages/module-not-found @ http://127.0.0.1:3000/Portfolio-bts/_next/static/chunks/node_modules_next_dist_0u_w_5s._.js:1945
[  504620ms] [ERROR] ./app/veille/page.tsx:3:1
Module not found: Can't resolve '@/components/portfolio/visual-preview'
  1 | import Link from "next/link";
  2 | import { ArrowUpRight } from "lucide-react";
> 3 | import { VisualPreview } from "@/components/portfolio/visual-preview";
    | ^^^^^^^^^^^^^^^^^^^^^^^^^^^^^^^^^^^^^^^^^^^^^^^^^^^^^^^^^^^^^^^^^^^^^^
  4 | import { Badge } from "@/components/ui/badge";
  5 | import { watchEntries } from "@/lib/data";
  6 |

Import map: aliased to relative './components/portfolio/visual-preview' inside of [project]/

https://nextjs.org/docs/messages/module-not-found @ http://127.0.0.1:3000/Portfolio-bts/_next/static/chunks/node_modules_next_dist_0u_w_5s._.js:1945
[  504682ms] [ERROR] ./app/projets/page.tsx:3:1
Module not found: Can't resolve '@/components/portfolio/visual-preview'
  1 | import Link from "next/link";
  2 | import { ArrowUpRight } from "lucide-react";
> 3 | import { VisualPreview } from "@/components/portfolio/visual-preview";
    | ^^^^^^^^^^^^^^^^^^^^^^^^^^^^^^^^^^^^^^^^^^^^^^^^^^^^^^^^^^^^^^^^^^^^^^
  4 | import { competencies, projects, getCategoryLabel } from "@/lib/data";
  5 | import { getProjectCategorySections } from "@/lib/view-models/projects";
  6 |

Import map: aliased to relative './components/portfolio/visual-preview' inside of [project]/

https://nextjs.org/docs/messages/module-not-found @ http://127.0.0.1:3000/Portfolio-bts/_next/static/chunks/node_modules_next_dist_0u_w_5s._.js:1945
[  504682ms] [ERROR] ./app/veille/page.tsx:3:1
Module not found: Can't resolve '@/components/portfolio/visual-preview'
  1 | import Link from "next/link";
  2 | import { ArrowUpRight } from "lucide-react";
> 3 | import { VisualPreview } from "@/components/portfolio/visual-preview";
    | ^^^^^^^^^^^^^^^^^^^^^^^^^^^^^^^^^^^^^^^^^^^^^^^^^^^^^^^^^^^^^^^^^^^^^^
  4 | import { Badge } from "@/components/ui/badge";
  5 | import { watchEntries } from "@/lib/data";
  6 |

Import map: aliased to relative './components/portfolio/visual-preview' inside of [project]/

https://nextjs.org/docs/messages/module-not-found @ http://127.0.0.1:3000/Portfolio-bts/_next/static/chunks/node_modules_next_dist_0u_w_5s._.js:1945
[  504744ms] [ERROR] ./app/projets/page.tsx:3:1
Module not found: Can't resolve '@/components/portfolio/visual-preview'
  1 | import Link from "next/link";
  2 | import { ArrowUpRight } from "lucide-react";
> 3 | import { VisualPreview } from "@/components/portfolio/visual-preview";
    | ^^^^^^^^^^^^^^^^^^^^^^^^^^^^^^^^^^^^^^^^^^^^^^^^^^^^^^^^^^^^^^^^^^^^^^
  4 | import { competencies, projects, getCategoryLabel } from "@/lib/data";
  5 | import { getProjectCategorySections } from "@/lib/view-models/projects";
  6 |

Import map: aliased to relative './components/portfolio/visual-preview' inside of [project]/

https://nextjs.org/docs/messages/module-not-found @ http://127.0.0.1:3000/Portfolio-bts/_next/static/chunks/node_modules_next_dist_0u_w_5s._.js:1945
[  504744ms] [ERROR] ./app/veille/page.tsx:3:1
Module not found: Can't resolve '@/components/portfolio/visual-preview'
  1 | import Link from "next/link";
  2 | import { ArrowUpRight } from "lucide-react";
> 3 | import { VisualPreview } from "@/components/portfolio/visual-preview";
    | ^^^^^^^^^^^^^^^^^^^^^^^^^^^^^^^^^^^^^^^^^^^^^^^^^^^^^^^^^^^^^^^^^^^^^^
  4 | import { Badge } from "@/components/ui/badge";
  5 | import { watchEntries } from "@/lib/data";
  6 |

Import map: aliased to relative './components/portfolio/visual-preview' inside of [project]/

https://nextjs.org/docs/messages/module-not-found @ http://127.0.0.1:3000/Portfolio-bts/_next/static/chunks/node_modules_next_dist_0u_w_5s._.js:1945
[  504806ms] [ERROR] ./app/projets/page.tsx:3:1
Module not found: Can't resolve '@/components/portfolio/visual-preview'
  1 | import Link from "next/link";
  2 | import { ArrowUpRight } from "lucide-react";
> 3 | import { VisualPreview } from "@/components/portfolio/visual-preview";
    | ^^^^^^^^^^^^^^^^^^^^^^^^^^^^^^^^^^^^^^^^^^^^^^^^^^^^^^^^^^^^^^^^^^^^^^
  4 | import { competencies, projects, getCategoryLabel } from "@/lib/data";
  5 | import { getProjectCategorySections } from "@/lib/view-models/projects";
  6 |

Import map: aliased to relative './components/portfolio/visual-preview' inside of [project]/

https://nextjs.org/docs/messages/module-not-found @ http://127.0.0.1:3000/Portfolio-bts/_next/static/chunks/node_modules_next_dist_0u_w_5s._.js:1945
[  504806ms] [ERROR] ./app/veille/page.tsx:3:1
Module not found: Can't resolve '@/components/portfolio/visual-preview'
  1 | import Link from "next/link";
  2 | import { ArrowUpRight } from "lucide-react";
> 3 | import { VisualPreview } from "@/components/portfolio/visual-preview";
    | ^^^^^^^^^^^^^^^^^^^^^^^^^^^^^^^^^^^^^^^^^^^^^^^^^^^^^^^^^^^^^^^^^^^^^^
  4 | import { Badge } from "@/components/ui/badge";
  5 | import { watchEntries } from "@/lib/data";
  6 |

Import map: aliased to relative './components/portfolio/visual-preview' inside of [project]/

https://nextjs.org/docs/messages/module-not-found @ http://127.0.0.1:3000/Portfolio-bts/_next/static/chunks/node_modules_next_dist_0u_w_5s._.js:1945
[  504868ms] [ERROR] ./app/projets/page.tsx:3:1
Module not found: Can't resolve '@/components/portfolio/visual-preview'
  1 | import Link from "next/link";
  2 | import { ArrowUpRight } from "lucide-react";
> 3 | import { VisualPreview } from "@/components/portfolio/visual-preview";
    | ^^^^^^^^^^^^^^^^^^^^^^^^^^^^^^^^^^^^^^^^^^^^^^^^^^^^^^^^^^^^^^^^^^^^^^
  4 | import { competencies, projects, getCategoryLabel } from "@/lib/data";
  5 | import { getProjectCategorySections } from "@/lib/view-models/projects";
  6 |

Import map: aliased to relative './components/portfolio/visual-preview' inside of [project]/

https://nextjs.org/docs/messages/module-not-found @ http://127.0.0.1:3000/Portfolio-bts/_next/static/chunks/node_modules_next_dist_0u_w_5s._.js:1945
[  504869ms] [ERROR] ./app/veille/page.tsx:3:1
Module not found: Can't resolve '@/components/portfolio/visual-preview'
  1 | import Link from "next/link";
  2 | import { ArrowUpRight } from "lucide-react";
> 3 | import { VisualPreview } from "@/components/portfolio/visual-preview";
    | ^^^^^^^^^^^^^^^^^^^^^^^^^^^^^^^^^^^^^^^^^^^^^^^^^^^^^^^^^^^^^^^^^^^^^^
  4 | import { Badge } from "@/components/ui/badge";
  5 | import { watchEntries } from "@/lib/data";
  6 |

Import map: aliased to relative './components/portfolio/visual-preview' inside of [project]/

https://nextjs.org/docs/messages/module-not-found @ http://127.0.0.1:3000/Portfolio-bts/_next/static/chunks/node_modules_next_dist_0u_w_5s._.js:1945
[  504930ms] [ERROR] ./app/projets/page.tsx:3:1
Module not found: Can't resolve '@/components/portfolio/visual-preview'
  1 | import Link from "next/link";
  2 | import { ArrowUpRight } from "lucide-react";
> 3 | import { VisualPreview } from "@/components/portfolio/visual-preview";
    | ^^^^^^^^^^^^^^^^^^^^^^^^^^^^^^^^^^^^^^^^^^^^^^^^^^^^^^^^^^^^^^^^^^^^^^
  4 | import { competencies, projects, getCategoryLabel } from "@/lib/data";
  5 | import { getProjectCategorySections } from "@/lib/view-models/projects";
  6 |

Import map: aliased to relative './components/portfolio/visual-preview' inside of [project]/

https://nextjs.org/docs/messages/module-not-found @ http://127.0.0.1:3000/Portfolio-bts/_next/static/chunks/node_modules_next_dist_0u_w_5s._.js:1945
[  504930ms] [ERROR] ./app/veille/page.tsx:3:1
Module not found: Can't resolve '@/components/portfolio/visual-preview'
  1 | import Link from "next/link";
  2 | import { ArrowUpRight } from "lucide-react";
> 3 | import { VisualPreview } from "@/components/portfolio/visual-preview";
    | ^^^^^^^^^^^^^^^^^^^^^^^^^^^^^^^^^^^^^^^^^^^^^^^^^^^^^^^^^^^^^^^^^^^^^^
  4 | import { Badge } from "@/components/ui/badge";
  5 | import { watchEntries } from "@/lib/data";
  6 |

Import map: aliased to relative './components/portfolio/visual-preview' inside of [project]/

https://nextjs.org/docs/messages/module-not-found @ http://127.0.0.1:3000/Portfolio-bts/_next/static/chunks/node_modules_next_dist_0u_w_5s._.js:1945
[  504994ms] [ERROR] ./app/projets/page.tsx:3:1
Module not found: Can't resolve '@/components/portfolio/visual-preview'
  1 | import Link from "next/link";
  2 | import { ArrowUpRight } from "lucide-react";
> 3 | import { VisualPreview } from "@/components/portfolio/visual-preview";
    | ^^^^^^^^^^^^^^^^^^^^^^^^^^^^^^^^^^^^^^^^^^^^^^^^^^^^^^^^^^^^^^^^^^^^^^
  4 | import { competencies, projects, getCategoryLabel } from "@/lib/data";
  5 | import { getProjectCategorySections } from "@/lib/view-models/projects";
  6 |

Import map: aliased to relative './components/portfolio/visual-preview' inside of [project]/

https://nextjs.org/docs/messages/module-not-found @ http://127.0.0.1:3000/Portfolio-bts/_next/static/chunks/node_modules_next_dist_0u_w_5s._.js:1945
[  504994ms] [ERROR] ./app/veille/page.tsx:3:1
Module not found: Can't resolve '@/components/portfolio/visual-preview'
  1 | import Link from "next/link";
  2 | import { ArrowUpRight } from "lucide-react";
> 3 | import { VisualPreview } from "@/components/portfolio/visual-preview";
    | ^^^^^^^^^^^^^^^^^^^^^^^^^^^^^^^^^^^^^^^^^^^^^^^^^^^^^^^^^^^^^^^^^^^^^^
  4 | import { Badge } from "@/components/ui/badge";
  5 | import { watchEntries } from "@/lib/data";
  6 |

Import map: aliased to relative './components/portfolio/visual-preview' inside of [project]/

https://nextjs.org/docs/messages/module-not-found @ http://127.0.0.1:3000/Portfolio-bts/_next/static/chunks/node_modules_next_dist_0u_w_5s._.js:1945
[  505056ms] [ERROR] ./app/projets/page.tsx:3:1
Module not found: Can't resolve '@/components/portfolio/visual-preview'
  1 | import Link from "next/link";
  2 | import { ArrowUpRight } from "lucide-react";
> 3 | import { VisualPreview } from "@/components/portfolio/visual-preview";
    | ^^^^^^^^^^^^^^^^^^^^^^^^^^^^^^^^^^^^^^^^^^^^^^^^^^^^^^^^^^^^^^^^^^^^^^
  4 | import { competencies, projects, getCategoryLabel } from "@/lib/data";
  5 | import { getProjectCategorySections } from "@/lib/view-models/projects";
  6 |

Import map: aliased to relative './components/portfolio/visual-preview' inside of [project]/

https://nextjs.org/docs/messages/module-not-found @ http://127.0.0.1:3000/Portfolio-bts/_next/static/chunks/node_modules_next_dist_0u_w_5s._.js:1945
[  505057ms] [ERROR] ./app/veille/page.tsx:3:1
Module not found: Can't resolve '@/components/portfolio/visual-preview'
  1 | import Link from "next/link";
  2 | import { ArrowUpRight } from "lucide-react";
> 3 | import { VisualPreview } from "@/components/portfolio/visual-preview";
    | ^^^^^^^^^^^^^^^^^^^^^^^^^^^^^^^^^^^^^^^^^^^^^^^^^^^^^^^^^^^^^^^^^^^^^^
  4 | import { Badge } from "@/components/ui/badge";
  5 | import { watchEntries } from "@/lib/data";
  6 |

Import map: aliased to relative './components/portfolio/visual-preview' inside of [project]/

https://nextjs.org/docs/messages/module-not-found @ http://127.0.0.1:3000/Portfolio-bts/_next/static/chunks/node_modules_next_dist_0u_w_5s._.js:1945
[  505118ms] [ERROR] ./app/projets/page.tsx:3:1
Module not found: Can't resolve '@/components/portfolio/visual-preview'
  1 | import Link from "next/link";
  2 | import { ArrowUpRight } from "lucide-react";
> 3 | import { VisualPreview } from "@/components/portfolio/visual-preview";
    | ^^^^^^^^^^^^^^^^^^^^^^^^^^^^^^^^^^^^^^^^^^^^^^^^^^^^^^^^^^^^^^^^^^^^^^
  4 | import { competencies, projects, getCategoryLabel } from "@/lib/data";
  5 | import { getProjectCategorySections } from "@/lib/view-models/projects";
  6 |

Import map: aliased to relative './components/portfolio/visual-preview' inside of [project]/

https://nextjs.org/docs/messages/module-not-found @ http://127.0.0.1:3000/Portfolio-bts/_next/static/chunks/node_modules_next_dist_0u_w_5s._.js:1945
[  505118ms] [ERROR] ./app/veille/page.tsx:3:1
Module not found: Can't resolve '@/components/portfolio/visual-preview'
  1 | import Link from "next/link";
  2 | import { ArrowUpRight } from "lucide-react";
> 3 | import { VisualPreview } from "@/components/portfolio/visual-preview";
    | ^^^^^^^^^^^^^^^^^^^^^^^^^^^^^^^^^^^^^^^^^^^^^^^^^^^^^^^^^^^^^^^^^^^^^^
  4 | import { Badge } from "@/components/ui/badge";
  5 | import { watchEntries } from "@/lib/data";
  6 |

Import map: aliased to relative './components/portfolio/visual-preview' inside of [project]/

https://nextjs.org/docs/messages/module-not-found @ http://127.0.0.1:3000/Portfolio-bts/_next/static/chunks/node_modules_next_dist_0u_w_5s._.js:1945
[  505179ms] [ERROR] ./app/projets/page.tsx:3:1
Module not found: Can't resolve '@/components/portfolio/visual-preview'
  1 | import Link from "next/link";
  2 | import { ArrowUpRight } from "lucide-react";
> 3 | import { VisualPreview } from "@/components/portfolio/visual-preview";
    | ^^^^^^^^^^^^^^^^^^^^^^^^^^^^^^^^^^^^^^^^^^^^^^^^^^^^^^^^^^^^^^^^^^^^^^
  4 | import { competencies, projects, getCategoryLabel } from "@/lib/data";
  5 | import { getProjectCategorySections } from "@/lib/view-models/projects";
  6 |

Import map: aliased to relative './components/portfolio/visual-preview' inside of [project]/

https://nextjs.org/docs/messages/module-not-found @ http://127.0.0.1:3000/Portfolio-bts/_next/static/chunks/node_modules_next_dist_0u_w_5s._.js:1945
[  505179ms] [ERROR] ./app/veille/page.tsx:3:1
Module not found: Can't resolve '@/components/portfolio/visual-preview'
  1 | import Link from "next/link";
  2 | import { ArrowUpRight } from "lucide-react";
> 3 | import { VisualPreview } from "@/components/portfolio/visual-preview";
    | ^^^^^^^^^^^^^^^^^^^^^^^^^^^^^^^^^^^^^^^^^^^^^^^^^^^^^^^^^^^^^^^^^^^^^^
  4 | import { Badge } from "@/components/ui/badge";
  5 | import { watchEntries } from "@/lib/data";
  6 |

Import map: aliased to relative './components/portfolio/visual-preview' inside of [project]/

https://nextjs.org/docs/messages/module-not-found @ http://127.0.0.1:3000/Portfolio-bts/_next/static/chunks/node_modules_next_dist_0u_w_5s._.js:1945
[  505241ms] [ERROR] ./app/projets/page.tsx:3:1
Module not found: Can't resolve '@/components/portfolio/visual-preview'
  1 | import Link from "next/link";
  2 | import { ArrowUpRight } from "lucide-react";
> 3 | import { VisualPreview } from "@/components/portfolio/visual-preview";
    | ^^^^^^^^^^^^^^^^^^^^^^^^^^^^^^^^^^^^^^^^^^^^^^^^^^^^^^^^^^^^^^^^^^^^^^
  4 | import { competencies, projects, getCategoryLabel } from "@/lib/data";
  5 | import { getProjectCategorySections } from "@/lib/view-models/projects";
  6 |

Import map: aliased to relative './components/portfolio/visual-preview' inside of [project]/

https://nextjs.org/docs/messages/module-not-found @ http://127.0.0.1:3000/Portfolio-bts/_next/static/chunks/node_modules_next_dist_0u_w_5s._.js:1945
[  505241ms] [ERROR] ./app/veille/page.tsx:3:1
Module not found: Can't resolve '@/components/portfolio/visual-preview'
  1 | import Link from "next/link";
  2 | import { ArrowUpRight } from "lucide-react";
> 3 | import { VisualPreview } from "@/components/portfolio/visual-preview";
    | ^^^^^^^^^^^^^^^^^^^^^^^^^^^^^^^^^^^^^^^^^^^^^^^^^^^^^^^^^^^^^^^^^^^^^^
  4 | import { Badge } from "@/components/ui/badge";
  5 | import { watchEntries } from "@/lib/data";
  6 |

Import map: aliased to relative './components/portfolio/visual-preview' inside of [project]/

https://nextjs.org/docs/messages/module-not-found @ http://127.0.0.1:3000/Portfolio-bts/_next/static/chunks/node_modules_next_dist_0u_w_5s._.js:1945
[  505304ms] [ERROR] ./app/projets/page.tsx:3:1
Module not found: Can't resolve '@/components/portfolio/visual-preview'
  1 | import Link from "next/link";
  2 | import { ArrowUpRight } from "lucide-react";
> 3 | import { VisualPreview } from "@/components/portfolio/visual-preview";
    | ^^^^^^^^^^^^^^^^^^^^^^^^^^^^^^^^^^^^^^^^^^^^^^^^^^^^^^^^^^^^^^^^^^^^^^
  4 | import { competencies, projects, getCategoryLabel } from "@/lib/data";
  5 | import { getProjectCategorySections } from "@/lib/view-models/projects";
  6 |

Import map: aliased to relative './components/portfolio/visual-preview' inside of [project]/

https://nextjs.org/docs/messages/module-not-found @ http://127.0.0.1:3000/Portfolio-bts/_next/static/chunks/node_modules_next_dist_0u_w_5s._.js:1945
[  505304ms] [ERROR] ./app/veille/page.tsx:3:1
Module not found: Can't resolve '@/components/portfolio/visual-preview'
  1 | import Link from "next/link";
  2 | import { ArrowUpRight } from "lucide-react";
> 3 | import { VisualPreview } from "@/components/portfolio/visual-preview";
    | ^^^^^^^^^^^^^^^^^^^^^^^^^^^^^^^^^^^^^^^^^^^^^^^^^^^^^^^^^^^^^^^^^^^^^^
  4 | import { Badge } from "@/components/ui/badge";
  5 | import { watchEntries } from "@/lib/data";
  6 |

Import map: aliased to relative './components/portfolio/visual-preview' inside of [project]/

https://nextjs.org/docs/messages/module-not-found @ http://127.0.0.1:3000/Portfolio-bts/_next/static/chunks/node_modules_next_dist_0u_w_5s._.js:1945
[  505367ms] [ERROR] ./app/projets/page.tsx:3:1
Module not found: Can't resolve '@/components/portfolio/visual-preview'
  1 | import Link from "next/link";
  2 | import { ArrowUpRight } from "lucide-react";
> 3 | import { VisualPreview } from "@/components/portfolio/visual-preview";
    | ^^^^^^^^^^^^^^^^^^^^^^^^^^^^^^^^^^^^^^^^^^^^^^^^^^^^^^^^^^^^^^^^^^^^^^
  4 | import { competencies, projects, getCategoryLabel } from "@/lib/data";
  5 | import { getProjectCategorySections } from "@/lib/view-models/projects";
  6 |

Import map: aliased to relative './components/portfolio/visual-preview' inside of [project]/

https://nextjs.org/docs/messages/module-not-found @ http://127.0.0.1:3000/Portfolio-bts/_next/static/chunks/node_modules_next_dist_0u_w_5s._.js:1945
[  505367ms] [ERROR] ./app/veille/page.tsx:3:1
Module not found: Can't resolve '@/components/portfolio/visual-preview'
  1 | import Link from "next/link";
  2 | import { ArrowUpRight } from "lucide-react";
> 3 | import { VisualPreview } from "@/components/portfolio/visual-preview";
    | ^^^^^^^^^^^^^^^^^^^^^^^^^^^^^^^^^^^^^^^^^^^^^^^^^^^^^^^^^^^^^^^^^^^^^^
  4 | import { Badge } from "@/components/ui/badge";
  5 | import { watchEntries } from "@/lib/data";
  6 |

Import map: aliased to relative './components/portfolio/visual-preview' inside of [project]/

https://nextjs.org/docs/messages/module-not-found @ http://127.0.0.1:3000/Portfolio-bts/_next/static/chunks/node_modules_next_dist_0u_w_5s._.js:1945
[  505430ms] [ERROR] ./app/projets/page.tsx:3:1
Module not found: Can't resolve '@/components/portfolio/visual-preview'
  1 | import Link from "next/link";
  2 | import { ArrowUpRight } from "lucide-react";
> 3 | import { VisualPreview } from "@/components/portfolio/visual-preview";
    | ^^^^^^^^^^^^^^^^^^^^^^^^^^^^^^^^^^^^^^^^^^^^^^^^^^^^^^^^^^^^^^^^^^^^^^
  4 | import { competencies, projects, getCategoryLabel } from "@/lib/data";
  5 | import { getProjectCategorySections } from "@/lib/view-models/projects";
  6 |

Import map: aliased to relative './components/portfolio/visual-preview' inside of [project]/

https://nextjs.org/docs/messages/module-not-found @ http://127.0.0.1:3000/Portfolio-bts/_next/static/chunks/node_modules_next_dist_0u_w_5s._.js:1945
[  505430ms] [ERROR] ./app/veille/page.tsx:3:1
Module not found: Can't resolve '@/components/portfolio/visual-preview'
  1 | import Link from "next/link";
  2 | import { ArrowUpRight } from "lucide-react";
> 3 | import { VisualPreview } from "@/components/portfolio/visual-preview";
    | ^^^^^^^^^^^^^^^^^^^^^^^^^^^^^^^^^^^^^^^^^^^^^^^^^^^^^^^^^^^^^^^^^^^^^^
  4 | import { Badge } from "@/components/ui/badge";
  5 | import { watchEntries } from "@/lib/data";
  6 |

Import map: aliased to relative './components/portfolio/visual-preview' inside of [project]/

https://nextjs.org/docs/messages/module-not-found @ http://127.0.0.1:3000/Portfolio-bts/_next/static/chunks/node_modules_next_dist_0u_w_5s._.js:1945
[  505492ms] [ERROR] ./app/projets/page.tsx:3:1
Module not found: Can't resolve '@/components/portfolio/visual-preview'
  1 | import Link from "next/link";
  2 | import { ArrowUpRight } from "lucide-react";
> 3 | import { VisualPreview } from "@/components/portfolio/visual-preview";
    | ^^^^^^^^^^^^^^^^^^^^^^^^^^^^^^^^^^^^^^^^^^^^^^^^^^^^^^^^^^^^^^^^^^^^^^
  4 | import { competencies, projects, getCategoryLabel } from "@/lib/data";
  5 | import { getProjectCategorySections } from "@/lib/view-models/projects";
  6 |

Import map: aliased to relative './components/portfolio/visual-preview' inside of [project]/

https://nextjs.org/docs/messages/module-not-found @ http://127.0.0.1:3000/Portfolio-bts/_next/static/chunks/node_modules_next_dist_0u_w_5s._.js:1945
[  505492ms] [ERROR] ./app/veille/page.tsx:3:1
Module not found: Can't resolve '@/components/portfolio/visual-preview'
  1 | import Link from "next/link";
  2 | import { ArrowUpRight } from "lucide-react";
> 3 | import { VisualPreview } from "@/components/portfolio/visual-preview";
    | ^^^^^^^^^^^^^^^^^^^^^^^^^^^^^^^^^^^^^^^^^^^^^^^^^^^^^^^^^^^^^^^^^^^^^^
  4 | import { Badge } from "@/components/ui/badge";
  5 | import { watchEntries } from "@/lib/data";
  6 |

Import map: aliased to relative './components/portfolio/visual-preview' inside of [project]/

https://nextjs.org/docs/messages/module-not-found @ http://127.0.0.1:3000/Portfolio-bts/_next/static/chunks/node_modules_next_dist_0u_w_5s._.js:1945
[  505553ms] [ERROR] ./app/projets/page.tsx:3:1
Module not found: Can't resolve '@/components/portfolio/visual-preview'
  1 | import Link from "next/link";
  2 | import { ArrowUpRight } from "lucide-react";
> 3 | import { VisualPreview } from "@/components/portfolio/visual-preview";
    | ^^^^^^^^^^^^^^^^^^^^^^^^^^^^^^^^^^^^^^^^^^^^^^^^^^^^^^^^^^^^^^^^^^^^^^
  4 | import { competencies, projects, getCategoryLabel } from "@/lib/data";
  5 | import { getProjectCategorySections } from "@/lib/view-models/projects";
  6 |

Import map: aliased to relative './components/portfolio/visual-preview' inside of [project]/

https://nextjs.org/docs/messages/module-not-found @ http://127.0.0.1:3000/Portfolio-bts/_next/static/chunks/node_modules_next_dist_0u_w_5s._.js:1945
[  505553ms] [ERROR] ./app/veille/page.tsx:3:1
Module not found: Can't resolve '@/components/portfolio/visual-preview'
  1 | import Link from "next/link";
  2 | import { ArrowUpRight } from "lucide-react";
> 3 | import { VisualPreview } from "@/components/portfolio/visual-preview";
    | ^^^^^^^^^^^^^^^^^^^^^^^^^^^^^^^^^^^^^^^^^^^^^^^^^^^^^^^^^^^^^^^^^^^^^^
  4 | import { Badge } from "@/components/ui/badge";
  5 | import { watchEntries } from "@/lib/data";
  6 |

Import map: aliased to relative './components/portfolio/visual-preview' inside of [project]/

https://nextjs.org/docs/messages/module-not-found @ http://127.0.0.1:3000/Portfolio-bts/_next/static/chunks/node_modules_next_dist_0u_w_5s._.js:1945
[  505615ms] [ERROR] ./app/projets/page.tsx:3:1
Module not found: Can't resolve '@/components/portfolio/visual-preview'
  1 | import Link from "next/link";
  2 | import { ArrowUpRight } from "lucide-react";
> 3 | import { VisualPreview } from "@/components/portfolio/visual-preview";
    | ^^^^^^^^^^^^^^^^^^^^^^^^^^^^^^^^^^^^^^^^^^^^^^^^^^^^^^^^^^^^^^^^^^^^^^
  4 | import { competencies, projects, getCategoryLabel } from "@/lib/data";
  5 | import { getProjectCategorySections } from "@/lib/view-models/projects";
  6 |

Import map: aliased to relative './components/portfolio/visual-preview' inside of [project]/

https://nextjs.org/docs/messages/module-not-found @ http://127.0.0.1:3000/Portfolio-bts/_next/static/chunks/node_modules_next_dist_0u_w_5s._.js:1945
[  505616ms] [ERROR] ./app/veille/page.tsx:3:1
Module not found: Can't resolve '@/components/portfolio/visual-preview'
  1 | import Link from "next/link";
  2 | import { ArrowUpRight } from "lucide-react";
> 3 | import { VisualPreview } from "@/components/portfolio/visual-preview";
    | ^^^^^^^^^^^^^^^^^^^^^^^^^^^^^^^^^^^^^^^^^^^^^^^^^^^^^^^^^^^^^^^^^^^^^^
  4 | import { Badge } from "@/components/ui/badge";
  5 | import { watchEntries } from "@/lib/data";
  6 |

Import map: aliased to relative './components/portfolio/visual-preview' inside of [project]/

https://nextjs.org/docs/messages/module-not-found @ http://127.0.0.1:3000/Portfolio-bts/_next/static/chunks/node_modules_next_dist_0u_w_5s._.js:1945
[  505678ms] [ERROR] ./app/projets/page.tsx:3:1
Module not found: Can't resolve '@/components/portfolio/visual-preview'
  1 | import Link from "next/link";
  2 | import { ArrowUpRight } from "lucide-react";
> 3 | import { VisualPreview } from "@/components/portfolio/visual-preview";
    | ^^^^^^^^^^^^^^^^^^^^^^^^^^^^^^^^^^^^^^^^^^^^^^^^^^^^^^^^^^^^^^^^^^^^^^
  4 | import { competencies, projects, getCategoryLabel } from "@/lib/data";
  5 | import { getProjectCategorySections } from "@/lib/view-models/projects";
  6 |

Import map: aliased to relative './components/portfolio/visual-preview' inside of [project]/

https://nextjs.org/docs/messages/module-not-found @ http://127.0.0.1:3000/Portfolio-bts/_next/static/chunks/node_modules_next_dist_0u_w_5s._.js:1945
[  505679ms] [ERROR] ./app/veille/page.tsx:3:1
Module not found: Can't resolve '@/components/portfolio/visual-preview'
  1 | import Link from "next/link";
  2 | import { ArrowUpRight } from "lucide-react";
> 3 | import { VisualPreview } from "@/components/portfolio/visual-preview";
    | ^^^^^^^^^^^^^^^^^^^^^^^^^^^^^^^^^^^^^^^^^^^^^^^^^^^^^^^^^^^^^^^^^^^^^^
  4 | import { Badge } from "@/components/ui/badge";
  5 | import { watchEntries } from "@/lib/data";
  6 |

Import map: aliased to relative './components/portfolio/visual-preview' inside of [project]/

https://nextjs.org/docs/messages/module-not-found @ http://127.0.0.1:3000/Portfolio-bts/_next/static/chunks/node_modules_next_dist_0u_w_5s._.js:1945
[  505741ms] [ERROR] ./app/projets/page.tsx:3:1
Module not found: Can't resolve '@/components/portfolio/visual-preview'
  1 | import Link from "next/link";
  2 | import { ArrowUpRight } from "lucide-react";
> 3 | import { VisualPreview } from "@/components/portfolio/visual-preview";
    | ^^^^^^^^^^^^^^^^^^^^^^^^^^^^^^^^^^^^^^^^^^^^^^^^^^^^^^^^^^^^^^^^^^^^^^
  4 | import { competencies, projects, getCategoryLabel } from "@/lib/data";
  5 | import { getProjectCategorySections } from "@/lib/view-models/projects";
  6 |

Import map: aliased to relative './components/portfolio/visual-preview' inside of [project]/

https://nextjs.org/docs/messages/module-not-found @ http://127.0.0.1:3000/Portfolio-bts/_next/static/chunks/node_modules_next_dist_0u_w_5s._.js:1945
[  505742ms] [ERROR] ./app/veille/page.tsx:3:1
Module not found: Can't resolve '@/components/portfolio/visual-preview'
  1 | import Link from "next/link";
  2 | import { ArrowUpRight } from "lucide-react";
> 3 | import { VisualPreview } from "@/components/portfolio/visual-preview";
    | ^^^^^^^^^^^^^^^^^^^^^^^^^^^^^^^^^^^^^^^^^^^^^^^^^^^^^^^^^^^^^^^^^^^^^^
  4 | import { Badge } from "@/components/ui/badge";
  5 | import { watchEntries } from "@/lib/data";
  6 |

Import map: aliased to relative './components/portfolio/visual-preview' inside of [project]/

https://nextjs.org/docs/messages/module-not-found @ http://127.0.0.1:3000/Portfolio-bts/_next/static/chunks/node_modules_next_dist_0u_w_5s._.js:1945
[  505804ms] [ERROR] ./app/projets/page.tsx:3:1
Module not found: Can't resolve '@/components/portfolio/visual-preview'
  1 | import Link from "next/link";
  2 | import { ArrowUpRight } from "lucide-react";
> 3 | import { VisualPreview } from "@/components/portfolio/visual-preview";
    | ^^^^^^^^^^^^^^^^^^^^^^^^^^^^^^^^^^^^^^^^^^^^^^^^^^^^^^^^^^^^^^^^^^^^^^
  4 | import { competencies, projects, getCategoryLabel } from "@/lib/data";
  5 | import { getProjectCategorySections } from "@/lib/view-models/projects";
  6 |

Import map: aliased to relative './components/portfolio/visual-preview' inside of [project]/

https://nextjs.org/docs/messages/module-not-found @ http://127.0.0.1:3000/Portfolio-bts/_next/static/chunks/node_modules_next_dist_0u_w_5s._.js:1945
[  505804ms] [ERROR] ./app/veille/page.tsx:3:1
Module not found: Can't resolve '@/components/portfolio/visual-preview'
  1 | import Link from "next/link";
  2 | import { ArrowUpRight } from "lucide-react";
> 3 | import { VisualPreview } from "@/components/portfolio/visual-preview";
    | ^^^^^^^^^^^^^^^^^^^^^^^^^^^^^^^^^^^^^^^^^^^^^^^^^^^^^^^^^^^^^^^^^^^^^^
  4 | import { Badge } from "@/components/ui/badge";
  5 | import { watchEntries } from "@/lib/data";
  6 |

Import map: aliased to relative './components/portfolio/visual-preview' inside of [project]/

https://nextjs.org/docs/messages/module-not-found @ http://127.0.0.1:3000/Portfolio-bts/_next/static/chunks/node_modules_next_dist_0u_w_5s._.js:1945
[  505867ms] [ERROR] ./app/projets/page.tsx:3:1
Module not found: Can't resolve '@/components/portfolio/visual-preview'
  1 | import Link from "next/link";
  2 | import { ArrowUpRight } from "lucide-react";
> 3 | import { VisualPreview } from "@/components/portfolio/visual-preview";
    | ^^^^^^^^^^^^^^^^^^^^^^^^^^^^^^^^^^^^^^^^^^^^^^^^^^^^^^^^^^^^^^^^^^^^^^
  4 | import { competencies, projects, getCategoryLabel } from "@/lib/data";
  5 | import { getProjectCategorySections } from "@/lib/view-models/projects";
  6 |

Import map: aliased to relative './components/portfolio/visual-preview' inside of [project]/

https://nextjs.org/docs/messages/module-not-found @ http://127.0.0.1:3000/Portfolio-bts/_next/static/chunks/node_modules_next_dist_0u_w_5s._.js:1945
[  505867ms] [ERROR] ./app/veille/page.tsx:3:1
Module not found: Can't resolve '@/components/portfolio/visual-preview'
  1 | import Link from "next/link";
  2 | import { ArrowUpRight } from "lucide-react";
> 3 | import { VisualPreview } from "@/components/portfolio/visual-preview";
    | ^^^^^^^^^^^^^^^^^^^^^^^^^^^^^^^^^^^^^^^^^^^^^^^^^^^^^^^^^^^^^^^^^^^^^^
  4 | import { Badge } from "@/components/ui/badge";
  5 | import { watchEntries } from "@/lib/data";
  6 |

Import map: aliased to relative './components/portfolio/visual-preview' inside of [project]/

https://nextjs.org/docs/messages/module-not-found @ http://127.0.0.1:3000/Portfolio-bts/_next/static/chunks/node_modules_next_dist_0u_w_5s._.js:1945
[  505928ms] [ERROR] ./app/projets/page.tsx:3:1
Module not found: Can't resolve '@/components/portfolio/visual-preview'
  1 | import Link from "next/link";
  2 | import { ArrowUpRight } from "lucide-react";
> 3 | import { VisualPreview } from "@/components/portfolio/visual-preview";
    | ^^^^^^^^^^^^^^^^^^^^^^^^^^^^^^^^^^^^^^^^^^^^^^^^^^^^^^^^^^^^^^^^^^^^^^
  4 | import { competencies, projects, getCategoryLabel } from "@/lib/data";
  5 | import { getProjectCategorySections } from "@/lib/view-models/projects";
  6 |

Import map: aliased to relative './components/portfolio/visual-preview' inside of [project]/

https://nextjs.org/docs/messages/module-not-found @ http://127.0.0.1:3000/Portfolio-bts/_next/static/chunks/node_modules_next_dist_0u_w_5s._.js:1945
[  505928ms] [ERROR] ./app/veille/page.tsx:3:1
Module not found: Can't resolve '@/components/portfolio/visual-preview'
  1 | import Link from "next/link";
  2 | import { ArrowUpRight } from "lucide-react";
> 3 | import { VisualPreview } from "@/components/portfolio/visual-preview";
    | ^^^^^^^^^^^^^^^^^^^^^^^^^^^^^^^^^^^^^^^^^^^^^^^^^^^^^^^^^^^^^^^^^^^^^^
  4 | import { Badge } from "@/components/ui/badge";
  5 | import { watchEntries } from "@/lib/data";
  6 |

Import map: aliased to relative './components/portfolio/visual-preview' inside of [project]/

https://nextjs.org/docs/messages/module-not-found @ http://127.0.0.1:3000/Portfolio-bts/_next/static/chunks/node_modules_next_dist_0u_w_5s._.js:1945
[  505989ms] [ERROR] ./app/projets/page.tsx:3:1
Module not found: Can't resolve '@/components/portfolio/visual-preview'
  1 | import Link from "next/link";
  2 | import { ArrowUpRight } from "lucide-react";
> 3 | import { VisualPreview } from "@/components/portfolio/visual-preview";
    | ^^^^^^^^^^^^^^^^^^^^^^^^^^^^^^^^^^^^^^^^^^^^^^^^^^^^^^^^^^^^^^^^^^^^^^
  4 | import { competencies, projects, getCategoryLabel } from "@/lib/data";
  5 | import { getProjectCategorySections } from "@/lib/view-models/projects";
  6 |

Import map: aliased to relative './components/portfolio/visual-preview' inside of [project]/

https://nextjs.org/docs/messages/module-not-found @ http://127.0.0.1:3000/Portfolio-bts/_next/static/chunks/node_modules_next_dist_0u_w_5s._.js:1945
[  505989ms] [ERROR] ./app/veille/page.tsx:3:1
Module not found: Can't resolve '@/components/portfolio/visual-preview'
  1 | import Link from "next/link";
  2 | import { ArrowUpRight } from "lucide-react";
> 3 | import { VisualPreview } from "@/components/portfolio/visual-preview";
    | ^^^^^^^^^^^^^^^^^^^^^^^^^^^^^^^^^^^^^^^^^^^^^^^^^^^^^^^^^^^^^^^^^^^^^^
  4 | import { Badge } from "@/components/ui/badge";
  5 | import { watchEntries } from "@/lib/data";
  6 |

Import map: aliased to relative './components/portfolio/visual-preview' inside of [project]/

https://nextjs.org/docs/messages/module-not-found @ http://127.0.0.1:3000/Portfolio-bts/_next/static/chunks/node_modules_next_dist_0u_w_5s._.js:1945
[  506052ms] [ERROR] ./app/projets/page.tsx:3:1
Module not found: Can't resolve '@/components/portfolio/visual-preview'
  1 | import Link from "next/link";
  2 | import { ArrowUpRight } from "lucide-react";
> 3 | import { VisualPreview } from "@/components/portfolio/visual-preview";
    | ^^^^^^^^^^^^^^^^^^^^^^^^^^^^^^^^^^^^^^^^^^^^^^^^^^^^^^^^^^^^^^^^^^^^^^
  4 | import { competencies, projects, getCategoryLabel } from "@/lib/data";
  5 | import { getProjectCategorySections } from "@/lib/view-models/projects";
  6 |

Import map: aliased to relative './components/portfolio/visual-preview' inside of [project]/

https://nextjs.org/docs/messages/module-not-found @ http://127.0.0.1:3000/Portfolio-bts/_next/static/chunks/node_modules_next_dist_0u_w_5s._.js:1945
[  506052ms] [ERROR] ./app/veille/page.tsx:3:1
Module not found: Can't resolve '@/components/portfolio/visual-preview'
  1 | import Link from "next/link";
  2 | import { ArrowUpRight } from "lucide-react";
> 3 | import { VisualPreview } from "@/components/portfolio/visual-preview";
    | ^^^^^^^^^^^^^^^^^^^^^^^^^^^^^^^^^^^^^^^^^^^^^^^^^^^^^^^^^^^^^^^^^^^^^^
  4 | import { Badge } from "@/components/ui/badge";
  5 | import { watchEntries } from "@/lib/data";
  6 |

Import map: aliased to relative './components/portfolio/visual-preview' inside of [project]/

https://nextjs.org/docs/messages/module-not-found @ http://127.0.0.1:3000/Portfolio-bts/_next/static/chunks/node_modules_next_dist_0u_w_5s._.js:1945
[  506115ms] [ERROR] ./app/projets/page.tsx:3:1
Module not found: Can't resolve '@/components/portfolio/visual-preview'
  1 | import Link from "next/link";
  2 | import { ArrowUpRight } from "lucide-react";
> 3 | import { VisualPreview } from "@/components/portfolio/visual-preview";
    | ^^^^^^^^^^^^^^^^^^^^^^^^^^^^^^^^^^^^^^^^^^^^^^^^^^^^^^^^^^^^^^^^^^^^^^
  4 | import { competencies, projects, getCategoryLabel } from "@/lib/data";
  5 | import { getProjectCategorySections } from "@/lib/view-models/projects";
  6 |

Import map: aliased to relative './components/portfolio/visual-preview' inside of [project]/

https://nextjs.org/docs/messages/module-not-found @ http://127.0.0.1:3000/Portfolio-bts/_next/static/chunks/node_modules_next_dist_0u_w_5s._.js:1945
[  506115ms] [ERROR] ./app/veille/page.tsx:3:1
Module not found: Can't resolve '@/components/portfolio/visual-preview'
  1 | import Link from "next/link";
  2 | import { ArrowUpRight } from "lucide-react";
> 3 | import { VisualPreview } from "@/components/portfolio/visual-preview";
    | ^^^^^^^^^^^^^^^^^^^^^^^^^^^^^^^^^^^^^^^^^^^^^^^^^^^^^^^^^^^^^^^^^^^^^^
  4 | import { Badge } from "@/components/ui/badge";
  5 | import { watchEntries } from "@/lib/data";
  6 |

Import map: aliased to relative './components/portfolio/visual-preview' inside of [project]/

https://nextjs.org/docs/messages/module-not-found @ http://127.0.0.1:3000/Portfolio-bts/_next/static/chunks/node_modules_next_dist_0u_w_5s._.js:1945
[  506179ms] [ERROR] ./app/projets/page.tsx:3:1
Module not found: Can't resolve '@/components/portfolio/visual-preview'
  1 | import Link from "next/link";
  2 | import { ArrowUpRight } from "lucide-react";
> 3 | import { VisualPreview } from "@/components/portfolio/visual-preview";
    | ^^^^^^^^^^^^^^^^^^^^^^^^^^^^^^^^^^^^^^^^^^^^^^^^^^^^^^^^^^^^^^^^^^^^^^
  4 | import { competencies, projects, getCategoryLabel } from "@/lib/data";
  5 | import { getProjectCategorySections } from "@/lib/view-models/projects";
  6 |

Import map: aliased to relative './components/portfolio/visual-preview' inside of [project]/

https://nextjs.org/docs/messages/module-not-found @ http://127.0.0.1:3000/Portfolio-bts/_next/static/chunks/node_modules_next_dist_0u_w_5s._.js:1945
[  506179ms] [ERROR] ./app/veille/page.tsx:3:1
Module not found: Can't resolve '@/components/portfolio/visual-preview'
  1 | import Link from "next/link";
  2 | import { ArrowUpRight } from "lucide-react";
> 3 | import { VisualPreview } from "@/components/portfolio/visual-preview";
    | ^^^^^^^^^^^^^^^^^^^^^^^^^^^^^^^^^^^^^^^^^^^^^^^^^^^^^^^^^^^^^^^^^^^^^^
  4 | import { Badge } from "@/components/ui/badge";
  5 | import { watchEntries } from "@/lib/data";
  6 |

Import map: aliased to relative './components/portfolio/visual-preview' inside of [project]/

https://nextjs.org/docs/messages/module-not-found @ http://127.0.0.1:3000/Portfolio-bts/_next/static/chunks/node_modules_next_dist_0u_w_5s._.js:1945
[  506240ms] [ERROR] ./app/projets/page.tsx:3:1
Module not found: Can't resolve '@/components/portfolio/visual-preview'
  1 | import Link from "next/link";
  2 | import { ArrowUpRight } from "lucide-react";
> 3 | import { VisualPreview } from "@/components/portfolio/visual-preview";
    | ^^^^^^^^^^^^^^^^^^^^^^^^^^^^^^^^^^^^^^^^^^^^^^^^^^^^^^^^^^^^^^^^^^^^^^
  4 | import { competencies, projects, getCategoryLabel } from "@/lib/data";
  5 | import { getProjectCategorySections } from "@/lib/view-models/projects";
  6 |

Import map: aliased to relative './components/portfolio/visual-preview' inside of [project]/

https://nextjs.org/docs/messages/module-not-found @ http://127.0.0.1:3000/Portfolio-bts/_next/static/chunks/node_modules_next_dist_0u_w_5s._.js:1945
[  506240ms] [ERROR] ./app/veille/page.tsx:3:1
Module not found: Can't resolve '@/components/portfolio/visual-preview'
  1 | import Link from "next/link";
  2 | import { ArrowUpRight } from "lucide-react";
> 3 | import { VisualPreview } from "@/components/portfolio/visual-preview";
    | ^^^^^^^^^^^^^^^^^^^^^^^^^^^^^^^^^^^^^^^^^^^^^^^^^^^^^^^^^^^^^^^^^^^^^^
  4 | import { Badge } from "@/components/ui/badge";
  5 | import { watchEntries } from "@/lib/data";
  6 |

Import map: aliased to relative './components/portfolio/visual-preview' inside of [project]/

https://nextjs.org/docs/messages/module-not-found @ http://127.0.0.1:3000/Portfolio-bts/_next/static/chunks/node_modules_next_dist_0u_w_5s._.js:1945
[  506302ms] [ERROR] ./app/projets/page.tsx:3:1
Module not found: Can't resolve '@/components/portfolio/visual-preview'
  1 | import Link from "next/link";
  2 | import { ArrowUpRight } from "lucide-react";
> 3 | import { VisualPreview } from "@/components/portfolio/visual-preview";
    | ^^^^^^^^^^^^^^^^^^^^^^^^^^^^^^^^^^^^^^^^^^^^^^^^^^^^^^^^^^^^^^^^^^^^^^
  4 | import { competencies, projects, getCategoryLabel } from "@/lib/data";
  5 | import { getProjectCategorySections } from "@/lib/view-models/projects";
  6 |

Import map: aliased to relative './components/portfolio/visual-preview' inside of [project]/

https://nextjs.org/docs/messages/module-not-found @ http://127.0.0.1:3000/Portfolio-bts/_next/static/chunks/node_modules_next_dist_0u_w_5s._.js:1945
[  506302ms] [ERROR] ./app/veille/page.tsx:3:1
Module not found: Can't resolve '@/components/portfolio/visual-preview'
  1 | import Link from "next/link";
  2 | import { ArrowUpRight } from "lucide-react";
> 3 | import { VisualPreview } from "@/components/portfolio/visual-preview";
    | ^^^^^^^^^^^^^^^^^^^^^^^^^^^^^^^^^^^^^^^^^^^^^^^^^^^^^^^^^^^^^^^^^^^^^^
  4 | import { Badge } from "@/components/ui/badge";
  5 | import { watchEntries } from "@/lib/data";
  6 |

Import map: aliased to relative './components/portfolio/visual-preview' inside of [project]/

https://nextjs.org/docs/messages/module-not-found @ http://127.0.0.1:3000/Portfolio-bts/_next/static/chunks/node_modules_next_dist_0u_w_5s._.js:1945
[  506365ms] [ERROR] ./app/projets/page.tsx:3:1
Module not found: Can't resolve '@/components/portfolio/visual-preview'
  1 | import Link from "next/link";
  2 | import { ArrowUpRight } from "lucide-react";
> 3 | import { VisualPreview } from "@/components/portfolio/visual-preview";
    | ^^^^^^^^^^^^^^^^^^^^^^^^^^^^^^^^^^^^^^^^^^^^^^^^^^^^^^^^^^^^^^^^^^^^^^
  4 | import { competencies, projects, getCategoryLabel } from "@/lib/data";
  5 | import { getProjectCategorySections } from "@/lib/view-models/projects";
  6 |

Import map: aliased to relative './components/portfolio/visual-preview' inside of [project]/

https://nextjs.org/docs/messages/module-not-found @ http://127.0.0.1:3000/Portfolio-bts/_next/static/chunks/node_modules_next_dist_0u_w_5s._.js:1945
[  506365ms] [ERROR] ./app/veille/page.tsx:3:1
Module not found: Can't resolve '@/components/portfolio/visual-preview'
  1 | import Link from "next/link";
  2 | import { ArrowUpRight } from "lucide-react";
> 3 | import { VisualPreview } from "@/components/portfolio/visual-preview";
    | ^^^^^^^^^^^^^^^^^^^^^^^^^^^^^^^^^^^^^^^^^^^^^^^^^^^^^^^^^^^^^^^^^^^^^^
  4 | import { Badge } from "@/components/ui/badge";
  5 | import { watchEntries } from "@/lib/data";
  6 |

Import map: aliased to relative './components/portfolio/visual-preview' inside of [project]/

https://nextjs.org/docs/messages/module-not-found @ http://127.0.0.1:3000/Portfolio-bts/_next/static/chunks/node_modules_next_dist_0u_w_5s._.js:1945
[  506429ms] [ERROR] ./app/projets/page.tsx:3:1
Module not found: Can't resolve '@/components/portfolio/visual-preview'
  1 | import Link from "next/link";
  2 | import { ArrowUpRight } from "lucide-react";
> 3 | import { VisualPreview } from "@/components/portfolio/visual-preview";
    | ^^^^^^^^^^^^^^^^^^^^^^^^^^^^^^^^^^^^^^^^^^^^^^^^^^^^^^^^^^^^^^^^^^^^^^
  4 | import { competencies, projects, getCategoryLabel } from "@/lib/data";
  5 | import { getProjectCategorySections } from "@/lib/view-models/projects";
  6 |

Import map: aliased to relative './components/portfolio/visual-preview' inside of [project]/

https://nextjs.org/docs/messages/module-not-found @ http://127.0.0.1:3000/Portfolio-bts/_next/static/chunks/node_modules_next_dist_0u_w_5s._.js:1945
[  506429ms] [ERROR] ./app/veille/page.tsx:3:1
Module not found: Can't resolve '@/components/portfolio/visual-preview'
  1 | import Link from "next/link";
  2 | import { ArrowUpRight } from "lucide-react";
> 3 | import { VisualPreview } from "@/components/portfolio/visual-preview";
    | ^^^^^^^^^^^^^^^^^^^^^^^^^^^^^^^^^^^^^^^^^^^^^^^^^^^^^^^^^^^^^^^^^^^^^^
  4 | import { Badge } from "@/components/ui/badge";
  5 | import { watchEntries } from "@/lib/data";
  6 |

Import map: aliased to relative './components/portfolio/visual-preview' inside of [project]/

https://nextjs.org/docs/messages/module-not-found @ http://127.0.0.1:3000/Portfolio-bts/_next/static/chunks/node_modules_next_dist_0u_w_5s._.js:1945
[  506492ms] [ERROR] ./app/projets/page.tsx:3:1
Module not found: Can't resolve '@/components/portfolio/visual-preview'
  1 | import Link from "next/link";
  2 | import { ArrowUpRight } from "lucide-react";
> 3 | import { VisualPreview } from "@/components/portfolio/visual-preview";
    | ^^^^^^^^^^^^^^^^^^^^^^^^^^^^^^^^^^^^^^^^^^^^^^^^^^^^^^^^^^^^^^^^^^^^^^
  4 | import { competencies, projects, getCategoryLabel } from "@/lib/data";
  5 | import { getProjectCategorySections } from "@/lib/view-models/projects";
  6 |

Import map: aliased to relative './components/portfolio/visual-preview' inside of [project]/

https://nextjs.org/docs/messages/module-not-found @ http://127.0.0.1:3000/Portfolio-bts/_next/static/chunks/node_modules_next_dist_0u_w_5s._.js:1945
[  506492ms] [ERROR] ./app/veille/page.tsx:3:1
Module not found: Can't resolve '@/components/portfolio/visual-preview'
  1 | import Link from "next/link";
  2 | import { ArrowUpRight } from "lucide-react";
> 3 | import { VisualPreview } from "@/components/portfolio/visual-preview";
    | ^^^^^^^^^^^^^^^^^^^^^^^^^^^^^^^^^^^^^^^^^^^^^^^^^^^^^^^^^^^^^^^^^^^^^^
  4 | import { Badge } from "@/components/ui/badge";
  5 | import { watchEntries } from "@/lib/data";
  6 |

Import map: aliased to relative './components/portfolio/visual-preview' inside of [project]/

https://nextjs.org/docs/messages/module-not-found @ http://127.0.0.1:3000/Portfolio-bts/_next/static/chunks/node_modules_next_dist_0u_w_5s._.js:1945
[  506554ms] [ERROR] ./app/projets/page.tsx:3:1
Module not found: Can't resolve '@/components/portfolio/visual-preview'
  1 | import Link from "next/link";
  2 | import { ArrowUpRight } from "lucide-react";
> 3 | import { VisualPreview } from "@/components/portfolio/visual-preview";
    | ^^^^^^^^^^^^^^^^^^^^^^^^^^^^^^^^^^^^^^^^^^^^^^^^^^^^^^^^^^^^^^^^^^^^^^
  4 | import { competencies, projects, getCategoryLabel } from "@/lib/data";
  5 | import { getProjectCategorySections } from "@/lib/view-models/projects";
  6 |

Import map: aliased to relative './components/portfolio/visual-preview' inside of [project]/

https://nextjs.org/docs/messages/module-not-found @ http://127.0.0.1:3000/Portfolio-bts/_next/static/chunks/node_modules_next_dist_0u_w_5s._.js:1945
[  506554ms] [ERROR] ./app/veille/page.tsx:3:1
Module not found: Can't resolve '@/components/portfolio/visual-preview'
  1 | import Link from "next/link";
  2 | import { ArrowUpRight } from "lucide-react";
> 3 | import { VisualPreview } from "@/components/portfolio/visual-preview";
    | ^^^^^^^^^^^^^^^^^^^^^^^^^^^^^^^^^^^^^^^^^^^^^^^^^^^^^^^^^^^^^^^^^^^^^^
  4 | import { Badge } from "@/components/ui/badge";
  5 | import { watchEntries } from "@/lib/data";
  6 |

Import map: aliased to relative './components/portfolio/visual-preview' inside of [project]/

https://nextjs.org/docs/messages/module-not-found @ http://127.0.0.1:3000/Portfolio-bts/_next/static/chunks/node_modules_next_dist_0u_w_5s._.js:1945
[  506618ms] [ERROR] ./app/projets/page.tsx:3:1
Module not found: Can't resolve '@/components/portfolio/visual-preview'
  1 | import Link from "next/link";
  2 | import { ArrowUpRight } from "lucide-react";
> 3 | import { VisualPreview } from "@/components/portfolio/visual-preview";
    | ^^^^^^^^^^^^^^^^^^^^^^^^^^^^^^^^^^^^^^^^^^^^^^^^^^^^^^^^^^^^^^^^^^^^^^
  4 | import { competencies, projects, getCategoryLabel } from "@/lib/data";
  5 | import { getProjectCategorySections } from "@/lib/view-models/projects";
  6 |

Import map: aliased to relative './components/portfolio/visual-preview' inside of [project]/

https://nextjs.org/docs/messages/module-not-found @ http://127.0.0.1:3000/Portfolio-bts/_next/static/chunks/node_modules_next_dist_0u_w_5s._.js:1945
[  506618ms] [ERROR] ./app/veille/page.tsx:3:1
Module not found: Can't resolve '@/components/portfolio/visual-preview'
  1 | import Link from "next/link";
  2 | import { ArrowUpRight } from "lucide-react";
> 3 | import { VisualPreview } from "@/components/portfolio/visual-preview";
    | ^^^^^^^^^^^^^^^^^^^^^^^^^^^^^^^^^^^^^^^^^^^^^^^^^^^^^^^^^^^^^^^^^^^^^^
  4 | import { Badge } from "@/components/ui/badge";
  5 | import { watchEntries } from "@/lib/data";
  6 |

Import map: aliased to relative './components/portfolio/visual-preview' inside of [project]/

https://nextjs.org/docs/messages/module-not-found @ http://127.0.0.1:3000/Portfolio-bts/_next/static/chunks/node_modules_next_dist_0u_w_5s._.js:1945
[  506680ms] [ERROR] ./app/projets/page.tsx:3:1
Module not found: Can't resolve '@/components/portfolio/visual-preview'
  1 | import Link from "next/link";
  2 | import { ArrowUpRight } from "lucide-react";
> 3 | import { VisualPreview } from "@/components/portfolio/visual-preview";
    | ^^^^^^^^^^^^^^^^^^^^^^^^^^^^^^^^^^^^^^^^^^^^^^^^^^^^^^^^^^^^^^^^^^^^^^
  4 | import { competencies, projects, getCategoryLabel } from "@/lib/data";
  5 | import { getProjectCategorySections } from "@/lib/view-models/projects";
  6 |

Import map: aliased to relative './components/portfolio/visual-preview' inside of [project]/

https://nextjs.org/docs/messages/module-not-found @ http://127.0.0.1:3000/Portfolio-bts/_next/static/chunks/node_modules_next_dist_0u_w_5s._.js:1945
[  506680ms] [ERROR] ./app/veille/page.tsx:3:1
Module not found: Can't resolve '@/components/portfolio/visual-preview'
  1 | import Link from "next/link";
  2 | import { ArrowUpRight } from "lucide-react";
> 3 | import { VisualPreview } from "@/components/portfolio/visual-preview";
    | ^^^^^^^^^^^^^^^^^^^^^^^^^^^^^^^^^^^^^^^^^^^^^^^^^^^^^^^^^^^^^^^^^^^^^^
  4 | import { Badge } from "@/components/ui/badge";
  5 | import { watchEntries } from "@/lib/data";
  6 |

Import map: aliased to relative './components/portfolio/visual-preview' inside of [project]/

https://nextjs.org/docs/messages/module-not-found @ http://127.0.0.1:3000/Portfolio-bts/_next/static/chunks/node_modules_next_dist_0u_w_5s._.js:1945
[  506741ms] [ERROR] ./app/projets/page.tsx:3:1
Module not found: Can't resolve '@/components/portfolio/visual-preview'
  1 | import Link from "next/link";
  2 | import { ArrowUpRight } from "lucide-react";
> 3 | import { VisualPreview } from "@/components/portfolio/visual-preview";
    | ^^^^^^^^^^^^^^^^^^^^^^^^^^^^^^^^^^^^^^^^^^^^^^^^^^^^^^^^^^^^^^^^^^^^^^
  4 | import { competencies, projects, getCategoryLabel } from "@/lib/data";
  5 | import { getProjectCategorySections } from "@/lib/view-models/projects";
  6 |

Import map: aliased to relative './components/portfolio/visual-preview' inside of [project]/

https://nextjs.org/docs/messages/module-not-found @ http://127.0.0.1:3000/Portfolio-bts/_next/static/chunks/node_modules_next_dist_0u_w_5s._.js:1945
[  506741ms] [ERROR] ./app/veille/page.tsx:3:1
Module not found: Can't resolve '@/components/portfolio/visual-preview'
  1 | import Link from "next/link";
  2 | import { ArrowUpRight } from "lucide-react";
> 3 | import { VisualPreview } from "@/components/portfolio/visual-preview";
    | ^^^^^^^^^^^^^^^^^^^^^^^^^^^^^^^^^^^^^^^^^^^^^^^^^^^^^^^^^^^^^^^^^^^^^^
  4 | import { Badge } from "@/components/ui/badge";
  5 | import { watchEntries } from "@/lib/data";
  6 |

Import map: aliased to relative './components/portfolio/visual-preview' inside of [project]/

https://nextjs.org/docs/messages/module-not-found @ http://127.0.0.1:3000/Portfolio-bts/_next/static/chunks/node_modules_next_dist_0u_w_5s._.js:1945
[  506803ms] [ERROR] ./app/projets/page.tsx:3:1
Module not found: Can't resolve '@/components/portfolio/visual-preview'
  1 | import Link from "next/link";
  2 | import { ArrowUpRight } from "lucide-react";
> 3 | import { VisualPreview } from "@/components/portfolio/visual-preview";
    | ^^^^^^^^^^^^^^^^^^^^^^^^^^^^^^^^^^^^^^^^^^^^^^^^^^^^^^^^^^^^^^^^^^^^^^
  4 | import { competencies, projects, getCategoryLabel } from "@/lib/data";
  5 | import { getProjectCategorySections } from "@/lib/view-models/projects";
  6 |

Import map: aliased to relative './components/portfolio/visual-preview' inside of [project]/

https://nextjs.org/docs/messages/module-not-found @ http://127.0.0.1:3000/Portfolio-bts/_next/static/chunks/node_modules_next_dist_0u_w_5s._.js:1945
[  506803ms] [ERROR] ./app/veille/page.tsx:3:1
Module not found: Can't resolve '@/components/portfolio/visual-preview'
  1 | import Link from "next/link";
  2 | import { ArrowUpRight } from "lucide-react";
> 3 | import { VisualPreview } from "@/components/portfolio/visual-preview";
    | ^^^^^^^^^^^^^^^^^^^^^^^^^^^^^^^^^^^^^^^^^^^^^^^^^^^^^^^^^^^^^^^^^^^^^^
  4 | import { Badge } from "@/components/ui/badge";
  5 | import { watchEntries } from "@/lib/data";
  6 |

Import map: aliased to relative './components/portfolio/visual-preview' inside of [project]/

https://nextjs.org/docs/messages/module-not-found @ http://127.0.0.1:3000/Portfolio-bts/_next/static/chunks/node_modules_next_dist_0u_w_5s._.js:1945
[  506865ms] [ERROR] ./app/projets/page.tsx:3:1
Module not found: Can't resolve '@/components/portfolio/visual-preview'
  1 | import Link from "next/link";
  2 | import { ArrowUpRight } from "lucide-react";
> 3 | import { VisualPreview } from "@/components/portfolio/visual-preview";
    | ^^^^^^^^^^^^^^^^^^^^^^^^^^^^^^^^^^^^^^^^^^^^^^^^^^^^^^^^^^^^^^^^^^^^^^
  4 | import { competencies, projects, getCategoryLabel } from "@/lib/data";
  5 | import { getProjectCategorySections } from "@/lib/view-models/projects";
  6 |

Import map: aliased to relative './components/portfolio/visual-preview' inside of [project]/

https://nextjs.org/docs/messages/module-not-found @ http://127.0.0.1:3000/Portfolio-bts/_next/static/chunks/node_modules_next_dist_0u_w_5s._.js:1945
[  506865ms] [ERROR] ./app/veille/page.tsx:3:1
Module not found: Can't resolve '@/components/portfolio/visual-preview'
  1 | import Link from "next/link";
  2 | import { ArrowUpRight } from "lucide-react";
> 3 | import { VisualPreview } from "@/components/portfolio/visual-preview";
    | ^^^^^^^^^^^^^^^^^^^^^^^^^^^^^^^^^^^^^^^^^^^^^^^^^^^^^^^^^^^^^^^^^^^^^^
  4 | import { Badge } from "@/components/ui/badge";
  5 | import { watchEntries } from "@/lib/data";
  6 |

Import map: aliased to relative './components/portfolio/visual-preview' inside of [project]/

https://nextjs.org/docs/messages/module-not-found @ http://127.0.0.1:3000/Portfolio-bts/_next/static/chunks/node_modules_next_dist_0u_w_5s._.js:1945
[  506926ms] [ERROR] ./app/projets/page.tsx:3:1
Module not found: Can't resolve '@/components/portfolio/visual-preview'
  1 | import Link from "next/link";
  2 | import { ArrowUpRight } from "lucide-react";
> 3 | import { VisualPreview } from "@/components/portfolio/visual-preview";
    | ^^^^^^^^^^^^^^^^^^^^^^^^^^^^^^^^^^^^^^^^^^^^^^^^^^^^^^^^^^^^^^^^^^^^^^
  4 | import { competencies, projects, getCategoryLabel } from "@/lib/data";
  5 | import { getProjectCategorySections } from "@/lib/view-models/projects";
  6 |

Import map: aliased to relative './components/portfolio/visual-preview' inside of [project]/

https://nextjs.org/docs/messages/module-not-found @ http://127.0.0.1:3000/Portfolio-bts/_next/static/chunks/node_modules_next_dist_0u_w_5s._.js:1945
[  506927ms] [ERROR] ./app/veille/page.tsx:3:1
Module not found: Can't resolve '@/components/portfolio/visual-preview'
  1 | import Link from "next/link";
  2 | import { ArrowUpRight } from "lucide-react";
> 3 | import { VisualPreview } from "@/components/portfolio/visual-preview";
    | ^^^^^^^^^^^^^^^^^^^^^^^^^^^^^^^^^^^^^^^^^^^^^^^^^^^^^^^^^^^^^^^^^^^^^^
  4 | import { Badge } from "@/components/ui/badge";
  5 | import { watchEntries } from "@/lib/data";
  6 |

Import map: aliased to relative './components/portfolio/visual-preview' inside of [project]/

https://nextjs.org/docs/messages/module-not-found @ http://127.0.0.1:3000/Portfolio-bts/_next/static/chunks/node_modules_next_dist_0u_w_5s._.js:1945
[  506988ms] [ERROR] ./app/projets/page.tsx:3:1
Module not found: Can't resolve '@/components/portfolio/visual-preview'
  1 | import Link from "next/link";
  2 | import { ArrowUpRight } from "lucide-react";
> 3 | import { VisualPreview } from "@/components/portfolio/visual-preview";
    | ^^^^^^^^^^^^^^^^^^^^^^^^^^^^^^^^^^^^^^^^^^^^^^^^^^^^^^^^^^^^^^^^^^^^^^
  4 | import { competencies, projects, getCategoryLabel } from "@/lib/data";
  5 | import { getProjectCategorySections } from "@/lib/view-models/projects";
  6 |

Import map: aliased to relative './components/portfolio/visual-preview' inside of [project]/

https://nextjs.org/docs/messages/module-not-found @ http://127.0.0.1:3000/Portfolio-bts/_next/static/chunks/node_modules_next_dist_0u_w_5s._.js:1945
[  506988ms] [ERROR] ./app/veille/page.tsx:3:1
Module not found: Can't resolve '@/components/portfolio/visual-preview'
  1 | import Link from "next/link";
  2 | import { ArrowUpRight } from "lucide-react";
> 3 | import { VisualPreview } from "@/components/portfolio/visual-preview";
    | ^^^^^^^^^^^^^^^^^^^^^^^^^^^^^^^^^^^^^^^^^^^^^^^^^^^^^^^^^^^^^^^^^^^^^^
  4 | import { Badge } from "@/components/ui/badge";
  5 | import { watchEntries } from "@/lib/data";
  6 |

Import map: aliased to relative './components/portfolio/visual-preview' inside of [project]/

https://nextjs.org/docs/messages/module-not-found @ http://127.0.0.1:3000/Portfolio-bts/_next/static/chunks/node_modules_next_dist_0u_w_5s._.js:1945
[  507050ms] [ERROR] ./app/projets/page.tsx:3:1
Module not found: Can't resolve '@/components/portfolio/visual-preview'
  1 | import Link from "next/link";
  2 | import { ArrowUpRight } from "lucide-react";
> 3 | import { VisualPreview } from "@/components/portfolio/visual-preview";
    | ^^^^^^^^^^^^^^^^^^^^^^^^^^^^^^^^^^^^^^^^^^^^^^^^^^^^^^^^^^^^^^^^^^^^^^
  4 | import { competencies, projects, getCategoryLabel } from "@/lib/data";
  5 | import { getProjectCategorySections } from "@/lib/view-models/projects";
  6 |

Import map: aliased to relative './components/portfolio/visual-preview' inside of [project]/

https://nextjs.org/docs/messages/module-not-found @ http://127.0.0.1:3000/Portfolio-bts/_next/static/chunks/node_modules_next_dist_0u_w_5s._.js:1945
[  507050ms] [ERROR] ./app/veille/page.tsx:3:1
Module not found: Can't resolve '@/components/portfolio/visual-preview'
  1 | import Link from "next/link";
  2 | import { ArrowUpRight } from "lucide-react";
> 3 | import { VisualPreview } from "@/components/portfolio/visual-preview";
    | ^^^^^^^^^^^^^^^^^^^^^^^^^^^^^^^^^^^^^^^^^^^^^^^^^^^^^^^^^^^^^^^^^^^^^^
  4 | import { Badge } from "@/components/ui/badge";
  5 | import { watchEntries } from "@/lib/data";
  6 |

Import map: aliased to relative './components/portfolio/visual-preview' inside of [project]/

https://nextjs.org/docs/messages/module-not-found @ http://127.0.0.1:3000/Portfolio-bts/_next/static/chunks/node_modules_next_dist_0u_w_5s._.js:1945
[  507112ms] [ERROR] ./app/projets/page.tsx:3:1
Module not found: Can't resolve '@/components/portfolio/visual-preview'
  1 | import Link from "next/link";
  2 | import { ArrowUpRight } from "lucide-react";
> 3 | import { VisualPreview } from "@/components/portfolio/visual-preview";
    | ^^^^^^^^^^^^^^^^^^^^^^^^^^^^^^^^^^^^^^^^^^^^^^^^^^^^^^^^^^^^^^^^^^^^^^
  4 | import { competencies, projects, getCategoryLabel } from "@/lib/data";
  5 | import { getProjectCategorySections } from "@/lib/view-models/projects";
  6 |

Import map: aliased to relative './components/portfolio/visual-preview' inside of [project]/

https://nextjs.org/docs/messages/module-not-found @ http://127.0.0.1:3000/Portfolio-bts/_next/static/chunks/node_modules_next_dist_0u_w_5s._.js:1945
[  507112ms] [ERROR] ./app/veille/page.tsx:3:1
Module not found: Can't resolve '@/components/portfolio/visual-preview'
  1 | import Link from "next/link";
  2 | import { ArrowUpRight } from "lucide-react";
> 3 | import { VisualPreview } from "@/components/portfolio/visual-preview";
    | ^^^^^^^^^^^^^^^^^^^^^^^^^^^^^^^^^^^^^^^^^^^^^^^^^^^^^^^^^^^^^^^^^^^^^^
  4 | import { Badge } from "@/components/ui/badge";
  5 | import { watchEntries } from "@/lib/data";
  6 |

Import map: aliased to relative './components/portfolio/visual-preview' inside of [project]/

https://nextjs.org/docs/messages/module-not-found @ http://127.0.0.1:3000/Portfolio-bts/_next/static/chunks/node_modules_next_dist_0u_w_5s._.js:1945
[  507175ms] [LOG] [Fast Refresh] rebuilding @ http://127.0.0.1:3000/Portfolio-bts/_next/static/chunks/node_modules_next_dist_0u_w_5s._.js:1226
[  507295ms] [ERROR] ./app/projets/page.tsx:3:1
Module not found: Can't resolve '@/components/portfolio/visual-preview'
  1 | import Link from "next/link";
  2 | import { ArrowUpRight } from "lucide-react";
> 3 | import { VisualPreview } from "@/components/portfolio/visual-preview";
    | ^^^^^^^^^^^^^^^^^^^^^^^^^^^^^^^^^^^^^^^^^^^^^^^^^^^^^^^^^^^^^^^^^^^^^^
  4 | import { competencies, projects, getCategoryLabel } from "@/lib/data";
  5 | import { getProjectCategorySections } from "@/lib/view-models/projects";
  6 |

Import map: aliased to relative './components/portfolio/visual-preview' inside of [project]/

https://nextjs.org/docs/messages/module-not-found @ http://127.0.0.1:3000/Portfolio-bts/_next/static/chunks/node_modules_next_dist_0u_w_5s._.js:1945
[  507295ms] [ERROR] ./app/veille/page.tsx:3:1
Module not found: Can't resolve '@/components/portfolio/visual-preview'
  1 | import Link from "next/link";
  2 | import { ArrowUpRight } from "lucide-react";
> 3 | import { VisualPreview } from "@/components/portfolio/visual-preview";
    | ^^^^^^^^^^^^^^^^^^^^^^^^^^^^^^^^^^^^^^^^^^^^^^^^^^^^^^^^^^^^^^^^^^^^^^
  4 | import { Badge } from "@/components/ui/badge";
  5 | import { watchEntries } from "@/lib/data";
  6 |

Import map: aliased to relative './components/portfolio/visual-preview' inside of [project]/

https://nextjs.org/docs/messages/module-not-found @ http://127.0.0.1:3000/Portfolio-bts/_next/static/chunks/node_modules_next_dist_0u_w_5s._.js:1945
[  507295ms] [ERROR] ./app/projets/page.tsx:3:1
Module not found: Can't resolve '@/components/portfolio/visual-preview'
  1 | import Link from "next/link";
  2 | import { ArrowUpRight } from "lucide-react";
> 3 | import { VisualPreview } from "@/components/portfolio/visual-preview";
    | ^^^^^^^^^^^^^^^^^^^^^^^^^^^^^^^^^^^^^^^^^^^^^^^^^^^^^^^^^^^^^^^^^^^^^^
  4 | import { competencies, projects, getCategoryLabel } from "@/lib/data";
  5 | import { getProjectCategorySections } from "@/lib/view-models/projects";
  6 |

Import map: aliased to relative './components/portfolio/visual-preview' inside of [project]/

https://nextjs.org/docs/messages/module-not-found @ http://127.0.0.1:3000/Portfolio-bts/_next/static/chunks/node_modules_next_dist_0u_w_5s._.js:1945
[  507295ms] [ERROR] ./app/veille/page.tsx:3:1
Module not found: Can't resolve '@/components/portfolio/visual-preview'
  1 | import Link from "next/link";
  2 | import { ArrowUpRight } from "lucide-react";
> 3 | import { VisualPreview } from "@/components/portfolio/visual-preview";
    | ^^^^^^^^^^^^^^^^^^^^^^^^^^^^^^^^^^^^^^^^^^^^^^^^^^^^^^^^^^^^^^^^^^^^^^
  4 | import { Badge } from "@/components/ui/badge";
  5 | import { watchEntries } from "@/lib/data";
  6 |

Import map: aliased to relative './components/portfolio/visual-preview' inside of [project]/

https://nextjs.org/docs/messages/module-not-found @ http://127.0.0.1:3000/Portfolio-bts/_next/static/chunks/node_modules_next_dist_0u_w_5s._.js:1945
[  507363ms] [ERROR] ./app/projets/page.tsx:3:1
Module not found: Can't resolve '@/components/portfolio/visual-preview'
  1 | import Link from "next/link";
  2 | import { ArrowUpRight } from "lucide-react";
> 3 | import { VisualPreview } from "@/components/portfolio/visual-preview";
    | ^^^^^^^^^^^^^^^^^^^^^^^^^^^^^^^^^^^^^^^^^^^^^^^^^^^^^^^^^^^^^^^^^^^^^^
  4 | import { competencies, projects, getCategoryLabel } from "@/lib/data";
  5 | import { getProjectCategorySections } from "@/lib/view-models/projects";
  6 |

Import map: aliased to relative './components/portfolio/visual-preview' inside of [project]/

https://nextjs.org/docs/messages/module-not-found @ http://127.0.0.1:3000/Portfolio-bts/_next/static/chunks/node_modules_next_dist_0u_w_5s._.js:1945
[  507363ms] [ERROR] ./app/veille/page.tsx:3:1
Module not found: Can't resolve '@/components/portfolio/visual-preview'
  1 | import Link from "next/link";
  2 | import { ArrowUpRight } from "lucide-react";
> 3 | import { VisualPreview } from "@/components/portfolio/visual-preview";
    | ^^^^^^^^^^^^^^^^^^^^^^^^^^^^^^^^^^^^^^^^^^^^^^^^^^^^^^^^^^^^^^^^^^^^^^
  4 | import { Badge } from "@/components/ui/badge";
  5 | import { watchEntries } from "@/lib/data";
  6 |

Import map: aliased to relative './components/portfolio/visual-preview' inside of [project]/

https://nextjs.org/docs/messages/module-not-found @ http://127.0.0.1:3000/Portfolio-bts/_next/static/chunks/node_modules_next_dist_0u_w_5s._.js:1945
[  507426ms] [ERROR] ./app/projets/page.tsx:3:1
Module not found: Can't resolve '@/components/portfolio/visual-preview'
  1 | import Link from "next/link";
  2 | import { ArrowUpRight } from "lucide-react";
> 3 | import { VisualPreview } from "@/components/portfolio/visual-preview";
    | ^^^^^^^^^^^^^^^^^^^^^^^^^^^^^^^^^^^^^^^^^^^^^^^^^^^^^^^^^^^^^^^^^^^^^^
  4 | import { competencies, projects, getCategoryLabel } from "@/lib/data";
  5 | import { getProjectCategorySections } from "@/lib/view-models/projects";
  6 |

Import map: aliased to relative './components/portfolio/visual-preview' inside of [project]/

https://nextjs.org/docs/messages/module-not-found @ http://127.0.0.1:3000/Portfolio-bts/_next/static/chunks/node_modules_next_dist_0u_w_5s._.js:1945
[  507426ms] [ERROR] ./app/veille/page.tsx:3:1
Module not found: Can't resolve '@/components/portfolio/visual-preview'
  1 | import Link from "next/link";
  2 | import { ArrowUpRight } from "lucide-react";
> 3 | import { VisualPreview } from "@/components/portfolio/visual-preview";
    | ^^^^^^^^^^^^^^^^^^^^^^^^^^^^^^^^^^^^^^^^^^^^^^^^^^^^^^^^^^^^^^^^^^^^^^
  4 | import { Badge } from "@/components/ui/badge";
  5 | import { watchEntries } from "@/lib/data";
  6 |

Import map: aliased to relative './components/portfolio/visual-preview' inside of [project]/

https://nextjs.org/docs/messages/module-not-found @ http://127.0.0.1:3000/Portfolio-bts/_next/static/chunks/node_modules_next_dist_0u_w_5s._.js:1945
[  507502ms] [ERROR] ./app/projets/page.tsx:3:1
Module not found: Can't resolve '@/components/portfolio/visual-preview'
  1 | import Link from "next/link";
  2 | import { ArrowUpRight } from "lucide-react";
> 3 | import { VisualPreview } from "@/components/portfolio/visual-preview";
    | ^^^^^^^^^^^^^^^^^^^^^^^^^^^^^^^^^^^^^^^^^^^^^^^^^^^^^^^^^^^^^^^^^^^^^^
  4 | import { competencies, projects, getCategoryLabel } from "@/lib/data";
  5 | import { getProjectCategorySections } from "@/lib/view-models/projects";
  6 |

Import map: aliased to relative './components/portfolio/visual-preview' inside of [project]/

https://nextjs.org/docs/messages/module-not-found @ http://127.0.0.1:3000/Portfolio-bts/_next/static/chunks/node_modules_next_dist_0u_w_5s._.js:1945
[  507502ms] [ERROR] ./app/veille/page.tsx:3:1
Module not found: Can't resolve '@/components/portfolio/visual-preview'
  1 | import Link from "next/link";
  2 | import { ArrowUpRight } from "lucide-react";
> 3 | import { VisualPreview } from "@/components/portfolio/visual-preview";
    | ^^^^^^^^^^^^^^^^^^^^^^^^^^^^^^^^^^^^^^^^^^^^^^^^^^^^^^^^^^^^^^^^^^^^^^
  4 | import { Badge } from "@/components/ui/badge";
  5 | import { watchEntries } from "@/lib/data";
  6 |

Import map: aliased to relative './components/portfolio/visual-preview' inside of [project]/

https://nextjs.org/docs/messages/module-not-found @ http://127.0.0.1:3000/Portfolio-bts/_next/static/chunks/node_modules_next_dist_0u_w_5s._.js:1945
[  507579ms] [ERROR] ./app/projets/page.tsx:3:1
Module not found: Can't resolve '@/components/portfolio/visual-preview'
  1 | import Link from "next/link";
  2 | import { ArrowUpRight } from "lucide-react";
> 3 | import { VisualPreview } from "@/components/portfolio/visual-preview";
    | ^^^^^^^^^^^^^^^^^^^^^^^^^^^^^^^^^^^^^^^^^^^^^^^^^^^^^^^^^^^^^^^^^^^^^^
  4 | import { competencies, projects, getCategoryLabel } from "@/lib/data";
  5 | import { getProjectCategorySections } from "@/lib/view-models/projects";
  6 |

Import map: aliased to relative './components/portfolio/visual-preview' inside of [project]/

https://nextjs.org/docs/messages/module-not-found @ http://127.0.0.1:3000/Portfolio-bts/_next/static/chunks/node_modules_next_dist_0u_w_5s._.js:1945
[  507579ms] [ERROR] ./app/veille/page.tsx:3:1
Module not found: Can't resolve '@/components/portfolio/visual-preview'
  1 | import Link from "next/link";
  2 | import { ArrowUpRight } from "lucide-react";
> 3 | import { VisualPreview } from "@/components/portfolio/visual-preview";
    | ^^^^^^^^^^^^^^^^^^^^^^^^^^^^^^^^^^^^^^^^^^^^^^^^^^^^^^^^^^^^^^^^^^^^^^
  4 | import { Badge } from "@/components/ui/badge";
  5 | import { watchEntries } from "@/lib/data";
  6 |

Import map: aliased to relative './components/portfolio/visual-preview' inside of [project]/

https://nextjs.org/docs/messages/module-not-found @ http://127.0.0.1:3000/Portfolio-bts/_next/static/chunks/node_modules_next_dist_0u_w_5s._.js:1945
[  507641ms] [ERROR] ./app/projets/page.tsx:3:1
Module not found: Can't resolve '@/components/portfolio/visual-preview'
  1 | import Link from "next/link";
  2 | import { ArrowUpRight } from "lucide-react";
> 3 | import { VisualPreview } from "@/components/portfolio/visual-preview";
    | ^^^^^^^^^^^^^^^^^^^^^^^^^^^^^^^^^^^^^^^^^^^^^^^^^^^^^^^^^^^^^^^^^^^^^^
  4 | import { competencies, projects, getCategoryLabel } from "@/lib/data";
  5 | import { getProjectCategorySections } from "@/lib/view-models/projects";
  6 |

Import map: aliased to relative './components/portfolio/visual-preview' inside of [project]/

https://nextjs.org/docs/messages/module-not-found @ http://127.0.0.1:3000/Portfolio-bts/_next/static/chunks/node_modules_next_dist_0u_w_5s._.js:1945
[  507641ms] [ERROR] ./app/veille/page.tsx:3:1
Module not found: Can't resolve '@/components/portfolio/visual-preview'
  1 | import Link from "next/link";
  2 | import { ArrowUpRight } from "lucide-react";
> 3 | import { VisualPreview } from "@/components/portfolio/visual-preview";
    | ^^^^^^^^^^^^^^^^^^^^^^^^^^^^^^^^^^^^^^^^^^^^^^^^^^^^^^^^^^^^^^^^^^^^^^
  4 | import { Badge } from "@/components/ui/badge";
  5 | import { watchEntries } from "@/lib/data";
  6 |

Import map: aliased to relative './components/portfolio/visual-preview' inside of [project]/

https://nextjs.org/docs/messages/module-not-found @ http://127.0.0.1:3000/Portfolio-bts/_next/static/chunks/node_modules_next_dist_0u_w_5s._.js:1945
[  507718ms] [ERROR] ./app/projets/page.tsx:3:1
Module not found: Can't resolve '@/components/portfolio/visual-preview'
  1 | import Link from "next/link";
  2 | import { ArrowUpRight } from "lucide-react";
> 3 | import { VisualPreview } from "@/components/portfolio/visual-preview";
    | ^^^^^^^^^^^^^^^^^^^^^^^^^^^^^^^^^^^^^^^^^^^^^^^^^^^^^^^^^^^^^^^^^^^^^^
  4 | import { competencies, projects, getCategoryLabel } from "@/lib/data";
  5 | import { getProjectCategorySections } from "@/lib/view-models/projects";
  6 |

Import map: aliased to relative './components/portfolio/visual-preview' inside of [project]/

https://nextjs.org/docs/messages/module-not-found @ http://127.0.0.1:3000/Portfolio-bts/_next/static/chunks/node_modules_next_dist_0u_w_5s._.js:1945
[  507718ms] [ERROR] ./app/veille/page.tsx:3:1
Module not found: Can't resolve '@/components/portfolio/visual-preview'
  1 | import Link from "next/link";
  2 | import { ArrowUpRight } from "lucide-react";
> 3 | import { VisualPreview } from "@/components/portfolio/visual-preview";
    | ^^^^^^^^^^^^^^^^^^^^^^^^^^^^^^^^^^^^^^^^^^^^^^^^^^^^^^^^^^^^^^^^^^^^^^
  4 | import { Badge } from "@/components/ui/badge";
  5 | import { watchEntries } from "@/lib/data";
  6 |

Import map: aliased to relative './components/portfolio/visual-preview' inside of [project]/

https://nextjs.org/docs/messages/module-not-found @ http://127.0.0.1:3000/Portfolio-bts/_next/static/chunks/node_modules_next_dist_0u_w_5s._.js:1945
[  507780ms] [ERROR] ./app/projets/page.tsx:3:1
Module not found: Can't resolve '@/components/portfolio/visual-preview'
  1 | import Link from "next/link";
  2 | import { ArrowUpRight } from "lucide-react";
> 3 | import { VisualPreview } from "@/components/portfolio/visual-preview";
    | ^^^^^^^^^^^^^^^^^^^^^^^^^^^^^^^^^^^^^^^^^^^^^^^^^^^^^^^^^^^^^^^^^^^^^^
  4 | import { competencies, projects, getCategoryLabel } from "@/lib/data";
  5 | import { getProjectCategorySections } from "@/lib/view-models/projects";
  6 |

Import map: aliased to relative './components/portfolio/visual-preview' inside of [project]/

https://nextjs.org/docs/messages/module-not-found @ http://127.0.0.1:3000/Portfolio-bts/_next/static/chunks/node_modules_next_dist_0u_w_5s._.js:1945
[  507781ms] [ERROR] ./app/veille/page.tsx:3:1
Module not found: Can't resolve '@/components/portfolio/visual-preview'
  1 | import Link from "next/link";
  2 | import { ArrowUpRight } from "lucide-react";
> 3 | import { VisualPreview } from "@/components/portfolio/visual-preview";
    | ^^^^^^^^^^^^^^^^^^^^^^^^^^^^^^^^^^^^^^^^^^^^^^^^^^^^^^^^^^^^^^^^^^^^^^
  4 | import { Badge } from "@/components/ui/badge";
  5 | import { watchEntries } from "@/lib/data";
  6 |

Import map: aliased to relative './components/portfolio/visual-preview' inside of [project]/

https://nextjs.org/docs/messages/module-not-found @ http://127.0.0.1:3000/Portfolio-bts/_next/static/chunks/node_modules_next_dist_0u_w_5s._.js:1945
[  507843ms] [ERROR] ./app/projets/page.tsx:3:1
Module not found: Can't resolve '@/components/portfolio/visual-preview'
  1 | import Link from "next/link";
  2 | import { ArrowUpRight } from "lucide-react";
> 3 | import { VisualPreview } from "@/components/portfolio/visual-preview";
    | ^^^^^^^^^^^^^^^^^^^^^^^^^^^^^^^^^^^^^^^^^^^^^^^^^^^^^^^^^^^^^^^^^^^^^^
  4 | import { competencies, projects, getCategoryLabel } from "@/lib/data";
  5 | import { getProjectCategorySections } from "@/lib/view-models/projects";
  6 |

Import map: aliased to relative './components/portfolio/visual-preview' inside of [project]/

https://nextjs.org/docs/messages/module-not-found @ http://127.0.0.1:3000/Portfolio-bts/_next/static/chunks/node_modules_next_dist_0u_w_5s._.js:1945
[  507843ms] [ERROR] ./app/veille/page.tsx:3:1
Module not found: Can't resolve '@/components/portfolio/visual-preview'
  1 | import Link from "next/link";
  2 | import { ArrowUpRight } from "lucide-react";
> 3 | import { VisualPreview } from "@/components/portfolio/visual-preview";
    | ^^^^^^^^^^^^^^^^^^^^^^^^^^^^^^^^^^^^^^^^^^^^^^^^^^^^^^^^^^^^^^^^^^^^^^
  4 | import { Badge } from "@/components/ui/badge";
  5 | import { watchEntries } from "@/lib/data";
  6 |

Import map: aliased to relative './components/portfolio/visual-preview' inside of [project]/

https://nextjs.org/docs/messages/module-not-found @ http://127.0.0.1:3000/Portfolio-bts/_next/static/chunks/node_modules_next_dist_0u_w_5s._.js:1945
[  507904ms] [ERROR] ./app/projets/page.tsx:3:1
Module not found: Can't resolve '@/components/portfolio/visual-preview'
  1 | import Link from "next/link";
  2 | import { ArrowUpRight } from "lucide-react";
> 3 | import { VisualPreview } from "@/components/portfolio/visual-preview";
    | ^^^^^^^^^^^^^^^^^^^^^^^^^^^^^^^^^^^^^^^^^^^^^^^^^^^^^^^^^^^^^^^^^^^^^^
  4 | import { competencies, projects, getCategoryLabel } from "@/lib/data";
  5 | import { getProjectCategorySections } from "@/lib/view-models/projects";
  6 |

Import map: aliased to relative './components/portfolio/visual-preview' inside of [project]/

https://nextjs.org/docs/messages/module-not-found @ http://127.0.0.1:3000/Portfolio-bts/_next/static/chunks/node_modules_next_dist_0u_w_5s._.js:1945
[  507905ms] [ERROR] ./app/veille/page.tsx:3:1
Module not found: Can't resolve '@/components/portfolio/visual-preview'
  1 | import Link from "next/link";
  2 | import { ArrowUpRight } from "lucide-react";
> 3 | import { VisualPreview } from "@/components/portfolio/visual-preview";
    | ^^^^^^^^^^^^^^^^^^^^^^^^^^^^^^^^^^^^^^^^^^^^^^^^^^^^^^^^^^^^^^^^^^^^^^
  4 | import { Badge } from "@/components/ui/badge";
  5 | import { watchEntries } from "@/lib/data";
  6 |

Import map: aliased to relative './components/portfolio/visual-preview' inside of [project]/

https://nextjs.org/docs/messages/module-not-found @ http://127.0.0.1:3000/Portfolio-bts/_next/static/chunks/node_modules_next_dist_0u_w_5s._.js:1945
[  507965ms] [ERROR] ./app/projets/page.tsx:3:1
Module not found: Can't resolve '@/components/portfolio/visual-preview'
  1 | import Link from "next/link";
  2 | import { ArrowUpRight } from "lucide-react";
> 3 | import { VisualPreview } from "@/components/portfolio/visual-preview";
    | ^^^^^^^^^^^^^^^^^^^^^^^^^^^^^^^^^^^^^^^^^^^^^^^^^^^^^^^^^^^^^^^^^^^^^^
  4 | import { competencies, projects, getCategoryLabel } from "@/lib/data";
  5 | import { getProjectCategorySections } from "@/lib/view-models/projects";
  6 |

Import map: aliased to relative './components/portfolio/visual-preview' inside of [project]/

https://nextjs.org/docs/messages/module-not-found @ http://127.0.0.1:3000/Portfolio-bts/_next/static/chunks/node_modules_next_dist_0u_w_5s._.js:1945
[  507966ms] [ERROR] ./app/veille/page.tsx:3:1
Module not found: Can't resolve '@/components/portfolio/visual-preview'
  1 | import Link from "next/link";
  2 | import { ArrowUpRight } from "lucide-react";
> 3 | import { VisualPreview } from "@/components/portfolio/visual-preview";
    | ^^^^^^^^^^^^^^^^^^^^^^^^^^^^^^^^^^^^^^^^^^^^^^^^^^^^^^^^^^^^^^^^^^^^^^
  4 | import { Badge } from "@/components/ui/badge";
  5 | import { watchEntries } from "@/lib/data";
  6 |

Import map: aliased to relative './components/portfolio/visual-preview' inside of [project]/

https://nextjs.org/docs/messages/module-not-found @ http://127.0.0.1:3000/Portfolio-bts/_next/static/chunks/node_modules_next_dist_0u_w_5s._.js:1945
[  508028ms] [ERROR] ./app/projets/page.tsx:3:1
Module not found: Can't resolve '@/components/portfolio/visual-preview'
  1 | import Link from "next/link";
  2 | import { ArrowUpRight } from "lucide-react";
> 3 | import { VisualPreview } from "@/components/portfolio/visual-preview";
    | ^^^^^^^^^^^^^^^^^^^^^^^^^^^^^^^^^^^^^^^^^^^^^^^^^^^^^^^^^^^^^^^^^^^^^^
  4 | import { competencies, projects, getCategoryLabel } from "@/lib/data";
  5 | import { getProjectCategorySections } from "@/lib/view-models/projects";
  6 |

Import map: aliased to relative './components/portfolio/visual-preview' inside of [project]/

https://nextjs.org/docs/messages/module-not-found @ http://127.0.0.1:3000/Portfolio-bts/_next/static/chunks/node_modules_next_dist_0u_w_5s._.js:1945
[  508028ms] [ERROR] ./app/veille/page.tsx:3:1
Module not found: Can't resolve '@/components/portfolio/visual-preview'
  1 | import Link from "next/link";
  2 | import { ArrowUpRight } from "lucide-react";
> 3 | import { VisualPreview } from "@/components/portfolio/visual-preview";
    | ^^^^^^^^^^^^^^^^^^^^^^^^^^^^^^^^^^^^^^^^^^^^^^^^^^^^^^^^^^^^^^^^^^^^^^
  4 | import { Badge } from "@/components/ui/badge";
  5 | import { watchEntries } from "@/lib/data";
  6 |

Import map: aliased to relative './components/portfolio/visual-preview' inside of [project]/

https://nextjs.org/docs/messages/module-not-found @ http://127.0.0.1:3000/Portfolio-bts/_next/static/chunks/node_modules_next_dist_0u_w_5s._.js:1945
[  508090ms] [ERROR] ./app/projets/page.tsx:3:1
Module not found: Can't resolve '@/components/portfolio/visual-preview'
  1 | import Link from "next/link";
  2 | import { ArrowUpRight } from "lucide-react";
> 3 | import { VisualPreview } from "@/components/portfolio/visual-preview";
    | ^^^^^^^^^^^^^^^^^^^^^^^^^^^^^^^^^^^^^^^^^^^^^^^^^^^^^^^^^^^^^^^^^^^^^^
  4 | import { competencies, projects, getCategoryLabel } from "@/lib/data";
  5 | import { getProjectCategorySections } from "@/lib/view-models/projects";
  6 |

Import map: aliased to relative './components/portfolio/visual-preview' inside of [project]/

https://nextjs.org/docs/messages/module-not-found @ http://127.0.0.1:3000/Portfolio-bts/_next/static/chunks/node_modules_next_dist_0u_w_5s._.js:1945
[  508090ms] [ERROR] ./app/veille/page.tsx:3:1
Module not found: Can't resolve '@/components/portfolio/visual-preview'
  1 | import Link from "next/link";
  2 | import { ArrowUpRight } from "lucide-react";
> 3 | import { VisualPreview } from "@/components/portfolio/visual-preview";
    | ^^^^^^^^^^^^^^^^^^^^^^^^^^^^^^^^^^^^^^^^^^^^^^^^^^^^^^^^^^^^^^^^^^^^^^
  4 | import { Badge } from "@/components/ui/badge";
  5 | import { watchEntries } from "@/lib/data";
  6 |

Import map: aliased to relative './components/portfolio/visual-preview' inside of [project]/

https://nextjs.org/docs/messages/module-not-found @ http://127.0.0.1:3000/Portfolio-bts/_next/static/chunks/node_modules_next_dist_0u_w_5s._.js:1945
[  508229ms] [LOG] [Fast Refresh] rebuilding @ http://127.0.0.1:3000/Portfolio-bts/_next/static/chunks/node_modules_next_dist_0u_w_5s._.js:1226
[  508304ms] [ERROR] ./app/projets/page.tsx:3:1
Module not found: Can't resolve '@/components/portfolio/visual-preview'
  1 | import Link from "next/link";
  2 | import { ArrowUpRight } from "lucide-react";
> 3 | import { VisualPreview } from "@/components/portfolio/visual-preview";
    | ^^^^^^^^^^^^^^^^^^^^^^^^^^^^^^^^^^^^^^^^^^^^^^^^^^^^^^^^^^^^^^^^^^^^^^
  4 | import { competencies, projects, getCategoryLabel } from "@/lib/data";
  5 | import { getProjectCategorySections } from "@/lib/view-models/projects";
  6 |

Import map: aliased to relative './components/portfolio/visual-preview' inside of [project]/

https://nextjs.org/docs/messages/module-not-found @ http://127.0.0.1:3000/Portfolio-bts/_next/static/chunks/node_modules_next_dist_0u_w_5s._.js:1945
[  508304ms] [ERROR] ./app/veille/page.tsx:3:1
Module not found: Can't resolve '@/components/portfolio/visual-preview'
  1 | import Link from "next/link";
  2 | import { ArrowUpRight } from "lucide-react";
> 3 | import { VisualPreview } from "@/components/portfolio/visual-preview";
    | ^^^^^^^^^^^^^^^^^^^^^^^^^^^^^^^^^^^^^^^^^^^^^^^^^^^^^^^^^^^^^^^^^^^^^^
  4 | import { Badge } from "@/components/ui/badge";
  5 | import { watchEntries } from "@/lib/data";
  6 |

Import map: aliased to relative './components/portfolio/visual-preview' inside of [project]/

https://nextjs.org/docs/messages/module-not-found @ http://127.0.0.1:3000/Portfolio-bts/_next/static/chunks/node_modules_next_dist_0u_w_5s._.js:1945
[  508305ms] [ERROR] ./app/projets/page.tsx:3:1
Module not found: Can't resolve '@/components/portfolio/visual-preview'
  1 | import Link from "next/link";
  2 | import { ArrowUpRight } from "lucide-react";
> 3 | import { VisualPreview } from "@/components/portfolio/visual-preview";
    | ^^^^^^^^^^^^^^^^^^^^^^^^^^^^^^^^^^^^^^^^^^^^^^^^^^^^^^^^^^^^^^^^^^^^^^
  4 | import { competencies, projects, getCategoryLabel } from "@/lib/data";
  5 | import { getProjectCategorySections } from "@/lib/view-models/projects";
  6 |

Import map: aliased to relative './components/portfolio/visual-preview' inside of [project]/

https://nextjs.org/docs/messages/module-not-found @ http://127.0.0.1:3000/Portfolio-bts/_next/static/chunks/node_modules_next_dist_0u_w_5s._.js:1945
[  508305ms] [ERROR] ./app/veille/page.tsx:3:1
Module not found: Can't resolve '@/components/portfolio/visual-preview'
  1 | import Link from "next/link";
  2 | import { ArrowUpRight } from "lucide-react";
> 3 | import { VisualPreview } from "@/components/portfolio/visual-preview";
    | ^^^^^^^^^^^^^^^^^^^^^^^^^^^^^^^^^^^^^^^^^^^^^^^^^^^^^^^^^^^^^^^^^^^^^^
  4 | import { Badge } from "@/components/ui/badge";
  5 | import { watchEntries } from "@/lib/data";
  6 |

Import map: aliased to relative './components/portfolio/visual-preview' inside of [project]/

https://nextjs.org/docs/messages/module-not-found @ http://127.0.0.1:3000/Portfolio-bts/_next/static/chunks/node_modules_next_dist_0u_w_5s._.js:1945
[  508371ms] [ERROR] ./app/projets/page.tsx:3:1
Module not found: Can't resolve '@/components/portfolio/visual-preview'
  1 | import Link from "next/link";
  2 | import { ArrowUpRight } from "lucide-react";
> 3 | import { VisualPreview } from "@/components/portfolio/visual-preview";
    | ^^^^^^^^^^^^^^^^^^^^^^^^^^^^^^^^^^^^^^^^^^^^^^^^^^^^^^^^^^^^^^^^^^^^^^
  4 | import { competencies, projects, getCategoryLabel } from "@/lib/data";
  5 | import { getProjectCategorySections } from "@/lib/view-models/projects";
  6 |

Import map: aliased to relative './components/portfolio/visual-preview' inside of [project]/

https://nextjs.org/docs/messages/module-not-found @ http://127.0.0.1:3000/Portfolio-bts/_next/static/chunks/node_modules_next_dist_0u_w_5s._.js:1945
[  508371ms] [ERROR] ./app/veille/page.tsx:3:1
Module not found: Can't resolve '@/components/portfolio/visual-preview'
  1 | import Link from "next/link";
  2 | import { ArrowUpRight } from "lucide-react";
> 3 | import { VisualPreview } from "@/components/portfolio/visual-preview";
    | ^^^^^^^^^^^^^^^^^^^^^^^^^^^^^^^^^^^^^^^^^^^^^^^^^^^^^^^^^^^^^^^^^^^^^^
  4 | import { Badge } from "@/components/ui/badge";
  5 | import { watchEntries } from "@/lib/data";
  6 |

Import map: aliased to relative './components/portfolio/visual-preview' inside of [project]/

https://nextjs.org/docs/messages/module-not-found @ http://127.0.0.1:3000/Portfolio-bts/_next/static/chunks/node_modules_next_dist_0u_w_5s._.js:1945
[  508465ms] [ERROR] ./app/projets/page.tsx:3:1
Module not found: Can't resolve '@/components/portfolio/visual-preview'
  1 | import Link from "next/link";
  2 | import { ArrowUpRight } from "lucide-react";
> 3 | import { VisualPreview } from "@/components/portfolio/visual-preview";
    | ^^^^^^^^^^^^^^^^^^^^^^^^^^^^^^^^^^^^^^^^^^^^^^^^^^^^^^^^^^^^^^^^^^^^^^
  4 | import { competencies, projects, getCategoryLabel } from "@/lib/data";
  5 | import { getProjectCategorySections } from "@/lib/view-models/projects";
  6 |

Import map: aliased to relative './components/portfolio/visual-preview' inside of [project]/

https://nextjs.org/docs/messages/module-not-found @ http://127.0.0.1:3000/Portfolio-bts/_next/static/chunks/node_modules_next_dist_0u_w_5s._.js:1945
[  508465ms] [ERROR] ./app/veille/page.tsx:3:1
Module not found: Can't resolve '@/components/portfolio/visual-preview'
  1 | import Link from "next/link";
  2 | import { ArrowUpRight } from "lucide-react";
> 3 | import { VisualPreview } from "@/components/portfolio/visual-preview";
    | ^^^^^^^^^^^^^^^^^^^^^^^^^^^^^^^^^^^^^^^^^^^^^^^^^^^^^^^^^^^^^^^^^^^^^^
  4 | import { Badge } from "@/components/ui/badge";
  5 | import { watchEntries } from "@/lib/data";
  6 |

Import map: aliased to relative './components/portfolio/visual-preview' inside of [project]/

https://nextjs.org/docs/messages/module-not-found @ http://127.0.0.1:3000/Portfolio-bts/_next/static/chunks/node_modules_next_dist_0u_w_5s._.js:1945
[  508526ms] [ERROR] ./app/projets/page.tsx:3:1
Module not found: Can't resolve '@/components/portfolio/visual-preview'
  1 | import Link from "next/link";
  2 | import { ArrowUpRight } from "lucide-react";
> 3 | import { VisualPreview } from "@/components/portfolio/visual-preview";
    | ^^^^^^^^^^^^^^^^^^^^^^^^^^^^^^^^^^^^^^^^^^^^^^^^^^^^^^^^^^^^^^^^^^^^^^
  4 | import { competencies, projects, getCategoryLabel } from "@/lib/data";
  5 | import { getProjectCategorySections } from "@/lib/view-models/projects";
  6 |

Import map: aliased to relative './components/portfolio/visual-preview' inside of [project]/

https://nextjs.org/docs/messages/module-not-found @ http://127.0.0.1:3000/Portfolio-bts/_next/static/chunks/node_modules_next_dist_0u_w_5s._.js:1945
[  508526ms] [ERROR] ./app/veille/page.tsx:3:1
Module not found: Can't resolve '@/components/portfolio/visual-preview'
  1 | import Link from "next/link";
  2 | import { ArrowUpRight } from "lucide-react";
> 3 | import { VisualPreview } from "@/components/portfolio/visual-preview";
    | ^^^^^^^^^^^^^^^^^^^^^^^^^^^^^^^^^^^^^^^^^^^^^^^^^^^^^^^^^^^^^^^^^^^^^^
  4 | import { Badge } from "@/components/ui/badge";
  5 | import { watchEntries } from "@/lib/data";
  6 |

Import map: aliased to relative './components/portfolio/visual-preview' inside of [project]/

https://nextjs.org/docs/messages/module-not-found @ http://127.0.0.1:3000/Portfolio-bts/_next/static/chunks/node_modules_next_dist_0u_w_5s._.js:1945
[  508587ms] [ERROR] ./app/projets/page.tsx:3:1
Module not found: Can't resolve '@/components/portfolio/visual-preview'
  1 | import Link from "next/link";
  2 | import { ArrowUpRight } from "lucide-react";
> 3 | import { VisualPreview } from "@/components/portfolio/visual-preview";
    | ^^^^^^^^^^^^^^^^^^^^^^^^^^^^^^^^^^^^^^^^^^^^^^^^^^^^^^^^^^^^^^^^^^^^^^
  4 | import { competencies, projects, getCategoryLabel } from "@/lib/data";
  5 | import { getProjectCategorySections } from "@/lib/view-models/projects";
  6 |

Import map: aliased to relative './components/portfolio/visual-preview' inside of [project]/

https://nextjs.org/docs/messages/module-not-found @ http://127.0.0.1:3000/Portfolio-bts/_next/static/chunks/node_modules_next_dist_0u_w_5s._.js:1945
[  508587ms] [ERROR] ./app/veille/page.tsx:3:1
Module not found: Can't resolve '@/components/portfolio/visual-preview'
  1 | import Link from "next/link";
  2 | import { ArrowUpRight } from "lucide-react";
> 3 | import { VisualPreview } from "@/components/portfolio/visual-preview";
    | ^^^^^^^^^^^^^^^^^^^^^^^^^^^^^^^^^^^^^^^^^^^^^^^^^^^^^^^^^^^^^^^^^^^^^^
  4 | import { Badge } from "@/components/ui/badge";
  5 | import { watchEntries } from "@/lib/data";
  6 |

Import map: aliased to relative './components/portfolio/visual-preview' inside of [project]/

https://nextjs.org/docs/messages/module-not-found @ http://127.0.0.1:3000/Portfolio-bts/_next/static/chunks/node_modules_next_dist_0u_w_5s._.js:1945
[  508649ms] [ERROR] ./app/projets/page.tsx:3:1
Module not found: Can't resolve '@/components/portfolio/visual-preview'
  1 | import Link from "next/link";
  2 | import { ArrowUpRight } from "lucide-react";
> 3 | import { VisualPreview } from "@/components/portfolio/visual-preview";
    | ^^^^^^^^^^^^^^^^^^^^^^^^^^^^^^^^^^^^^^^^^^^^^^^^^^^^^^^^^^^^^^^^^^^^^^
  4 | import { competencies, projects, getCategoryLabel } from "@/lib/data";
  5 | import { getProjectCategorySections } from "@/lib/view-models/projects";
  6 |

Import map: aliased to relative './components/portfolio/visual-preview' inside of [project]/

https://nextjs.org/docs/messages/module-not-found @ http://127.0.0.1:3000/Portfolio-bts/_next/static/chunks/node_modules_next_dist_0u_w_5s._.js:1945
[  508650ms] [ERROR] ./app/veille/page.tsx:3:1
Module not found: Can't resolve '@/components/portfolio/visual-preview'
  1 | import Link from "next/link";
  2 | import { ArrowUpRight } from "lucide-react";
> 3 | import { VisualPreview } from "@/components/portfolio/visual-preview";
    | ^^^^^^^^^^^^^^^^^^^^^^^^^^^^^^^^^^^^^^^^^^^^^^^^^^^^^^^^^^^^^^^^^^^^^^
  4 | import { Badge } from "@/components/ui/badge";
  5 | import { watchEntries } from "@/lib/data";
  6 |

Import map: aliased to relative './components/portfolio/visual-preview' inside of [project]/

https://nextjs.org/docs/messages/module-not-found @ http://127.0.0.1:3000/Portfolio-bts/_next/static/chunks/node_modules_next_dist_0u_w_5s._.js:1945
[  508712ms] [ERROR] ./app/projets/page.tsx:3:1
Module not found: Can't resolve '@/components/portfolio/visual-preview'
  1 | import Link from "next/link";
  2 | import { ArrowUpRight } from "lucide-react";
> 3 | import { VisualPreview } from "@/components/portfolio/visual-preview";
    | ^^^^^^^^^^^^^^^^^^^^^^^^^^^^^^^^^^^^^^^^^^^^^^^^^^^^^^^^^^^^^^^^^^^^^^
  4 | import { competencies, projects, getCategoryLabel } from "@/lib/data";
  5 | import { getProjectCategorySections } from "@/lib/view-models/projects";
  6 |

Import map: aliased to relative './components/portfolio/visual-preview' inside of [project]/

https://nextjs.org/docs/messages/module-not-found @ http://127.0.0.1:3000/Portfolio-bts/_next/static/chunks/node_modules_next_dist_0u_w_5s._.js:1945
[  508712ms] [ERROR] ./app/veille/page.tsx:3:1
Module not found: Can't resolve '@/components/portfolio/visual-preview'
  1 | import Link from "next/link";
  2 | import { ArrowUpRight } from "lucide-react";
> 3 | import { VisualPreview } from "@/components/portfolio/visual-preview";
    | ^^^^^^^^^^^^^^^^^^^^^^^^^^^^^^^^^^^^^^^^^^^^^^^^^^^^^^^^^^^^^^^^^^^^^^
  4 | import { Badge } from "@/components/ui/badge";
  5 | import { watchEntries } from "@/lib/data";
  6 |

Import map: aliased to relative './components/portfolio/visual-preview' inside of [project]/

https://nextjs.org/docs/messages/module-not-found @ http://127.0.0.1:3000/Portfolio-bts/_next/static/chunks/node_modules_next_dist_0u_w_5s._.js:1945
[  508775ms] [ERROR] ./app/projets/page.tsx:3:1
Module not found: Can't resolve '@/components/portfolio/visual-preview'
  1 | import Link from "next/link";
  2 | import { ArrowUpRight } from "lucide-react";
> 3 | import { VisualPreview } from "@/components/portfolio/visual-preview";
    | ^^^^^^^^^^^^^^^^^^^^^^^^^^^^^^^^^^^^^^^^^^^^^^^^^^^^^^^^^^^^^^^^^^^^^^
  4 | import { competencies, projects, getCategoryLabel } from "@/lib/data";
  5 | import { getProjectCategorySections } from "@/lib/view-models/projects";
  6 |

Import map: aliased to relative './components/portfolio/visual-preview' inside of [project]/

https://nextjs.org/docs/messages/module-not-found @ http://127.0.0.1:3000/Portfolio-bts/_next/static/chunks/node_modules_next_dist_0u_w_5s._.js:1945
[  508775ms] [ERROR] ./app/veille/page.tsx:3:1
Module not found: Can't resolve '@/components/portfolio/visual-preview'
  1 | import Link from "next/link";
  2 | import { ArrowUpRight } from "lucide-react";
> 3 | import { VisualPreview } from "@/components/portfolio/visual-preview";
    | ^^^^^^^^^^^^^^^^^^^^^^^^^^^^^^^^^^^^^^^^^^^^^^^^^^^^^^^^^^^^^^^^^^^^^^
  4 | import { Badge } from "@/components/ui/badge";
  5 | import { watchEntries } from "@/lib/data";
  6 |

Import map: aliased to relative './components/portfolio/visual-preview' inside of [project]/

https://nextjs.org/docs/messages/module-not-found @ http://127.0.0.1:3000/Portfolio-bts/_next/static/chunks/node_modules_next_dist_0u_w_5s._.js:1945
[  508836ms] [ERROR] ./app/projets/page.tsx:3:1
Module not found: Can't resolve '@/components/portfolio/visual-preview'
  1 | import Link from "next/link";
  2 | import { ArrowUpRight } from "lucide-react";
> 3 | import { VisualPreview } from "@/components/portfolio/visual-preview";
    | ^^^^^^^^^^^^^^^^^^^^^^^^^^^^^^^^^^^^^^^^^^^^^^^^^^^^^^^^^^^^^^^^^^^^^^
  4 | import { competencies, projects, getCategoryLabel } from "@/lib/data";
  5 | import { getProjectCategorySections } from "@/lib/view-models/projects";
  6 |

Import map: aliased to relative './components/portfolio/visual-preview' inside of [project]/

https://nextjs.org/docs/messages/module-not-found @ http://127.0.0.1:3000/Portfolio-bts/_next/static/chunks/node_modules_next_dist_0u_w_5s._.js:1945
[  508837ms] [ERROR] ./app/veille/page.tsx:3:1
Module not found: Can't resolve '@/components/portfolio/visual-preview'
  1 | import Link from "next/link";
  2 | import { ArrowUpRight } from "lucide-react";
> 3 | import { VisualPreview } from "@/components/portfolio/visual-preview";
    | ^^^^^^^^^^^^^^^^^^^^^^^^^^^^^^^^^^^^^^^^^^^^^^^^^^^^^^^^^^^^^^^^^^^^^^
  4 | import { Badge } from "@/components/ui/badge";
  5 | import { watchEntries } from "@/lib/data";
  6 |

Import map: aliased to relative './components/portfolio/visual-preview' inside of [project]/

https://nextjs.org/docs/messages/module-not-found @ http://127.0.0.1:3000/Portfolio-bts/_next/static/chunks/node_modules_next_dist_0u_w_5s._.js:1945
[  508899ms] [ERROR] ./app/projets/page.tsx:3:1
Module not found: Can't resolve '@/components/portfolio/visual-preview'
  1 | import Link from "next/link";
  2 | import { ArrowUpRight } from "lucide-react";
> 3 | import { VisualPreview } from "@/components/portfolio/visual-preview";
    | ^^^^^^^^^^^^^^^^^^^^^^^^^^^^^^^^^^^^^^^^^^^^^^^^^^^^^^^^^^^^^^^^^^^^^^
  4 | import { competencies, projects, getCategoryLabel } from "@/lib/data";
  5 | import { getProjectCategorySections } from "@/lib/view-models/projects";
  6 |

Import map: aliased to relative './components/portfolio/visual-preview' inside of [project]/

https://nextjs.org/docs/messages/module-not-found @ http://127.0.0.1:3000/Portfolio-bts/_next/static/chunks/node_modules_next_dist_0u_w_5s._.js:1945
[  508899ms] [ERROR] ./app/veille/page.tsx:3:1
Module not found: Can't resolve '@/components/portfolio/visual-preview'
  1 | import Link from "next/link";
  2 | import { ArrowUpRight } from "lucide-react";
> 3 | import { VisualPreview } from "@/components/portfolio/visual-preview";
    | ^^^^^^^^^^^^^^^^^^^^^^^^^^^^^^^^^^^^^^^^^^^^^^^^^^^^^^^^^^^^^^^^^^^^^^
  4 | import { Badge } from "@/components/ui/badge";
  5 | import { watchEntries } from "@/lib/data";
  6 |

Import map: aliased to relative './components/portfolio/visual-preview' inside of [project]/

https://nextjs.org/docs/messages/module-not-found @ http://127.0.0.1:3000/Portfolio-bts/_next/static/chunks/node_modules_next_dist_0u_w_5s._.js:1945
[  508960ms] [ERROR] ./app/projets/page.tsx:3:1
Module not found: Can't resolve '@/components/portfolio/visual-preview'
  1 | import Link from "next/link";
  2 | import { ArrowUpRight } from "lucide-react";
> 3 | import { VisualPreview } from "@/components/portfolio/visual-preview";
    | ^^^^^^^^^^^^^^^^^^^^^^^^^^^^^^^^^^^^^^^^^^^^^^^^^^^^^^^^^^^^^^^^^^^^^^
  4 | import { competencies, projects, getCategoryLabel } from "@/lib/data";
  5 | import { getProjectCategorySections } from "@/lib/view-models/projects";
  6 |

Import map: aliased to relative './components/portfolio/visual-preview' inside of [project]/

https://nextjs.org/docs/messages/module-not-found @ http://127.0.0.1:3000/Portfolio-bts/_next/static/chunks/node_modules_next_dist_0u_w_5s._.js:1945
[  508960ms] [ERROR] ./app/veille/page.tsx:3:1
Module not found: Can't resolve '@/components/portfolio/visual-preview'
  1 | import Link from "next/link";
  2 | import { ArrowUpRight } from "lucide-react";
> 3 | import { VisualPreview } from "@/components/portfolio/visual-preview";
    | ^^^^^^^^^^^^^^^^^^^^^^^^^^^^^^^^^^^^^^^^^^^^^^^^^^^^^^^^^^^^^^^^^^^^^^
  4 | import { Badge } from "@/components/ui/badge";
  5 | import { watchEntries } from "@/lib/data";
  6 |

Import map: aliased to relative './components/portfolio/visual-preview' inside of [project]/

https://nextjs.org/docs/messages/module-not-found @ http://127.0.0.1:3000/Portfolio-bts/_next/static/chunks/node_modules_next_dist_0u_w_5s._.js:1945
[  509021ms] [ERROR] ./app/projets/page.tsx:3:1
Module not found: Can't resolve '@/components/portfolio/visual-preview'
  1 | import Link from "next/link";
  2 | import { ArrowUpRight } from "lucide-react";
> 3 | import { VisualPreview } from "@/components/portfolio/visual-preview";
    | ^^^^^^^^^^^^^^^^^^^^^^^^^^^^^^^^^^^^^^^^^^^^^^^^^^^^^^^^^^^^^^^^^^^^^^
  4 | import { competencies, projects, getCategoryLabel } from "@/lib/data";
  5 | import { getProjectCategorySections } from "@/lib/view-models/projects";
  6 |

Import map: aliased to relative './components/portfolio/visual-preview' inside of [project]/

https://nextjs.org/docs/messages/module-not-found @ http://127.0.0.1:3000/Portfolio-bts/_next/static/chunks/node_modules_next_dist_0u_w_5s._.js:1945
[  509021ms] [ERROR] ./app/veille/page.tsx:3:1
Module not found: Can't resolve '@/components/portfolio/visual-preview'
  1 | import Link from "next/link";
  2 | import { ArrowUpRight } from "lucide-react";
> 3 | import { VisualPreview } from "@/components/portfolio/visual-preview";
    | ^^^^^^^^^^^^^^^^^^^^^^^^^^^^^^^^^^^^^^^^^^^^^^^^^^^^^^^^^^^^^^^^^^^^^^
  4 | import { Badge } from "@/components/ui/badge";
  5 | import { watchEntries } from "@/lib/data";
  6 |

Import map: aliased to relative './components/portfolio/visual-preview' inside of [project]/

https://nextjs.org/docs/messages/module-not-found @ http://127.0.0.1:3000/Portfolio-bts/_next/static/chunks/node_modules_next_dist_0u_w_5s._.js:1945
[  509084ms] [ERROR] ./app/projets/page.tsx:3:1
Module not found: Can't resolve '@/components/portfolio/visual-preview'
  1 | import Link from "next/link";
  2 | import { ArrowUpRight } from "lucide-react";
> 3 | import { VisualPreview } from "@/components/portfolio/visual-preview";
    | ^^^^^^^^^^^^^^^^^^^^^^^^^^^^^^^^^^^^^^^^^^^^^^^^^^^^^^^^^^^^^^^^^^^^^^
  4 | import { competencies, projects, getCategoryLabel } from "@/lib/data";
  5 | import { getProjectCategorySections } from "@/lib/view-models/projects";
  6 |

Import map: aliased to relative './components/portfolio/visual-preview' inside of [project]/

https://nextjs.org/docs/messages/module-not-found @ http://127.0.0.1:3000/Portfolio-bts/_next/static/chunks/node_modules_next_dist_0u_w_5s._.js:1945
[  509085ms] [ERROR] ./app/veille/page.tsx:3:1
Module not found: Can't resolve '@/components/portfolio/visual-preview'
  1 | import Link from "next/link";
  2 | import { ArrowUpRight } from "lucide-react";
> 3 | import { VisualPreview } from "@/components/portfolio/visual-preview";
    | ^^^^^^^^^^^^^^^^^^^^^^^^^^^^^^^^^^^^^^^^^^^^^^^^^^^^^^^^^^^^^^^^^^^^^^
  4 | import { Badge } from "@/components/ui/badge";
  5 | import { watchEntries } from "@/lib/data";
  6 |

Import map: aliased to relative './components/portfolio/visual-preview' inside of [project]/

https://nextjs.org/docs/messages/module-not-found @ http://127.0.0.1:3000/Portfolio-bts/_next/static/chunks/node_modules_next_dist_0u_w_5s._.js:1945
[  509147ms] [ERROR] ./app/projets/page.tsx:3:1
Module not found: Can't resolve '@/components/portfolio/visual-preview'
  1 | import Link from "next/link";
  2 | import { ArrowUpRight } from "lucide-react";
> 3 | import { VisualPreview } from "@/components/portfolio/visual-preview";
    | ^^^^^^^^^^^^^^^^^^^^^^^^^^^^^^^^^^^^^^^^^^^^^^^^^^^^^^^^^^^^^^^^^^^^^^
  4 | import { competencies, projects, getCategoryLabel } from "@/lib/data";
  5 | import { getProjectCategorySections } from "@/lib/view-models/projects";
  6 |

Import map: aliased to relative './components/portfolio/visual-preview' inside of [project]/

https://nextjs.org/docs/messages/module-not-found @ http://127.0.0.1:3000/Portfolio-bts/_next/static/chunks/node_modules_next_dist_0u_w_5s._.js:1945
[  509147ms] [ERROR] ./app/veille/page.tsx:3:1
Module not found: Can't resolve '@/components/portfolio/visual-preview'
  1 | import Link from "next/link";
  2 | import { ArrowUpRight } from "lucide-react";
> 3 | import { VisualPreview } from "@/components/portfolio/visual-preview";
    | ^^^^^^^^^^^^^^^^^^^^^^^^^^^^^^^^^^^^^^^^^^^^^^^^^^^^^^^^^^^^^^^^^^^^^^
  4 | import { Badge } from "@/components/ui/badge";
  5 | import { watchEntries } from "@/lib/data";
  6 |

Import map: aliased to relative './components/portfolio/visual-preview' inside of [project]/

https://nextjs.org/docs/messages/module-not-found @ http://127.0.0.1:3000/Portfolio-bts/_next/static/chunks/node_modules_next_dist_0u_w_5s._.js:1945
[  509210ms] [ERROR] ./app/projets/page.tsx:3:1
Module not found: Can't resolve '@/components/portfolio/visual-preview'
  1 | import Link from "next/link";
  2 | import { ArrowUpRight } from "lucide-react";
> 3 | import { VisualPreview } from "@/components/portfolio/visual-preview";
    | ^^^^^^^^^^^^^^^^^^^^^^^^^^^^^^^^^^^^^^^^^^^^^^^^^^^^^^^^^^^^^^^^^^^^^^
  4 | import { competencies, projects, getCategoryLabel } from "@/lib/data";
  5 | import { getProjectCategorySections } from "@/lib/view-models/projects";
  6 |

Import map: aliased to relative './components/portfolio/visual-preview' inside of [project]/

https://nextjs.org/docs/messages/module-not-found @ http://127.0.0.1:3000/Portfolio-bts/_next/static/chunks/node_modules_next_dist_0u_w_5s._.js:1945
[  509210ms] [ERROR] ./app/veille/page.tsx:3:1
Module not found: Can't resolve '@/components/portfolio/visual-preview'
  1 | import Link from "next/link";
  2 | import { ArrowUpRight } from "lucide-react";
> 3 | import { VisualPreview } from "@/components/portfolio/visual-preview";
    | ^^^^^^^^^^^^^^^^^^^^^^^^^^^^^^^^^^^^^^^^^^^^^^^^^^^^^^^^^^^^^^^^^^^^^^
  4 | import { Badge } from "@/components/ui/badge";
  5 | import { watchEntries } from "@/lib/data";
  6 |

Import map: aliased to relative './components/portfolio/visual-preview' inside of [project]/

https://nextjs.org/docs/messages/module-not-found @ http://127.0.0.1:3000/Portfolio-bts/_next/static/chunks/node_modules_next_dist_0u_w_5s._.js:1945
[  509273ms] [ERROR] ./app/projets/page.tsx:3:1
Module not found: Can't resolve '@/components/portfolio/visual-preview'
  1 | import Link from "next/link";
  2 | import { ArrowUpRight } from "lucide-react";
> 3 | import { VisualPreview } from "@/components/portfolio/visual-preview";
    | ^^^^^^^^^^^^^^^^^^^^^^^^^^^^^^^^^^^^^^^^^^^^^^^^^^^^^^^^^^^^^^^^^^^^^^
  4 | import { competencies, projects, getCategoryLabel } from "@/lib/data";
  5 | import { getProjectCategorySections } from "@/lib/view-models/projects";
  6 |

Import map: aliased to relative './components/portfolio/visual-preview' inside of [project]/

https://nextjs.org/docs/messages/module-not-found @ http://127.0.0.1:3000/Portfolio-bts/_next/static/chunks/node_modules_next_dist_0u_w_5s._.js:1945
[  509273ms] [ERROR] ./app/veille/page.tsx:3:1
Module not found: Can't resolve '@/components/portfolio/visual-preview'
  1 | import Link from "next/link";
  2 | import { ArrowUpRight } from "lucide-react";
> 3 | import { VisualPreview } from "@/components/portfolio/visual-preview";
    | ^^^^^^^^^^^^^^^^^^^^^^^^^^^^^^^^^^^^^^^^^^^^^^^^^^^^^^^^^^^^^^^^^^^^^^
  4 | import { Badge } from "@/components/ui/badge";
  5 | import { watchEntries } from "@/lib/data";
  6 |

Import map: aliased to relative './components/portfolio/visual-preview' inside of [project]/

https://nextjs.org/docs/messages/module-not-found @ http://127.0.0.1:3000/Portfolio-bts/_next/static/chunks/node_modules_next_dist_0u_w_5s._.js:1945
[  509335ms] [ERROR] ./app/projets/page.tsx:3:1
Module not found: Can't resolve '@/components/portfolio/visual-preview'
  1 | import Link from "next/link";
  2 | import { ArrowUpRight } from "lucide-react";
> 3 | import { VisualPreview } from "@/components/portfolio/visual-preview";
    | ^^^^^^^^^^^^^^^^^^^^^^^^^^^^^^^^^^^^^^^^^^^^^^^^^^^^^^^^^^^^^^^^^^^^^^
  4 | import { competencies, projects, getCategoryLabel } from "@/lib/data";
  5 | import { getProjectCategorySections } from "@/lib/view-models/projects";
  6 |

Import map: aliased to relative './components/portfolio/visual-preview' inside of [project]/

https://nextjs.org/docs/messages/module-not-found @ http://127.0.0.1:3000/Portfolio-bts/_next/static/chunks/node_modules_next_dist_0u_w_5s._.js:1945
[  509335ms] [ERROR] ./app/veille/page.tsx:3:1
Module not found: Can't resolve '@/components/portfolio/visual-preview'
  1 | import Link from "next/link";
  2 | import { ArrowUpRight } from "lucide-react";
> 3 | import { VisualPreview } from "@/components/portfolio/visual-preview";
    | ^^^^^^^^^^^^^^^^^^^^^^^^^^^^^^^^^^^^^^^^^^^^^^^^^^^^^^^^^^^^^^^^^^^^^^
  4 | import { Badge } from "@/components/ui/badge";
  5 | import { watchEntries } from "@/lib/data";
  6 |

Import map: aliased to relative './components/portfolio/visual-preview' inside of [project]/

https://nextjs.org/docs/messages/module-not-found @ http://127.0.0.1:3000/Portfolio-bts/_next/static/chunks/node_modules_next_dist_0u_w_5s._.js:1945
[  509398ms] [ERROR] ./app/projets/page.tsx:3:1
Module not found: Can't resolve '@/components/portfolio/visual-preview'
  1 | import Link from "next/link";
  2 | import { ArrowUpRight } from "lucide-react";
> 3 | import { VisualPreview } from "@/components/portfolio/visual-preview";
    | ^^^^^^^^^^^^^^^^^^^^^^^^^^^^^^^^^^^^^^^^^^^^^^^^^^^^^^^^^^^^^^^^^^^^^^
  4 | import { competencies, projects, getCategoryLabel } from "@/lib/data";
  5 | import { getProjectCategorySections } from "@/lib/view-models/projects";
  6 |

Import map: aliased to relative './components/portfolio/visual-preview' inside of [project]/

https://nextjs.org/docs/messages/module-not-found @ http://127.0.0.1:3000/Portfolio-bts/_next/static/chunks/node_modules_next_dist_0u_w_5s._.js:1945
[  509398ms] [ERROR] ./app/veille/page.tsx:3:1
Module not found: Can't resolve '@/components/portfolio/visual-preview'
  1 | import Link from "next/link";
  2 | import { ArrowUpRight } from "lucide-react";
> 3 | import { VisualPreview } from "@/components/portfolio/visual-preview";
    | ^^^^^^^^^^^^^^^^^^^^^^^^^^^^^^^^^^^^^^^^^^^^^^^^^^^^^^^^^^^^^^^^^^^^^^
  4 | import { Badge } from "@/components/ui/badge";
  5 | import { watchEntries } from "@/lib/data";
  6 |

Import map: aliased to relative './components/portfolio/visual-preview' inside of [project]/

https://nextjs.org/docs/messages/module-not-found @ http://127.0.0.1:3000/Portfolio-bts/_next/static/chunks/node_modules_next_dist_0u_w_5s._.js:1945
[  509461ms] [ERROR] ./app/projets/page.tsx:3:1
Module not found: Can't resolve '@/components/portfolio/visual-preview'
  1 | import Link from "next/link";
  2 | import { ArrowUpRight } from "lucide-react";
> 3 | import { VisualPreview } from "@/components/portfolio/visual-preview";
    | ^^^^^^^^^^^^^^^^^^^^^^^^^^^^^^^^^^^^^^^^^^^^^^^^^^^^^^^^^^^^^^^^^^^^^^
  4 | import { competencies, projects, getCategoryLabel } from "@/lib/data";
  5 | import { getProjectCategorySections } from "@/lib/view-models/projects";
  6 |

Import map: aliased to relative './components/portfolio/visual-preview' inside of [project]/

https://nextjs.org/docs/messages/module-not-found @ http://127.0.0.1:3000/Portfolio-bts/_next/static/chunks/node_modules_next_dist_0u_w_5s._.js:1945
[  509462ms] [ERROR] ./app/veille/page.tsx:3:1
Module not found: Can't resolve '@/components/portfolio/visual-preview'
  1 | import Link from "next/link";
  2 | import { ArrowUpRight } from "lucide-react";
> 3 | import { VisualPreview } from "@/components/portfolio/visual-preview";
    | ^^^^^^^^^^^^^^^^^^^^^^^^^^^^^^^^^^^^^^^^^^^^^^^^^^^^^^^^^^^^^^^^^^^^^^
  4 | import { Badge } from "@/components/ui/badge";
  5 | import { watchEntries } from "@/lib/data";
  6 |

Import map: aliased to relative './components/portfolio/visual-preview' inside of [project]/

https://nextjs.org/docs/messages/module-not-found @ http://127.0.0.1:3000/Portfolio-bts/_next/static/chunks/node_modules_next_dist_0u_w_5s._.js:1945
[  509525ms] [ERROR] ./app/projets/page.tsx:3:1
Module not found: Can't resolve '@/components/portfolio/visual-preview'
  1 | import Link from "next/link";
  2 | import { ArrowUpRight } from "lucide-react";
> 3 | import { VisualPreview } from "@/components/portfolio/visual-preview";
    | ^^^^^^^^^^^^^^^^^^^^^^^^^^^^^^^^^^^^^^^^^^^^^^^^^^^^^^^^^^^^^^^^^^^^^^
  4 | import { competencies, projects, getCategoryLabel } from "@/lib/data";
  5 | import { getProjectCategorySections } from "@/lib/view-models/projects";
  6 |

Import map: aliased to relative './components/portfolio/visual-preview' inside of [project]/

https://nextjs.org/docs/messages/module-not-found @ http://127.0.0.1:3000/Portfolio-bts/_next/static/chunks/node_modules_next_dist_0u_w_5s._.js:1945
[  509525ms] [ERROR] ./app/veille/page.tsx:3:1
Module not found: Can't resolve '@/components/portfolio/visual-preview'
  1 | import Link from "next/link";
  2 | import { ArrowUpRight } from "lucide-react";
> 3 | import { VisualPreview } from "@/components/portfolio/visual-preview";
    | ^^^^^^^^^^^^^^^^^^^^^^^^^^^^^^^^^^^^^^^^^^^^^^^^^^^^^^^^^^^^^^^^^^^^^^
  4 | import { Badge } from "@/components/ui/badge";
  5 | import { watchEntries } from "@/lib/data";
  6 |

Import map: aliased to relative './components/portfolio/visual-preview' inside of [project]/

https://nextjs.org/docs/messages/module-not-found @ http://127.0.0.1:3000/Portfolio-bts/_next/static/chunks/node_modules_next_dist_0u_w_5s._.js:1945
[  509588ms] [ERROR] ./app/projets/page.tsx:3:1
Module not found: Can't resolve '@/components/portfolio/visual-preview'
  1 | import Link from "next/link";
  2 | import { ArrowUpRight } from "lucide-react";
> 3 | import { VisualPreview } from "@/components/portfolio/visual-preview";
    | ^^^^^^^^^^^^^^^^^^^^^^^^^^^^^^^^^^^^^^^^^^^^^^^^^^^^^^^^^^^^^^^^^^^^^^
  4 | import { competencies, projects, getCategoryLabel } from "@/lib/data";
  5 | import { getProjectCategorySections } from "@/lib/view-models/projects";
  6 |

Import map: aliased to relative './components/portfolio/visual-preview' inside of [project]/

https://nextjs.org/docs/messages/module-not-found @ http://127.0.0.1:3000/Portfolio-bts/_next/static/chunks/node_modules_next_dist_0u_w_5s._.js:1945
[  509588ms] [ERROR] ./app/veille/page.tsx:3:1
Module not found: Can't resolve '@/components/portfolio/visual-preview'
  1 | import Link from "next/link";
  2 | import { ArrowUpRight } from "lucide-react";
> 3 | import { VisualPreview } from "@/components/portfolio/visual-preview";
    | ^^^^^^^^^^^^^^^^^^^^^^^^^^^^^^^^^^^^^^^^^^^^^^^^^^^^^^^^^^^^^^^^^^^^^^
  4 | import { Badge } from "@/components/ui/badge";
  5 | import { watchEntries } from "@/lib/data";
  6 |

Import map: aliased to relative './components/portfolio/visual-preview' inside of [project]/

https://nextjs.org/docs/messages/module-not-found @ http://127.0.0.1:3000/Portfolio-bts/_next/static/chunks/node_modules_next_dist_0u_w_5s._.js:1945
[  509651ms] [ERROR] ./app/projets/page.tsx:3:1
Module not found: Can't resolve '@/components/portfolio/visual-preview'
  1 | import Link from "next/link";
  2 | import { ArrowUpRight } from "lucide-react";
> 3 | import { VisualPreview } from "@/components/portfolio/visual-preview";
    | ^^^^^^^^^^^^^^^^^^^^^^^^^^^^^^^^^^^^^^^^^^^^^^^^^^^^^^^^^^^^^^^^^^^^^^
  4 | import { competencies, projects, getCategoryLabel } from "@/lib/data";
  5 | import { getProjectCategorySections } from "@/lib/view-models/projects";
  6 |

Import map: aliased to relative './components/portfolio/visual-preview' inside of [project]/

https://nextjs.org/docs/messages/module-not-found @ http://127.0.0.1:3000/Portfolio-bts/_next/static/chunks/node_modules_next_dist_0u_w_5s._.js:1945
[  509651ms] [ERROR] ./app/veille/page.tsx:3:1
Module not found: Can't resolve '@/components/portfolio/visual-preview'
  1 | import Link from "next/link";
  2 | import { ArrowUpRight } from "lucide-react";
> 3 | import { VisualPreview } from "@/components/portfolio/visual-preview";
    | ^^^^^^^^^^^^^^^^^^^^^^^^^^^^^^^^^^^^^^^^^^^^^^^^^^^^^^^^^^^^^^^^^^^^^^
  4 | import { Badge } from "@/components/ui/badge";
  5 | import { watchEntries } from "@/lib/data";
  6 |

Import map: aliased to relative './components/portfolio/visual-preview' inside of [project]/

https://nextjs.org/docs/messages/module-not-found @ http://127.0.0.1:3000/Portfolio-bts/_next/static/chunks/node_modules_next_dist_0u_w_5s._.js:1945
[  509713ms] [ERROR] ./app/projets/page.tsx:3:1
Module not found: Can't resolve '@/components/portfolio/visual-preview'
  1 | import Link from "next/link";
  2 | import { ArrowUpRight } from "lucide-react";
> 3 | import { VisualPreview } from "@/components/portfolio/visual-preview";
    | ^^^^^^^^^^^^^^^^^^^^^^^^^^^^^^^^^^^^^^^^^^^^^^^^^^^^^^^^^^^^^^^^^^^^^^
  4 | import { competencies, projects, getCategoryLabel } from "@/lib/data";
  5 | import { getProjectCategorySections } from "@/lib/view-models/projects";
  6 |

Import map: aliased to relative './components/portfolio/visual-preview' inside of [project]/

https://nextjs.org/docs/messages/module-not-found @ http://127.0.0.1:3000/Portfolio-bts/_next/static/chunks/node_modules_next_dist_0u_w_5s._.js:1945
[  509713ms] [ERROR] ./app/veille/page.tsx:3:1
Module not found: Can't resolve '@/components/portfolio/visual-preview'
  1 | import Link from "next/link";
  2 | import { ArrowUpRight } from "lucide-react";
> 3 | import { VisualPreview } from "@/components/portfolio/visual-preview";
    | ^^^^^^^^^^^^^^^^^^^^^^^^^^^^^^^^^^^^^^^^^^^^^^^^^^^^^^^^^^^^^^^^^^^^^^
  4 | import { Badge } from "@/components/ui/badge";
  5 | import { watchEntries } from "@/lib/data";
  6 |

Import map: aliased to relative './components/portfolio/visual-preview' inside of [project]/

https://nextjs.org/docs/messages/module-not-found @ http://127.0.0.1:3000/Portfolio-bts/_next/static/chunks/node_modules_next_dist_0u_w_5s._.js:1945
[  509776ms] [ERROR] ./app/projets/page.tsx:3:1
Module not found: Can't resolve '@/components/portfolio/visual-preview'
  1 | import Link from "next/link";
  2 | import { ArrowUpRight } from "lucide-react";
> 3 | import { VisualPreview } from "@/components/portfolio/visual-preview";
    | ^^^^^^^^^^^^^^^^^^^^^^^^^^^^^^^^^^^^^^^^^^^^^^^^^^^^^^^^^^^^^^^^^^^^^^
  4 | import { competencies, projects, getCategoryLabel } from "@/lib/data";
  5 | import { getProjectCategorySections } from "@/lib/view-models/projects";
  6 |

Import map: aliased to relative './components/portfolio/visual-preview' inside of [project]/

https://nextjs.org/docs/messages/module-not-found @ http://127.0.0.1:3000/Portfolio-bts/_next/static/chunks/node_modules_next_dist_0u_w_5s._.js:1945
[  509776ms] [ERROR] ./app/veille/page.tsx:3:1
Module not found: Can't resolve '@/components/portfolio/visual-preview'
  1 | import Link from "next/link";
  2 | import { ArrowUpRight } from "lucide-react";
> 3 | import { VisualPreview } from "@/components/portfolio/visual-preview";
    | ^^^^^^^^^^^^^^^^^^^^^^^^^^^^^^^^^^^^^^^^^^^^^^^^^^^^^^^^^^^^^^^^^^^^^^
  4 | import { Badge } from "@/components/ui/badge";
  5 | import { watchEntries } from "@/lib/data";
  6 |

Import map: aliased to relative './components/portfolio/visual-preview' inside of [project]/

https://nextjs.org/docs/messages/module-not-found @ http://127.0.0.1:3000/Portfolio-bts/_next/static/chunks/node_modules_next_dist_0u_w_5s._.js:1945
[  509838ms] [ERROR] ./app/projets/page.tsx:3:1
Module not found: Can't resolve '@/components/portfolio/visual-preview'
  1 | import Link from "next/link";
  2 | import { ArrowUpRight } from "lucide-react";
> 3 | import { VisualPreview } from "@/components/portfolio/visual-preview";
    | ^^^^^^^^^^^^^^^^^^^^^^^^^^^^^^^^^^^^^^^^^^^^^^^^^^^^^^^^^^^^^^^^^^^^^^
  4 | import { competencies, projects, getCategoryLabel } from "@/lib/data";
  5 | import { getProjectCategorySections } from "@/lib/view-models/projects";
  6 |

Import map: aliased to relative './components/portfolio/visual-preview' inside of [project]/

https://nextjs.org/docs/messages/module-not-found @ http://127.0.0.1:3000/Portfolio-bts/_next/static/chunks/node_modules_next_dist_0u_w_5s._.js:1945
[  509838ms] [ERROR] ./app/veille/page.tsx:3:1
Module not found: Can't resolve '@/components/portfolio/visual-preview'
  1 | import Link from "next/link";
  2 | import { ArrowUpRight } from "lucide-react";
> 3 | import { VisualPreview } from "@/components/portfolio/visual-preview";
    | ^^^^^^^^^^^^^^^^^^^^^^^^^^^^^^^^^^^^^^^^^^^^^^^^^^^^^^^^^^^^^^^^^^^^^^
  4 | import { Badge } from "@/components/ui/badge";
  5 | import { watchEntries } from "@/lib/data";
  6 |

Import map: aliased to relative './components/portfolio/visual-preview' inside of [project]/

https://nextjs.org/docs/messages/module-not-found @ http://127.0.0.1:3000/Portfolio-bts/_next/static/chunks/node_modules_next_dist_0u_w_5s._.js:1945
[  509963ms] [LOG] [Fast Refresh] rebuilding @ http://127.0.0.1:3000/Portfolio-bts/_next/static/chunks/node_modules_next_dist_0u_w_5s._.js:1226
[  510081ms] [LOG] [Fast Refresh] done in 220ms @ http://127.0.0.1:3000/Portfolio-bts/_next/static/chunks/node_modules_next_dist_0u_w_5s._.js:1226
[  510211ms] [LOG] [Fast Refresh] rebuilding @ http://127.0.0.1:3000/Portfolio-bts/_next/static/chunks/node_modules_next_dist_0u_w_5s._.js:1226
[  510504ms] [LOG] [Fast Refresh] done in 393ms @ http://127.0.0.1:3000/Portfolio-bts/_next/static/chunks/node_modules_next_dist_0u_w_5s._.js:1226
[  510617ms] [INFO] %cDownload the React DevTools for a better development experience: https://react.dev/link/react-devtools font-weight:bold @ http://127.0.0.1:3000/Portfolio-bts/_next/static/chunks/node_modules_next_dist_115brz8._.js:2431
[  510671ms] [LOG] [HMR] connected @ http://127.0.0.1:3000/Portfolio-bts/_next/static/chunks/node_modules_next_dist_115brz8._.js:2431
[  516856ms] [LOG] [Fast Refresh] rebuilding @ http://127.0.0.1:3000/Portfolio-bts/_next/static/chunks/node_modules_next_dist_115brz8._.js:2431
[  516956ms] [LOG] [Fast Refresh] done in 44ms @ http://127.0.0.1:3000/Portfolio-bts/_next/static/chunks/node_modules_next_dist_115brz8._.js:2431
[  522366ms] [LOG] [Fast Refresh] rebuilding @ http://127.0.0.1:3000/Portfolio-bts/_next/static/chunks/node_modules_next_dist_115brz8._.js:2431
[  522563ms] [LOG] [Fast Refresh] done in 78ms @ http://127.0.0.1:3000/Portfolio-bts/_next/static/chunks/node_modules_next_dist_115brz8._.js:2431
[  553194ms] [LOG] [Fast Refresh] rebuilding @ http://127.0.0.1:3000/Portfolio-bts/_next/static/chunks/node_modules_next_dist_115brz8._.js:2431
[  553517ms] [LOG] [Fast Refresh] done in 161ms @ http://127.0.0.1:3000/Portfolio-bts/_next/static/chunks/node_modules_next_dist_115brz8._.js:2431
[  553712ms] [LOG] [Fast Refresh] rebuilding @ http://127.0.0.1:3000/Portfolio-bts/_next/static/chunks/node_modules_next_dist_115brz8._.js:2431
[  553733ms] [LOG] [Fast Refresh] done in 122ms @ http://127.0.0.1:3000/Portfolio-bts/_next/static/chunks/node_modules_next_dist_115brz8._.js:2431
[  553835ms] [LOG] [Fast Refresh] rebuilding @ http://127.0.0.1:3000/Portfolio-bts/_next/static/chunks/node_modules_next_dist_115brz8._.js:2431
[  553859ms] [LOG] [Fast Refresh] done in 124ms @ http://127.0.0.1:3000/Portfolio-bts/_next/static/chunks/node_modules_next_dist_115brz8._.js:2431
[  564971ms] [LOG] [Fast Refresh] rebuilding @ http://127.0.0.1:3000/Portfolio-bts/_next/static/chunks/node_modules_next_dist_115brz8._.js:2431
[  565147ms] [LOG] [Fast Refresh] done in 119ms @ http://127.0.0.1:3000/Portfolio-bts/_next/static/chunks/node_modules_next_dist_115brz8._.js:2431
[  565265ms] [LOG] [Fast Refresh] rebuilding @ http://127.0.0.1:3000/Portfolio-bts/_next/static/chunks/node_modules_next_dist_115brz8._.js:2431
[  565295ms] [LOG] [Fast Refresh] done in 142ms @ http://127.0.0.1:3000/Portfolio-bts/_next/static/chunks/node_modules_next_dist_115brz8._.js:2431
[  586584ms] [LOG] [Fast Refresh] rebuilding @ http://127.0.0.1:3000/Portfolio-bts/_next/static/chunks/node_modules_next_dist_115brz8._.js:2431
[  586662ms] [LOG] [Fast Refresh] done in 184ms @ http://127.0.0.1:3000/Portfolio-bts/_next/static/chunks/node_modules_next_dist_115brz8._.js:2431
[  587222ms] [LOG] [Fast Refresh] rebuilding @ http://127.0.0.1:3000/Portfolio-bts/_next/static/chunks/node_modules_next_dist_115brz8._.js:2431
[  587376ms] [LOG] [Fast Refresh] done in 263ms @ http://127.0.0.1:3000/Portfolio-bts/_next/static/chunks/node_modules_next_dist_115brz8._.js:2431
